ticker,date,open,high,low,close,adj_close,volume,sector,beta,pe_ratio,debt_to_equity,interest_rate,vix
AAPL,2015-01-01,99.27073702390163,99.52918694178095,98.58659144889938,99.2043455842609,99.2043455842609,4812651,technology,0.8,18.236948611545948,0.39545161174712234,0.021190305703510118,18.224297307181594
AAPL,2015-01-02,98.80944623717996,99.128097256068,97.64769650396002,98.3864197052561,98.3864197052561,4838411,technology,0.8,17.916551216773406,0.36769898218830427,0.01699420843883135,18.65095696991723
AAPL,2015-01-05,96.91437087767132,97.14937160916995,96.11883369998044,96.88776931993843,96.88776931993843,2557140,technology,0.8,17.56001229547029,0.4197706372570293,0.019467632982812077,18.432513795607903
AAPL,2015-01-06,96.04353992386078,96.50441772054903,95.67327666917335,95.87649131345445,95.87649131345445,2716061,technology,0.8,15.04438117565493,0.40729050075985607,0.021150871046810057,17.340483778714706
AAPL,2015-01-07,97.00222944680326,97.68164531417733,96.10613903493525,97.01875655154227,97.01875655154227,4399422,technology,0.8,16.75268253030583,0.3854796980459805,0.01985007729148396,18.877336726861575
AAPL,2015-01-08,94.62372235126743,94.88821273084208,94.20928028547264,94.67212089264243,94.67212089264243,2645428,technology,0.8,19.120840651403167,0.39438799106323874,0.01874301903845096,17.505849821505294
AAPL,2015-01-09,93.3333414280383,93.86151835124907,92.73692863699881,93.5521080923419,93.5521080923419,2509243,technology,0.8,17.33537399993687,0.3699866119443632,0.019157308963387933,17.777961605154104
AAPL,2015-01-12,95.57532443246588,96.46454254919645,95.44990114904529,95.45210492107718,95.45210492107718,2966107,technology,0.8,18.360591677656842,0.37949179744444195,0.021319792775609324,17.405253033969945
AAPL,2015-01-13,98.60742470824007,98.90798912730568,97.6278896140939,98.85997354021431,98.85997354021431,3555638,technology,0.8,16.609314570024743,0.38924377307285724,0.018413223502924167,19.699974216518974
AAPL,2015-01-14,97.1094302224417,97.55688096072805,96.64367952369456,96.91591282023076,96.91591282023076,3202750,technology,0.8,19.438705482359232,0.42456841624560304,0.02150556013861892,19.081735938448148
AAPL,2015-01-15,97.45073561032348,98.14415415615395,97.07419457095276,97.1344792462946,97.1344792462946,2870185,technology,0.8,17.855972339945325,0.3872099321822505,0.020363307942798715,19.10268177375912
AAPL,2015-01-16,98.22238681319945,98.3701663344074,97.66487916135338,98.11450067519087,98.11450067519087,2856642,technology,0.8,18.290040396483533,0.4128042731865752,0.019267855715582673,19.794135576305024
AAPL,2015-01-19,100.16670505083708,100.300290539153,100.03745989403262,100.25279675916026,100.25279675916026,2834943,technology,0.8,20.325779791881686,0.3892336759427684,0.019918976977906514,21.408657240623906
AAPL,2015-01-20,100.04997244238362,100.18824687862187,99.76170447095963,99.9139000278622,99.9139000278622,2741725,technology,0.8,19.516440100589403,0.4049589512170375,0.019526708713291666,16.935700171754295
AAPL,2015-01-21,99.8975439551946,100.9088693058836,99.26590895412662,99.99013673828914,99.99013673828914,5159377,technology,0.8,17.693434378712944,0.397172089957124,0.021451999259435937,17.955288836025787
AAPL,2015-01-22,100.62043857695306,100.62975581003273,99.94456476146077,100.33882348330599,100.33882348330599,3469434,technology,0.8,17.406779815129642,0.41746113200185486,0.021360042872524344,18.126036793589044
AAPL,2015-01-23,100.61038925473622,101.35673675978029,99.68290991628096,101.16621853918532,101.16621853918532,3903373,technology,0.8,17.67445498848047,0.38930377323562887,0.018950294933069562,17.93973255104791
AAPL,2015-01-26,99.9509669617682,100.08300091300251,99.63196695928615,100.0517012261411,100.0517012261411,2964397,technology,0.8,18.509898248476535,0.3685494349999512,0.020307704952610372,17.76108962875121
AAPL,2015-01-27,99.95855888308456,100.67038996424365,99.23267969185669,100.55914192095139,100.55914192095139,3149671,technology,0.8,17.89477586574913,0.37236101937272736,0.019889952412969533,18.58690755592865
AAPL,2015-01-28,98.46809074641291,99.52512827143921,98.01405494109679,98.91172789649735,98.91172789649735,2834253,technology,0.8,17.60475585499653,0.3893624501211449,0.02208848904795728,17.71759838718539
AAPL,2015-01-29,98.9348902912451,99.17395548050708,97.88147764442438,98.53173913889684,98.53173913889684,1923502,technology,0.8,19.467181250709043,0.375018800586439,0.019486720965555586,19.316626457925867
AAPL,2015-01-30,98.0327232571352,98.59073733128018,97.18383304420509,97.77015613077532,97.77015613077532,2481560,technology,0.8,17.885790108222164,0.40820424031359104,0.022482890192551123,19.080391743794966
AAPL,2015-02-02,98.72981138990126,99.52733402664927,98.26303266531463,98.94337479704414,98.94337479704414,2275877,technology,0.8,20.29958909303732,0.3906846367028385,0.02088720735253327,19.556545677549508
AAPL,2015-02-03,97.76762368123121,99.04454071528194,96.83877152549701,98.21030766127092,98.21030766127092,2084507,technology,0.8,18.090742563752173,0.44749213100052865,0.01980040868985422,19.629770307033382
AAPL,2015-02-04,97.62096808606012,98.501629442895,97.28640771023973,98.49695931504763,98.49695931504763,2573888,technology,0.8,19.785318394224728,0.36524570809725737,0.020326909916409133,19.77126188035263
AAPL,2015-02-05,99.32041001370277,100.33156933135959,99.14437898717215,99.48261507693789,99.48261507693789,4260900,technology,0.8,18.357319422710628,0.404072663574196,0.02024440626383406,18.840734753859493
AAPL,2015-02-06,100.81182832489351,101.43597359542892,99.40641496705815,100.08508599098953,100.08508599098953,3240093,technology,0.8,18.962960573249447,0.37744093952988667,0.019813247706771106,21.380838502745085
AAPL,2015-02-09,100.93903904249026,101.10331075346886,99.9546809840219,100.80752022751366,100.80752022751366,4231693,technology,0.8,17.275388948482277,0.39013197319234644,0.021224533972701087,19.53932771881579
AAPL,2015-02-10,101.0365537597873,101.98871323172307,100.99588276819257,101.20645073478916,101.20645073478916,3549071,technology,0.8,17.146240777412586,0.40282838946681093,0.01994363256646297,17.487250889043203
AAPL,2015-02-11,101.69719172848251,102.56720260195823,101.09887065942378,101.55549737250078,101.55549737250078,3822869,technology,0.8,18.459705955014986,0.3534925725025143,0.019033022912600724,18.391824017347737
AAPL,2015-02-12,101.8002656308321,102.53928519389652,100.89171079200793,102.27922646951832,102.27922646951832,2730023,technology,0.8,18.988553242465315,0.4047365223357606,0.02087555365467484,17.69777362678479
AAPL,2015-02-13,102.31189710323683,103.34411220550085,101.54494807317776,102.40323772821426,102.40323772821426,3630170,technology,0.8,18.040256502000464,0.43805814924548336,0.01949421493328923,19.499288585628495
AAPL,2015-02-16,101.97229223342673,102.4357128923274,100.930802146925,101.9418694747172,101.9418694747172,3781921,technology,0.8,16.713606664916302,0.39093123403262814,0.020586751265823693,19.40341442874057
AAPL,2015-02-17,103.93266779856455,104.58683791685174,103.3803552471215,103.95952074606227,103.95952074606227,2912931,technology,0.8,16.639741633710674,0.40519615713611024,0.020471650249471958,19.09963598889252
AAPL,2015-02-18,106.70057199535675,107.75119867987641,105.7454802688381,106.44803272758823,106.44803272758823,3656101,technology,0.8,16.572863597813758,0.420498433862508,0.020551378070233602,21.6213942705824
AAPL,2015-02-19,107.96305347313194,108.35337886303785,107.52531226874243,107.85154191594135,107.85154191594135,3660965,technology,0.8,16.23237788706062,0.39672092999946007,0.02346539824803367,20.20141016173782
AAPL,2015-02-20,107.03132323610826,107.90165844395761,105.80502658930382,106.8171571801368,106.8171571801368,2928759,technology,0.8,18.10948535944709,0.3883807962293704,0.021562687717797187,20.420025781631438
AAPL,2015-02-23,104.58427910154685,105.1343893221493,104.20114977174687,104.80070480257989,104.80070480257989,2611528,technology,0.8,19.125043921708027,0.354485271925565,0.02179348816380705,18.803883540264625
AAPL,2015-02-24,106.00091998339448,106.84809366960215,104.93545383175461,105.71617913974461,105.71617913974461,2579675,technology,0.8,17.98658421307519,0.4128198143878995,0.01981355986265352,18.776359823545246
AAPL,2015-02-25,107.10504862294523,107.74846497883759,106.15450811005292,106.58419183858967,106.58419183858967,3326067,technology,0.8,15.739585242662148,0.39773663180542207,0.020977836029542996,19.852364716305072
AAPL,2015-02-26,107.49815291791195,108.0451912652318,106.89420794535106,107.81193400587743,107.81193400587743,3489963,technology,0.8,17.80923953966545,0.37974632297223676,0.02188894279730553,20.028116548861437
AAPL,2015-02-27,105.7457255742735,106.46707154187087,104.98458631005805,106.02808759249223,106.02808759249223,2789840,technology,0.8,17.837201003367394,0.4025319342055539,0.020690952258635112,18.03783273785494
AAPL,2015-03-02,107.16620779422779,107.50660585817835,106.1952405468833,106.73846906903215,106.73846906903215,3286445,technology,0.8,20.09599875022544,0.3883263928638764,0.022665385019250205,19.75234603886354
AAPL,2015-03-03,107.47648043624123,107.62220717458243,106.5015759775605,107.53821080617436,107.53821080617436,3664151,technology,0.8,16.542862087080444,0.3894314773776895,0.02059646659401529,19.98469706568448
AAPL,2015-03-04,106.68748118137715,106.71931114611277,105.79458939551338,106.24005499568534,106.24005499568534,3699240,technology,0.8,17.609322397400803,0.41212582312217416,0.021554638048235243,19.79290035498027
AAPL,2015-03-05,105.70254544807653,106.20978707747895,105.0185740865624,105.84306345438044,105.84306345438044,4458736,technology,0.8,19.705852680544563,0.37323235177352315,0.02129679354830896,19.231525867723324
AAPL,2015-03-06,107.34972841268036,107.3701615186681,106.51724094962476,106.88316876700368,106.88316876700368,4220213,technology,0.8,18.449978341346547,0.4209463057214752,0.022089006851850536,19.541679838316224
AAPL,2015-03-09,107.20149843181106,107.37890378765994,106.72185113821436,107.15922867567906,107.15922867567906,2675753,technology,0.8,18.563313073516426,0.37204627673763196,0.021326037124797297,19.940076464930698
AAPL,2015-03-10,107.42708697583107,108.20613029265576,106.87156201020812,107.34392908633468,107.34392908633468,4577745,technology,0.8,18.11458443702388,0.3867459718328947,0.02173747457376588,20.242868296308615
AAPL,2015-03-11,107.8030392148074,108.56638308728799,107.16436936544025,107.29935949028315,107.29935949028315,2939660,technology,0.8,18.329943538657265,0.43845892388133156,0.021814079113242936,20.791394686539554
AAPL,2015-03-12,107.11839420001218,108.0267923626109,107.020141267903,107.23477732979183,107.23477732979183,4028781,technology,0.8,18.777609530278536,0.42254709523284845,0.02135766245181372,21.301386764538982
AAPL,2015-03-13,107.65258938738098,108.2997829445656,106.93401920121366,107.95739265030593,107.95739265030593,3313770,technology,0.8,17.190513681107234,0.4019520798499088,0.022618985081886235,19.959493491893628
AAPL,2015-03-16,108.62443907198521,109.73889253316797,107.9123866056927,108.77081115026587,108.77081115026587,3010359,technology,0.8,18.8780585789082,0.3811893956899757,0.022414120592410647,19.83036962262616
AAPL,2015-03-17,105.40789795586946,106.03384225396606,104.56724082132965,105.26505308389117,105.26505308389117,2277207,technology,0.8,16.62699698311446,0.38941455386600216,0.022128959276504153,20.75623096423802
AAPL,2015-03-18,104.15542494251181,104.77886358298097,104.1348371173691,104.64698082130359,104.64698082130359,3158750,technology,0.8,18.32836797283154,0.40146550629171396,0.021828955892479466,20.960825645293305
AAPL,2015-03-19,104.62279079738174,104.77315327189315,104.08210044575485,104.42309075162457,104.42309075162457,2393155,technology,0.8,18.178740963286327,0.400750464646792,0.023097799260645518,19.946532976487937
AAPL,2015-03-20,104.45372066321107,105.34796000204163,104.24710091791063,104.62282399341854,104.62282399341854,3966758,technology,0.8,17.38370691180789,0.39818258140748075,0.022107261990495442,21.201218268049406
AAPL,2015-03-23,105.68255702379163,105.86532859804122,104.50034624152892,105.31989449879313,105.31989449879313,4427557,technology,0.8,17.977314724674354,0.39938334971831635,0.022078239950667787,21.419831855524095
AAPL,2015-03-24,101.78054605557486,103.03696327063425,100.90459173351358,102.51690250633163,102.51690250633163,2787394,technology,0.8,17.377459847334446,0.39571249780589773,0.02253146827256595,21.760676872748434
AAPL,2015-03-25,103.43183033971597,104.70471226248456,103.17668431046205,103.67647544151313,103.67647544151313,3472530,technology,0.8,16.928298673138254,0.3711604252871998,0.024165205929832775,22.275369391738145
AAPL,2015-03-26,104.07944805249126,104.61289810798007,103.38435433413906,104.60870580453476,104.60870580453476,2827551,technology,0.8,17.646385258386356,0.38966978515678335,0.021170104043024822,19.65799681576425
AAPL,2015-03-27,102.23432711735958,102.50535620353341,102.10207392570386,102.48836383584138,102.48836383584138,2882887,technology,0.8,16.89601136462834,0.41829248107973693,0.02332215814828548,20.56497442357282
AAPL,2015-03-30,103.79001262652406,104.82073523950179,103.42758532710117,103.71295413979296,103.71295413979296,3816708,technology,0.8,18.32279746409325,0.37263331404897765,0.020700971098176122,20.588308554797237
AAPL,2015-03-31,103.72132137781604,104.38384159290837,103.57750710217299,103.77712024699832,103.77712024699832,3243917,technology,0.8,16.849914505847636,0.3962088897692145,0.02285325642182695,20.504196108249545
AAPL,2015-04-01,104.18936308526045,104.40094835591573,103.89396460432627,104.26862107443667,104.26862107443667,4629361,technology,0.8,18.71197702299105,0.38360492142458313,0.024252907095391157,19.97752273981994
AAPL,2015-04-02,103.5350407556042,104.51397408438667,102.83645199631317,103.58450801536038,103.58450801536038,2968458,technology,0.8,16.81852093207118,0.40222700858796223,0.023208333796433837,19.16500999305404
AAPL,2015-04-03,103.00870159550223,103.91556991176635,102.00874352842364,102.94588764659972,102.94588764659972,3992256,technology,0.8,17.433705084418992,0.39222733637866364,0.02293213135469042,20.766301526213308
AAPL,2015-04-06,103.93699468500697,104.81142357473097,103.72649898064685,104.25242165911617,104.25242165911617,3333331,technology,0.8,17.37539659178482,0.4295478732994934,0.022242897811531652,19.92757384892688
AAPL,2015-04-07,105.89443299677798,106.55287614121818,105.09753700744325,105.67035384177777,105.67035384177777,3832989,technology,0.8,19.325146728874838,0.4101316630838051,0.022876235485007383,20.80348156553977
AAPL,2015-04-08,107.99238891009334,108.28741028439151,107.02218003390293,107.77812622029901,107.77812622029901,2989355,technology,0.8,18.33028994561659,0.3737639366844558,0.022634966473299573,19.944248279082707
AAPL,2015-04-09,108.47428881478628,108.52908969613719,107.31664999936449,108.3491332343641,108.3491332343641,3236775,technology,0.8,17.788266197455606,0.413424560232274,0.022142893684955676,19.658676591916922
AAPL,2015-04-10,108.2535659962786,108.89720663516177,107.4138156269893,108.0731270678507,108.0731270678507,3194369,technology,0.8,18.498719441069724,0.3845069628747588,0.02268083568159626,21.01191022870453
AAPL,2015-04-13,109.7652634695863,110.0888022839956,109.3879709836005,109.66774099197218,109.66774099197218,2765656,technology,0.8,15.892807652670312,0.38846007257244936,0.02321093346188167,20.947038784708173
AAPL,2015-04-14,111.35567882216151,112.09465854347688,109.98767443502902,110.6799533674248,110.6799533674248,3731856,technology,0.8,17.956866410359094,0.4062763804021425,0.022287176236908693,21.393127937537336
AAPL,2015-04-15,111.90863062487095,112.87395314108876,111.54997335456335,111.93787803496144,111.93787803496144,3723035,technology,0.8,19.997514177804764,0.39016505160539733,0.022289952488938745,23.016656835162223
AAPL,2015-04-16,112.03093358146678,112.15460139620086,110.93736783242112,112.13423720880951,112.13423720880951,3681058,technology,0.8,18.132346506402673,0.4178571163264591,0.021777831876215358,21.124243389277606
AAPL,2015-04-17,111.66417049601293,112.58387450467453,111.21787545501192,111.91716851558893,111.91716851558893,4445456,technology,0.8,18.067913169169337,0.3845097987697321,0.023570641344080528,21.34740561224278
AAPL,2015-04-20,110.80477153368874,111.4060423035309,110.04528491367093,111.1489763511695,111.1489763511695,4368232,technology,0.8,18.548128379642197,0.3876210689481728,0.023767080584142793,19.79933743187091
AAPL,2015-04-21,112.6009651150871,114.0106210017271,112.57481063319175,113.02292664577543,113.02292664577543,3032843,technology,0.8,18.895605243314346,0.38687258212903786,0.02349525877059635,19.603767115715204
AAPL,2015-04-22,110.92938161079984,111.5080943633158,110.48559592253933,111.22595359695539,111.22595359695539,3522249,technology,0.8,16.00253330711014,0.38868722503289926,0.024270609823272598,22.48647685197073
AAPL,2015-04-23,112.65935096355675,113.37148004997421,111.67346040615493,112.68324444772682,112.68324444772682,2885705,technology,0.8,16.317673518208974,0.4219838311109563,0.023435147971808762,19.992333924156636
AAPL,2015-04-24,112.04151132153129,112.66170684454958,111.24623604596792,111.92925910336746,111.92925910336746,3284322,technology,0.8,18.210291291086147,0.4125759258722061,0.02378113227627789,19.883226002011337
AAPL,2015-04-27,113.27306956961677,113.7218195248404,112.75290258842179,113.25569318174058,113.25569318174058,2899503,technology,0.8,17.28512343810249,0.43419887908024146,0.023734799768733796,20.898614437676923
AAPL,2015-04-28,113.74404467691627,114.77839868083649,112.67947150941009,114.0058712256884,114.0058712256884,4519961,technology,0.8,19.312025262219915,0.4453528840779851,0.02338126332786213,20.85724821833045
AAPL,2015-04-29,115.87645393379466,116.71745005023115,114.57746452671213,115.56436615809585,115.56436615809585,3515666,technology,0.8,17.684825610114775,0.3793856593613532,0.022983822523334786,20.053842683522088
AAPL,2015-04-30,117.29110680910674,117.95607442415599,116.65440923356614,117.03150307979983,117.03150307979983,3129532,technology,0.8,16.065469264286882,0.4014083825465458,0.025770637971440448,20.659463340410767
AAPL,2015-05-01,114.44105833395733,115.36425789436115,113.81787137952057,114.49589556175694,114.49589556175694,4150435,technology,0.8,16.731986083156002,0.37647599366713136,0.02314637537997913,22.20107621039398
AAPL,2015-05-04,114.22895665916954,115.5786933092069,113.66943552197158,114.45314157098743,114.45314157098743,2117775,technology,0.8,15.250323980369425,0.38444788144503467,0.0229742896528963,20.17214536428097
AAPL,2015-05-05,113.47093407817627,113.9466863730592,112.56836109934356,113.2845488494134,113.2845488494134,2185116,technology,0.8,17.765874462717086,0.38739834979488663,0.024116018191650945,19.590077727439
AAPL,2015-05-06,113.04683627180103,113.62855613194849,112.60563340023235,112.98312274307882,112.98312274307882,3833035,technology,0.8,17.811615872735615,0.37885690251723453,0.023975703787679943,21.931126271079545
AAPL,2015-05-07,115.14015428912275,115.65697015951194,114.85897627445915,115.6425496747194,115.6425496747194,3308791,technology,0.8,17.5755372902181,0.37896225454203175,0.02236089882895871,21.4847818717502
AAPL,2015-05-08,116.46389536707416,117.41492692235323,115.40096219581739,116.48765194826956,116.48765194826956,3436930,technology,0.8,19.07887903902974,0.39711431242959494,0.024930209635316877,20.375087422215366
AAPL,2015-05-11,115.29293623261312,115.89272475207534,114.13804942562741,115.20237478912081,115.20237478912081,2507309,technology,0.8,19.198519836516695,0.3756656316322719,0.023755177809586407,19.41572801626098
AAPL,2015-05-12,113.47573772885886,114.24703736327196,112.51877086280416,113.78284723219849,113.78284723219849,3253862,technology,0.8,17.829611576643888,0.41684253918275266,0.02278028229390562,20.25472793612951
AAPL,2015-05-13,112.55542064178708,112.66130373554833,111.39095801779891,112.49135342119203,112.49135342119203,4880224,technology,0.8,15.865306332523144,0.3816449292516497,0.025121838507659314,20.945269982047922
AAPL,2015-05-14,109.27027596048313,110.72566454698219,108.45622166438145,109.74927309118439,109.74927309118439,3854839,technology,0.8,18.617281580492257,0.4561913794019279,0.024600570969085696,22.165436328172444
AAPL,2015-05-15,108.30614073103824,108.73395782833435,107.04884761971242,107.87372262485455,107.87372262485455,3381876,technology,0.8,18.555360228508576,0.3909723109807121,0.02275219440972573,19.96213883425486
AAPL,2015-05-18,107.94286979379082,108.67966795958218,106.72016388299326,107.54025521412754,107.54025521412754,2994204,technology,0.8,18.309391570156944,0.40144035283834106,0.025835760246115464,20.91232453972812
AAPL,2015-05-19,109.31017949264276,109.55645536327647,108.78482642860439,109.39305041709055,109.39305041709055,3020960,technology,0.8,18.981479749308114,0.37409317631067934,0.024759215778408037,21.669280255735544
AAPL,2015-05-20,109.63567473022782,110.68987615444112,109.01637286611016,109.5162622484934,109.5162622484934,2135391,technology,0.8,16.83517190353896,0.4341218351625528,0.024132063298600896,18.60932774523984
AAPL,2015-05-21,105.52403850766778,106.48217868526595,105.27054203951877,106.29250846048446,106.29250846048446,3441878,technology,0.8,20.00875538618514,0.4223900136160583,0.02577431922403182,22.020010041194194
AAPL,2015-05-22,107.34699998806947,107.93563569053349,106.65480592757753,107.72068768356466,107.72068768356466,3871283,technology,0.8,17.040572246858133,0.40593831741472225,0.02438523920642378,19.7985726015123
AAPL,2015-05-25,107.47940295975275,108.49825611136316,107.16844340482761,107.57421206732482,107.57421206732482,2385397,technology,0.8,18.749222927200854,0.3730639490244087,0.02423969935167421,21.30698992481434
AAPL,2015-05-26,108.37269508597689,109.71457144562872,108.09330116422414,108.72238967840487,108.72238967840487,2863962,technology,0.8,16.31265230558665,0.4042133375544924,0.023649323314940355,21.21482247039393
AAPL,2015-05-27,110.38244568198725,110.61661917886241,109.50096587191757,110.14638112024684,110.14638112024684,2593469,technology,0.8,17.06973531272995,0.37757137907965493,0.02493331487445352,22.045046137613237
AAPL,2015-05-28,107.97354230709617,108.48080296784873,106.89039435822845,107.33043021933388,107.33043021933388,2695056,technology,0.8,19.516368646725336,0.42924710526946724,0.024869908406654526,21.50288222151535
AAPL,2015-05-29,105.50757172114002,106.65795032653764,105.27666142764957,105.88131626683635,105.88131626683635,3304171,technology,0.8,17.739100176999152,0.41618389463706346,0.024449826583404357,18.565345474056222
AAPL,2015-06-01,106.14362131800918,107.34564466327272,105.27742990984423,106.41096719045512,106.41096719045512,2154608,technology,0.8,18.8399226051328,0.4019087807697547,0.023687001093831143,20.14771746383631
AAPL,2015-06-02,105.15398800526066,105.5525770307338,104.17548057479125,105.07976542732389,105.07976542732389,3696341,technology,0.8,18.236955388719245,0.35127248673505357,0.024648758306048922,21.059748021987865
AAPL,2015-06-03,106.18216101678149,106.73114348079609,105.49420379684227,105.67141425097788,105.67141425097788,3800985,technology,0.8,17.895041843999827,0.3803316804268194,0.02449087067030481,20.71479766725015
AAPL,2015-06-04,106.11768141154204,107.29824954109309,106.10971512239188,106.50826029591917,106.50826029591917,3108899,technology,0.8,19.363850324932688,0.4137552226319975,0.023269036141516847,21.37481469102927
AAPL,2015-06-05,107.89732464500607,108.68620080333157,107.45436934323423,107.81677383118237,107.81677383118237,1990424,technology,0.8,17.7633411753481,0.4242576738344631,0.023172539113110964,21.673192164595605
AAPL,2015-06-08,107.24254745284513,108.08221384182521,105.80914628683541,106.65976950595754,106.65976950595754,2678362,technology,0.8,16.219261892436528,0.42218339622984263,0.025251345847429017,21.478097948882777
AAPL,2015-06-09,106.0987215790673,107.23479222165841,105.20836883516705,106.62708838511882,106.62708838511882,4183172,technology,0.8,17.196759908048296,0.36815973995517093,0.02212614515775166,20.640394767929703
AAPL,2015-06-10,107.68044206962989,108.20896157407276,107.53148871541812,108.09587696774099,108.09587696774099,1875528,technology,0.8,18.551191728701696,0.4060310461362581,0.024975285003948706,18.992563251941764
AAPL,2015-06-11,107.8853558871148,108.99912894245853,107.04996084436176,108.02263319031493,108.02263319031493,3049521,technology,0.8,18.395509106362507,0.4203103043296586,0.024333632423417725,20.366861001633172
AAPL,2015-06-12,108.37591360656133,109.48497558298878,108.25051815815887,108.54543609546023,108.54543609546023,2581806,technology,0.8,16.432941749764563,0.36683328868835513,0.02616180309223556,21.221368420241827
AAPL,2015-06-15,109.21791894350714,110.08958435404942,108.5273323498891,108.95231457013685,108.95231457013685,3839735,technology,0.8,17.2756574805918,0.3998419096925353,0.024401929280385874,19.696431892461128
AAPL,2015-06-16,109.19635534891681,109.30540153433748,108.0275924012185,109.11724761845551,109.11724761845551,2856127,technology,0.8,17.418278650797753,0.4054768479661692,0.025596722707975746,21.399258632865664
AAPL,2015-06-17,108.19445871469792,108.99599661557534,107.98608611596906,108.77366610597679,108.77366610597679,3544085,technology,0.8,17.634530405885776,0.3939847083030653,0.024582165656670162,21.65671309112453
AAPL,2015-06-18,107.98095298774761,108.78389974841123,107.6482525563613,107.81424723393175,107.81424723393175,3660433,technology,0.8,16.624086411398448,0.362956762891976,0.025134668655578195,20.854759256772887
AAPL,2015-06-19,108.30022211061774,108.51329482711985,107.84232841138514,108.48819055721466,108.48819055721466,4719649,technology,0.8,17.371628891880523,0.3934860377985254,0.025799598037196204,17.642927170469083
AAPL,2015-06-22,110.42971360582163,111.51106856438223,109.32741935130477,110.00911118904246,110.00911118904246,3138989,technology,0.8,17.271389514740473,0.39345389139489956,0.02464204679413567,19.40668158471241
AAPL,2015-06-23,109.51947328637235,110.13988741564533,108.49776526318891,109.72606141206592,109.72606141206592,3524358,technology,0.8,18.77153325976192,0.3970385519090449,0.026142998399142758,22.54827626445621
AAPL,2015-06-24,110.0492430363964,111.05293502179377,108.96985679019639,110.25982230036205,110.25982230036205,2428996,technology,0.8,18.809121310990243,0.38873057149149864,0.024194586641721968,20.092127019824307
AAPL,2015-06-25,112.74725343045446,113.74796545496753,112.48612612954925,112.56451677560781,112.56451677560781,4147775,technology,0.8,17.854189541911182,0.39113975693517067,0.025524718365570933,18.6303663511948
AAPL,2015-06-26,113.04267767710728,113.48877786958631,112.62889887947448,112.78453874289195,112.78453874289195,2807761,technology,0.8,17.60796020412927,0.3992058743530605,0.026194606249984508,21.824875488256897
AAPL,2015-06-29,110.91194108660859,111.26589712435249,109.88719710147392,110.76304253987932,110.76304253987932,2922205,technology,0.8,18.139924312039113,0.40884909209939424,0.02597384502317109,20.577382892625504
AAPL,2015-06-30,110.00051087098747,111.23260938662075,109.70281412090839,110.55958770432422,110.55958770432422,3254503,technology,0.8,17.183424892544426,0.3939114647428667,0.027272093412300264,21.642654777855565
AAPL,2015-07-01,111.15978919006052,111.8056157531355,109.9986436649516,110.98065494647953,110.98065494647953,2391480,technology,0.8,16.853167917832558,0.39180702143264,0.024634050222438295,20.78765504761486
AAPL,2015-07-02,110.37886113033267,111.17543411803386,109.6465489808711,110.72242441555443,110.72242441555443,3422062,technology,0.8,17.059778791074283,0.4018470807650892,0.024060181292584467,20.94154019259005
AAPL,2015-07-03,111.50922853713422,112.18026292493353,111.30594836865419,111.43057767804984,111.43057767804984,3966891,technology,0.8,17.365186836028542,0.3615816814820964,0.024486836439622038,20.817585287080203
AAPL,2015-07-06,112.65342146304054,114.19491025782919,111.71554873889185,113.1366511012764,113.1366511012764,3466260,technology,0.8,16.83652620020773,0.4095407025445292,0.026183455118849695,21.12297752337977
AAPL,2015-07-07,114.294253973266,114.82873991585603,113.94012675820336,114.14142243890635,114.14142243890635,2379070,technology,0.8,18.162059559062875,0.39998873805754087,0.026062776490754735,22.67315910070062
AAPL,2015-07-08,113.45599934671618,113.95496299890927,112.97551841449507,113.73120574453348,113.73120574453348,3189064,technology,0.8,18.72971567378371,0.40079387053195126,0.025708951220316873,21.3363089640128
AAPL,2015-07-09,115.69323491758132,116.57821850905741,115.0543943110037,116.14013098644837,116.14013098644837,3792006,technology,0.8,16.412901699201758,0.4192146861518893,0.024525578515746427,18.75388027281823
AAPL,2015-07-10,116.40459587291691,116.86335451331139,115.57418352244416,116.15585271300644,116.15585271300644,2245417,technology,0.8,18.025128711216034,0.36094368939903504,0.026457243862366718,20.749149689231068
AAPL,2015-07-13,114.2043927532918,114.35412464000916,113.33860160569766,114.12166212991677,114.12166212991677,2636721,technology,0.8,17.780064204733666,0.3605233226028207,0.024507512795571215,21.41159796010042
AAPL,2015-07-14,117.84721258904958,118.25697322704812,117.07803946506768,118.06467951190216,118.06467951190216,3895406,technology,0.8,18.3415086855368,0.4054760769064704,0.026933008159782758,21.43981644306631
AAPL,2015-07-15,120.47040362098272,121.29509831383625,118.75826815216698,119.94820472794498,119.94820472794498,3450463,technology,0.8,17.987061231896412,0.3998576628974297,0.028673338004729824,19.776887691378484
AAPL,2015-07-16,120.34414385595683,120.91252664583477,119.14139811579213,120.50344425951818,120.50344425951818,3549773,technology,0.8,16.54640072006837,0.4034035388638387,0.02622419173234561,21.3342020904031
AAPL,2015-07-17,121.59606243613632,122.75718128089898,120.95641725082083,121.58435106402452,121.58435106402452,4741665,technology,0.8,16.737610701142835,0.39075745849655114,0.026482689725615904,21.06216245792374
AAPL,2015-07-20,117.58680616921582,117.87324380201517,117.38016928532144,117.49202061619994,117.49202061619994,3590171,technology,0.8,18.02942357558497,0.41328707348479865,0.025448562825246702,22.671507027763443
AAPL,2015-07-21,115.78759669708391,116.11800211483819,114.94484443348726,116.00324647735493,116.00324647735493,3728727,technology,0.8,19.028780919745508,0.41865277685982244,0.024173050277239545,19.312974347798743
AAPL,2015-07-22,113.32979154892776,114.1837366994876,112.06454715884175,113.16983629733434,113.16983629733434,5621724,technology,0.8,15.785812628956997,0.40967964587903055,0.02542238523948024,19.51898896525303
AAPL,2015-07-23,111.62084545351378,112.7847612302228,111.26552684834064,111.79976499466038,111.79976499466038,3132177,technology,0.8,18.34572657980158,0.39478343083190837,0.02497405036559581,19.683121077845552
AAPL,2015-07-24,111.79673126160375,112.24626749947355,111.28111480294929,111.93496142075348,111.93496142075348,2786852,technology,0.8,19.189622005287642,0.35784621224771196,0.024661782034463647,19.461316007007813
AAPL,2015-07-27,113.02557898525873,113.25399023220386,112.08726773540435,112.5654196634564,112.5654196634564,3561026,technology,0.8,17.846974123793785,0.41538472416074257,0.027872987557058408,19.02327335663991
AAPL,2015-07-28,113.49267161386001,114.05956895310356,113.43431464163208,113.84807777938776,113.84807777938776,3569007,technology,0.8,18.55020249602644,0.42443457332435186,0.026465331137272636,17.111843091804023
AAPL,2015-07-29,111.28759569160604,112.68417712956682,110.53944876940761,112.09900652579255,112.09900652579255,2942166,technology,0.8,17.2969309191022,0.41289116823967964,0.026613997204044948,19.4005229272716
AAPL,2015-07-30,109.47324987393239,109.98604079405555,108.56178104810697,108.94673091597792,108.94673091597792,2659159,technology,0.8,17.880633800723125,0.3824071514526499,0.02596712826241881,20.164774492011773
AAPL,2015-07-31,109.07257407553095,109.35555178703771,107.39233213493374,108.24472020272616,108.24472020272616,5188571,technology,0.8,16.37908648169185,0.4134758878733552,0.02614512054935573,19.261889902880835
AAPL,2015-08-03,106.25044696111752,106.42783939671203,105.36631566187722,106.37978433228253,106.37978433228253,3489847,technology,0.8,15.655656691581125,0.41721059415922895,0.0273243833182226,21.64970072823485
AAPL,2015-08-04,106.01062378291539,107.14361524570839,105.14003190334567,106.63020006621696,106.63020006621696,2823655,technology,0.8,18.942765801225274,0.43117632495598174,0.02636933652147215,19.686426964890117
AAPL,2015-08-05,107.42695169174058,108.5586503536351,106.97934011131038,107.52710802388489,107.52710802388489,3926213,technology,0.8,17.015005072275557,0.38247780151544086,0.0269742085823762,20.922347089153423
AAPL,2015-08-06,109.028785910853,109.83453116378104,108.67820855735698,109.12248599035533,109.12248599035533,3198431,technology,0.8,17.54447215499657,0.39547090830911724,0.026289351350690552,19.850552195085314
AAPL,2015-08-07,110.20040983027282,110.80959623883285,109.37520626218547,110.26323468143553,110.26323468143553,3107794,technology,0.8,16.613557746729807,0.4149454410228691,0.02618504376198762,20.372911425357653
AAPL,2015-08-10,111.01785626493921,111.51321667848026,110.12817089515329,111.38991686923785,111.38991686923785,3658100,technology,0.8,16.590030296916126,0.4011482014287632,0.025162123491301907,19.782688427974477
AAPL,2015-08-11,111.9306890965789,112.2132427761209,111.18750138559837,111.73641484384953,111.73641484384953,2524676,technology,0.8,17.826162299905384,0.37765344795897454,0.024633129598720736,20.82875665005646
AAPL,2015-08-12,110.06457839792952,110.38902010275567,108.91029481269265,109.89166143721076,109.89166143721076,3507890,technology,0.8,17.270422805864353,0.4082923257005341,0.026391157764205565,19.47203097400205
AAPL,2015-08-13,108.44439034081164,109.76588113966001,108.28832943270184,108.93275952486077,108.93275952486077,4792635,technology,0.8,18.377970997994698,0.41157323267630336,0.0267510573614493,19.86793858799622
AAPL,2015-08-14,108.8864815210422,109.84110106129872,107.70337690933906,108.6585603901558,108.6585603901558,3588466,technology,0.8,18.452538418979593,0.40175925792662004,0.025450271636931376,19.693496017893835
AAPL,2015-08-17,112.15266098105033,113.16387631234397,111.35913196682392,111.46624571532908,111.46624571532908,3032074,technology,0.8,18.320849646324607,0.4043916985435989,0.026743767812789636,18.99385418257417
AAPL,2015-08-18,110.3810737670702,111.46785116883089,110.15478388754933,110.32415962957299,110.32415962957299,2953728,technology,0.8,18.238600790928444,0.39482588196628543,0.02687383624499887,19.641742374427807
AAPL,2015-08-19,111.61345189284175,112.82408046178094,111.01761462644149,111.72651638858613,111.72651638858613,3011449,technology,0.8,19.577768204931886,0.4295655787143212,0.02470591668013309,21.425423179994933
AAPL,2015-08-20,110.63946210102138,111.74145815406466,110.56476001772324,110.68661566667106,110.68661566667106,3107122,technology,0.8,16.932406230955113,0.3819861563257465,0.02598864103089707,18.874586034061554
AAPL,2015-08-21,111.51775486672057,111.5978493053066,111.25351713502985,111.31229793307016,111.31229793307016,3031107,technology,0.8,17.945065133797083,0.38825358474472443,0.02735287058829614,19.518075867905498
AAPL,2015-08-24,112.1906976532017,112.93163188849917,112.19011567050316,112.77623352863387,112.77623352863387,3926512,technology,0.8,19.132689820519587,0.40021971027055053,0.027374506428140516,20.309712762165702
AAPL,2015-08-25,110.07854477789674,110.41369709957738,109.54422958955378,110.02428386978696,110.02428386978696,2311386,technology,0.8,19.264539809338036,0.4175790805540179,0.02587561378652911,20.145217731411993
AAPL,2015-08-26,108.20394946719311,108.92980670224354,107.36577583411886,108.33084733869467,108.33084733869467,3884092,technology,0.8,16.578236350655427,0.37005253659810927,0.027229577757612707,18.96943235702864
AAPL,2015-08-27,106.5439329562272,106.64725701295193,105.9196518614424,105.95656538083435,105.95656538083435,3029968,technology,0.8,17.68764455834413,0.37379406500469126,0.028135377936657543,16.526812699146205
AAPL,2015-08-28,103.34314141539893,104.27169842190543,102.66907791475623,103.39716831781975,103.39716831781975,3524994,technology,0.8,19.35812109586726,0.35924542984530566,0.02793188467447207,19.379136855676098
AAPL,2015-08-31,102.77002323928006,103.4038637078475,101.4166404294815,102.25835689946192,102.25835689946192,2609325,technology,0.8,18.508079105199066,0.40065390450506544,0.02710136693265134,16.594952853863795
AAPL,2015-09-01,101.97163135478269,102.86529903449953,101.80031814879794,102.31040382430487,102.31040382430487,4264033,technology,0.8,18.195263031479772,0.37763388365586914,0.02677051741052508,20.236131194370575
AAPL,2015-09-02,101.23978732850034,101.40714816070732,100.91331598610854,101.06173903052422,101.06173903052422,4193838,technology,0.8,17.782315306565344,0.3923089977996417,0.02665099024369897,18.887221858835208
AAPL,2015-09-03,101.55956398168139,101.81676913724198,100.58895385093888,101.46234268462635,101.46234268462635,3960647,technology,0.8,17.616199074292254,0.4132275637978342,0.027789995515127234,19.668776661900633
AAPL,2015-09-04,103.73683322250795,104.17473413849974,102.8829498186706,104.00799681266588,104.00799681266588,2414611,technology,0.8,18.288219063090324,0.38716914558434307,0.02755912070954456,17.718160300691597
AAPL,2015-09-07,105.89245552854645,106.79458846879724,105.26573566084848,105.83613077338423,105.83613077338423,3858635,technology,0.8,17.747625875015515,0.4046256404548673,0.028035261746687974,17.01876046878303
AAPL,2015-09-08,106.07846618121732,106.69820613417362,104.82815318320914,105.69399828961868,105.69399828961868,3544724,technology,0.8,17.957421378955555,0.39401324184496556,0.02757957255789103,18.782860147568453
AAPL,2015-09-09,107.57811580513639,108.47432345017491,107.47833056474836,107.68271611565629,107.68271611565629,2371292,technology,0.8,18.078598706115038,0.41344228630192875,0.02830830369930142,18.43919511879375
AAPL,2015-09-10,108.30474948620784,109.17955030026297,107.87750726643489,108.85729692768149,108.85729692768149,3253170,technology,0.8,17.3219284715065,0.40950256134696017,0.027625973286095777,17.931819198022435
AAPL,2015-09-11,107.97026956620765,108.37682224921355,107.17366755602671,107.97595865528444,107.97595865528444,3516254,technology,0.8,18.53212937388144,0.3861613260765078,0.028357910473453863,18.458465173057554
AAPL,2015-09-14,106.63866706976304,107.36105429201643,106.36412373199498,106.92815036688663,106.92815036688663,3653568,technology,0.8,20.91424464841542,0.39662696493199096,0.028485885531872916,21.091579820491255
AAPL,2015-09-15,105.81247324160836,106.72627419888526,105.01641541033447,105.9212567890292,105.9212567890292,3386990,technology,0.8,16.223013360673924,0.4208748679544099,0.026852377135465563,19.10891947406637
AAPL,2015-09-16,105.13241011495492,105.97034107683574,104.60235499687491,105.1581489714713,105.1581489714713,3465080,technology,0.8,18.32401252418998,0.40786753740508197,0.025890600723003733,19.2740663120281
AAPL,2015-09-17,105.36563586070064,106.1265914164949,104.57511333185242,105.90756025522701,105.90756025522701,4389484,technology,0.8,17.239809911381094,0.3720607588449774,0.029284078630073134,19.018615998711194
AAPL,2015-09-18,106.59218408919945,108.1198451088335,106.09687191418953,107.11135012740718,107.11135012740718,4177429,technology,0.8,18.57740257751925,0.41311236122342765,0.02803908550895494,19.604204131152063
AAPL,2015-09-21,108.57999315792387,108.71100071506488,108.0242978562011,108.42319148347582,108.42319148347582,1842417,technology,0.8,18.046557473327862,0.37830778755127525,0.02610978188693066,17.884698544791217
AAPL,2015-09-22,105.46463657106781,106.57685761669475,105.23346946050566,105.63028133988188,105.63028133988188,3067925,technology,0.8,18.76185477404246,0.4282502613992201,0.02715228928939217,15.970016371384618
AAPL,2015-09-23,106.60833622460204,107.54282591487697,106.38618647566238,107.43496588722084,107.43496588722084,3163121,technology,0.8,19.17550657650878,0.42048197679682053,0.028679824083164808,17.786192124892544
AAPL,2015-09-24,107.71634388671441,108.00129649941142,106.65574109381976,107.46331805372864,107.46331805372864,2302670,technology,0.8,18.19242111776818,0.405797709518368,0.027670113963846187,18.736521552610995
AAPL,2015-09-25,108.0625433142062,108.97726954889009,107.84592386418629,107.9743164997234,107.9743164997234,3331178,technology,0.8,19.13205228841418,0.4031446568687239,0.027479570379844057,16.90501392455323
AAPL,2015-09-28,107.31382429246787,107.73717667372469,107.22155334434727,107.544143461938,107.544143461938,4196458,technology,0.8,15.655702106211322,0.39581935487945163,0.029434354663660248,17.64851161922793
AAPL,2015-09-29,105.93594454388206,106.79595807026338,105.74918862119657,106.35610333388354,106.35610333388354,2630505,technology,0.8,19.590452297916023,0.4135704790280006,0.02702802666114757,17.083219720757395
AAPL,2015-09-30,106.99756203299539,107.4789005165143,106.54279760602617,106.72994484098153,106.72994484098153,3496525,technology,0.8,18.37506215189234,0.3925844366107588,0.027319001453960646,19.227193111125207
AAPL,2015-10-01,105.42367422979028,105.6822352505296,104.44645862492722,105.31330042858443,105.31330042858443,2721885,technology,0.8,19.07784335574518,0.4047113974127979,0.028370382290947852,18.424871611816236
AAPL,2015-10-02,105.91397981142043,106.666228770575,104.74322127238896,105.16230000329993,105.16230000329993,2857957,technology,0.8,16.78012425515848,0.417438687330389,0.028591291752137565,18.277296114706264
AAPL,2015-10-05,103.69215456037561,104.57492180085978,102.5359461238591,103.56160833910648,103.56160833910648,4392805,technology,0.8,17.169230118394665,0.38876386912948824,0.028739020858608515,18.197801659236724
AAPL,2015-10-06,102.90238722570433,103.80234592269827,102.64180990951516,102.78283953643601,102.78283953643601,2932859,technology,0.8,18.145938294144774,0.3876761452001861,0.029195756873020833,17.48951366501813
AAPL,2015-10-07,103.17384651645817,103.57580731166833,102.49956433977309,103.2255401937348,103.2255401937348,3585621,technology,0.8,17.982962110662537,0.3761126903855108,0.0285249384533175,17.675013223254474
AAPL,2015-10-08,103.53018782969892,104.0797782399998,102.81369010535843,103.27712503960025,103.27712503960025,2248460,technology,0.8,18.28306858800999,0.3787105450774766,0.028857584775758494,16.243111530841226
AAPL,2015-10-09,104.97342496186569,105.23418567182807,104.36525376752529,104.77694141533338,104.77694141533338,4744342,technology,0.8,19.084515160929968,0.36343209377117,0.028150832581689104,15.192852106229234
AAPL,2015-10-12,105.73300952092451,105.99184022921541,104.41565759174246,105.33744896330701,105.33744896330701,3687762,technology,0.8,16.234779684697152,0.4145965757803106,0.028514581148425,17.480545603249684
AAPL,2015-10-13,107.38581561600412,107.7274619913197,106.33816427461707,107.55402675341897,107.55402675341897,3151849,technology,0.8,18.97381907171731,0.43617829084165544,0.028601258029426018,17.605811094887418
AAPL,2015-10-14,105.44099913381632,106.57137048419168,104.5206479266558,105.57890867127855,105.57890867127855,3667824,technology,0.8,18.008281909957926,0.42850657886940613,0.028750662989375526,18.442641262344885
AAPL,2015-10-15,103.57409114783162,104.64422364465146,103.37491746724989,103.72317345172495,103.72317345172495,2465822,technology,0.8,17.796218138875453,0.3674783102274697,0.029349945665323347,18.75648131129509
AAPL,2015-10-16,104.70748057606946,105.52143329983343,104.22901518179957,104.45965993944779,104.45965993944779,4141241,technology,0.8,16.52888476561511,0.414497093431124,0.029174392543869516,18.707139124738937
AAPL,2015-10-19,103.63475079008742,104.17122801761015,102.49410661160475,103.17098449165975,103.17098449165975,3063911,technology,0.8,18.503048668376866,0.4284421269984712,0.02870530486900897,16.091351868580837
AAPL,2015-10-20,103.79342212158787,104.44641359806607,103.49337237941393,103.9364929366136,103.9364929366136,3138282,technology,0.8,15.585892148968963,0.3908638003852267,0.02789380288535185,16.68959819446496
AAPL,2015-10-21,104.06750452455945,104.75228567632732,103.3028944158413,104.20028916035074,104.20028916035074,2962869,technology,0.8,18.64839401123871,0.40202894861300104,0.028812441132539696,17.474951435778266
AAPL,2015-10-22,104.8590995935794,105.42173998132348,104.16700654652344,104.76039103521583,104.76039103521583,2910599,technology,0.8,16.50789416452701,0.3598421389839066,0.028758593093765345,19.479554994673318
AAPL,2015-10-23,104.15846891986774,104.68828822762563,103.58465078146284,104.2353200056645,104.2353200056645,3756259,technology,0.8,18.053457912617475,0.40533472335953286,0.02902163346265839,18.381075010269132
AAPL,2015-10-26,107.06925015391668,107.21031906553577,105.87972164695618,106.76431408815886,106.76431408815886,3440685,technology,0.8,17.88083116267208,0.37872880541130566,0.03107681819416969,17.974003735609145
AAPL,2015-10-27,108.37779522864028,109.25202059859305,107.60773547624862,109.11490260792218,109.11490260792218,3724151,technology,0.8,19.169538147293885,0.4039927003582303,0.028388361112672157,16.42076754259283
AAPL,2015-10-28,108.71519915533246,110.02330980685767,108.68630508518461,108.98549573342314,108.98549573342314,3263272,technology,0.8,17.82134483098611,0.3687759415562224,0.029376263914522853,15.879635740663455
AAPL,2015-10-29,109.76557354404508,110.55417555017806,109.71128443848683,110.02382686183,110.02382686183,3622373,technology,0.8,17.305861438854336,0.41085716448955195,0.03006427796682589,17.506366777764494
AAPL,2015-10-30,111.14557781840197,112.9915655824996,110.47697220050429,111.92469322296512,111.92469322296512,3006328,technology,0.8,17.493397304028797,0.4204902535085338,0.029135658817865073,15.571777405881084
AAPL,2015-11-02,111.5811908629095,112.08774808061442,111.03869195504906,111.90469786982801,111.90469786982801,5106099,technology,0.8,19.272882768754663,0.3843364027656967,0.03141734302712196,16.389350853369212
AAPL,2015-11-03,111.95788308739148,112.88852800297379,111.66658585515124,112.26610612826795,112.26610612826795,2389068,technology,0.8,18.536296969180892,0.3772615483717913,0.028743299620402417,16.468738950979375
AAPL,2015-11-04,111.64088810979277,111.94032065472769,111.17349673578882,111.70828327693867,111.70828327693867,4206693,technology,0.8,17.614370018476837,0.3568795391490004,0.02948726913863804,18.13255214315571
AAPL,2015-11-05,112.36127063491426,112.64575207541012,111.13859258213974,111.98735631129921,111.98735631129921,4297661,technology,0.8,17.763553580035488,0.3946717293184965,0.02840621517560911,16.141471551275288
AAPL,2015-11-06,111.02285419172027,111.1379282420772,110.10512652837647,111.10453624172519,111.10453624172519,2756764,technology,0.8,16.432822909414554,0.38836812131436793,0.028895337189542902,14.013865737068631
AAPL,2015-11-09,108.8434718096319,109.3109825044999,108.23261713794383,109.1811079618764,109.1811079618764,5105631,technology,0.8,18.38847420085154,0.36897961175303895,0.02953763683926695,16.914936224936987
AAPL,2015-11-10,105.68825504460689,106.67548308762842,105.28096476481456,105.70631640887021,105.70631640887021,3989187,technology,0.8,16.240184292304534,0.40906037512624344,0.030176847995362126,15.66928744570078
AAPL,2015-11-11,104.73047485283232,105.0672178816203,104.11925532060776,104.40186779567104,104.40186779567104,3969806,technology,0.8,18.751796465835454,0.391000592362707,0.02969147977126207,16.3692112816979
AAPL,2015-11-12,103.73032842030611,104.66759664015248,103.18894067649092,104.03492984119333,104.03492984119333,3287389,technology,0.8,18.128621592491267,0.37848528082709537,0.03067334079075733,16.198611342930846
AAPL,2015-11-13,105.3131990111568,106.09273641284075,104.98172611897124,105.60167370648838,105.60167370648838,3130035,technology,0.8,20.38695179957392,0.3889085518871911,0.02936110163501402,15.97082412454158
AAPL,2015-11-16,109.77672390809762,110.21632616597708,108.97487533730221,109.59308459805992,109.59308459805992,3134932,technology,0.8,16.899864446275693,0.42142609077859233,0.02916573941995179,16.99456839852046
AAPL,2015-11-17,110.34126968566429,111.00193236293988,109.59464285544486,110.41465218515889,110.41465218515889,3534583,technology,0.8,17.89733790895937,0.41205873887510447,0.03224373406125428,14.631561448819134
AAPL,2015-11-18,109.17031224426015,109.37472158473958,108.88666601556848,108.9586650416563,108.9586650416563,4326360,technology,0.8,19.798287700923062,0.39739947877003023,0.029975827607601025,15.608120482426648
AAPL,2015-11-19,108.29980660903458,109.37494057038542,108.29865054647932,108.30424062530166,108.30424062530166,3389736,technology,0.8,19.191389640291415,0.41238210036929707,0.02890394941636455,16.770401784566825
AAPL,2015-11-20,107.58153860888315,108.46188680459234,107.1276648324504,107.3555561354012,107.3555561354012,2724270,technology,0.8,17.3037879484201,0.3767817608722652,0.02897100820427913,15.43403981346013
AAPL,2015-11-23,106.93660738742048,108.06523278759369,105.98004713906961,107.26970495912886,107.26970495912886,3855014,technology,0.8,18.22396742837345,0.40064740201454063,0.028764433056179955,14.401620771953278
AAPL,2015-11-24,108.47894180623257,108.9913983002138,107.7778524252908,108.48287473920577,108.48287473920577,3930315,technology,0.8,18.001999356415087,0.40294644660972945,0.030685523330752185,16.641838363138813
AAPL,2015-11-25,108.68792516371184,108.9229310575279,108.50102502508726,108.75666699490559,108.75666699490559,3726320,technology,0.8,18.281955867394156,0.39060326983002547,0.029426417686186257,17.059796152889618
AAPL,2015-11-26,107.44914607387958,108.83538956396477,106.4925650490966,107.8425202988713,107.8425202988713,3794638,technology,0.8,17.30131956401517,0.40870916671914836,0.029959998458920084,15.855697942570087
AAPL,2015-11-27,107.08429055612481,107.95622400196764,106.58104157154175,107.58892931136417,107.58892931136417,3096597,technology,0.8,17.910679597299264,0.384391330907111,0.02981096831300943,13.904422306801678
AAPL,2015-11-30,106.25463554617657,106.30787622669831,105.53166128051015,106.03649227932321,106.03649227932321,2714727,technology,0.8,16.401947624723284,0.4101964141555224,0.030647810399572737,16.53640537443928
AAPL,2015-12-01,105.16142755491438,105.63272031395198,104.17759829139445,105.27226421063298,105.27226421063298,2747937,technology,0.8,18.135123451868083,0.41103717543062585,0.02911141490293188,14.136318111609842
AAPL,2015-12-02,107.89716032239876,109.08891523927169,107.8329758707632,108.22908169073848,108.22908169073848,2357016,technology,0.8,18.450020673421832,0.34165680238605867,0.028924427713856983,16.071387785998343
MSFT,2015-01-01,99.42493502182761,99.43605744381527,98.58340058693416,99.08599863719948,99.08599863719948,4816271,technology,1.0,19.078450130777913,0.44872491470018705,0.019347925430597206,17.277639641132616
MSFT,2015-01-02,96.98014527338303,97.93697652150358,95.72468562056338,96.63012438138232,96.63012438138232,4018525,technology,1.0,18.93833468079346,0.44578562041846476,0.019413433225487237,17.455270341443338
MSFT,2015-01-05,96.63777820603883,96.94852921232014,96.38909954729127,96.73331475509423,96.73331475509423,2562124,technology,1.0,19.309002356085703,0.4434189265590357,0.020265113406318563,18.11022816652716
MSFT,2015-01-06,97.29180006498547,98.14760450355841,96.81359805136583,97.35428783283596,97.35428783283596,3280566,technology,1.0,21.032337024710337,0.44488353731514835,0.020540802702817756,18.150207611900214
MSFT,2015-01-07,95.03729922272986,95.19757476367467,94.68345389324817,94.84827827935722,94.84827827935722,3617619,technology,1.0,17.97635223830011,0.4670847972115367,0.019343257517472397,18.459463232673393
MSFT,2015-01-08,94.40024479879514,94.83445305774411,94.34578277551105,94.56626205142724,94.56626205142724,3560879,technology,1.0,19.203206933393904,0.4546201995451103,0.020134442457507194,20.341379837996417
MSFT,2015-01-09,94.2990136511875,94.69344503754647,94.05696344518813,94.13278264480897,94.13278264480897,3828030,technology,1.0,18.200342577702354,0.4547057941833974,0.02015704725087582,18.635748496292855
MSFT,2015-01-12,95.1846892324924,95.51866388641956,94.49268616096676,95.20979790918439,95.20979790918439,2860738,technology,1.0,18.452995279155004,0.4274955297924033,0.01807760691368523,15.971152595941145
MSFT,2015-01-13,95.34058987891615,96.38204009085538,94.51677618151746,95.61866768027973,95.61866768027973,3481551,technology,1.0,18.95040969211806,0.4306501984524953,0.020115134044214045,18.725114811298504
MSFT,2015-01-14,93.74236630193415,94.91257828277048,93.60803457913566,94.01222935946655,94.01222935946655,3738012,technology,1.0,20.34732324161356,0.4928689364955396,0.020219251204808435,18.4861943919104
MSFT,2015-01-15,94.0708363950006,94.89423323669025,93.39417215983167,93.66422350759957,93.66422350759957,4053674,technology,1.0,20.80099060068874,0.44644348549422624,0.020258117099017984,18.541138422431704
MSFT,2015-01-16,92.17436927741365,92.35926962832602,91.99460209570694,92.21764373812353,92.21764373812353,2925150,technology,1.0,19.448142144626708,0.4345045600884328,0.021876165320602374,18.792871464558747
MSFT,2015-01-19,93.15129602008987,93.87479158815052,92.67024347602131,92.69513747536334,92.69513747536334,3207391,technology,1.0,18.623405276976516,0.47862198331178596,0.01928629375170033,18.56732970471038
MSFT,2015-01-20,93.07958359276189,93.36115298414869,92.56445197819937,93.22323208978897,93.22323208978897,2001157,technology,1.0,21.49273886663852,0.45563617097367104,0.019719310483188694,18.592314182609062
MSFT,2015-01-21,90.68274014160319,91.5110191569694,89.96943283850754,90.60358743389743,90.60358743389743,3034956,technology,1.0,18.57244551867048,0.4615630983372904,0.017973578260258073,19.306709626673683
MSFT,2015-01-22,89.91929618692902,90.3849689572731,88.70003776886236,89.27845275957426,89.27845275957426,3094438,technology,1.0,18.428864085640264,0.44723905849436935,0.020146698396587365,18.20013108056907
MSFT,2015-01-23,88.21590245715463,88.7943138611137,87.87357751838495,88.49662794115174,88.49662794115174,2802670,technology,1.0,17.225056955421273,0.4436265381884639,0.02027381251281961,17.84286583779143
MSFT,2015-01-26,89.22705304657408,89.87888261033517,88.73183376001536,89.73797111489439,89.73797111489439,3552358,technology,1.0,20.396091569244742,0.4466082725500542,0.02020131989479545,21.862454328977314
MSFT,2015-01-27,88.70475402455841,88.71522924718015,88.28054084814816,88.3636904681969,88.3636904681969,3398385,technology,1.0,19.968245592371293,0.42234523659402745,0.021860815414797567,18.170703176202785
MSFT,2015-01-28,86.38805300886061,86.81759431992661,86.25475303053581,86.60286512116654,86.60286512116654,2187253,technology,1.0,21.417805536116447,0.4482414518116021,0.021655596601834873,19.03434501493487
MSFT,2015-01-29,87.85138607641646,88.65987284185167,87.03279158775369,87.85684366379884,87.85684366379884,3587985,technology,1.0,17.610476647781873,0.45592066154085237,0.02091467680794931,17.485923839513088
MSFT,2015-01-30,88.88254066857623,89.74892414793791,88.20569323492585,89.03904947015381,89.03904947015381,2854294,technology,1.0,20.45817080747911,0.4870092646768751,0.020508048034326248,19.145161837417774
MSFT,2015-02-02,89.20635731724445,90.07147495742072,88.31216927160453,89.13464953075152,89.13464953075152,3787201,technology,1.0,19.070135518366126,0.4517199813001043,0.021946691760157074,18.142291462096516
MSFT,2015-02-03,88.0189817957355,88.35963816666215,87.2121291429969,88.27069527140227,88.27069527140227,2659449,technology,1.0,19.806100216800136,0.4033164591557939,0.02094258523639846,18.67956891254512
MSFT,2015-02-04,88.68941565813827,89.26280139438802,88.11347314069833,88.7373178604613,88.7373178604613,3457309,technology,1.0,17.35222285889553,0.4481202913443076,0.020185914061499954,20.213319692697077
MSFT,2015-02-05,85.77953497871745,86.00011745953663,84.86877036190971,85.66393612451155,85.66393612451155,3247406,technology,1.0,20.468081822665297,0.5047900826621661,0.01932977642711796,19.68615325906145
MSFT,2015-02-06,83.64958629686457,84.35893437708344,83.30101503855403,83.90338789166361,83.90338789166361,3651396,technology,1.0,19.78651675133183,0.4673273246997008,0.02064655161489093,19.828104624686237
MSFT,2015-02-09,83.71534223771602,84.16037013506487,83.71231488601815,83.89153561062642,83.89153561062642,3523408,technology,1.0,18.961089965213784,0.43378222112382825,0.021884350730143318,17.533691763941828
MSFT,2015-02-10,86.00411046840057,86.33787938493462,85.95029673680693,86.09383302741784,86.09383302741784,3265642,technology,1.0,19.645112687661122,0.46182213028861113,0.023448086806697903,21.18663081149701
MSFT,2015-02-11,85.57723414392731,86.43883048701377,85.4835379188544,85.94563549542808,85.94563549542808,2527510,technology,1.0,18.23450469895775,0.4351597315022052,0.02127499946752839,18.20231845217208
MSFT,2015-02-12,87.6747905701982,87.94700330114185,87.59118962981867,87.78607548119233,87.78607548119233,2557545,technology,1.0,18.420559914418302,0.4229238496090629,0.02048987461040271,20.966837430106473
MSFT,2015-02-13,88.94111621906939,89.35836873446928,88.59673323081444,88.90942982118689,88.90942982118689,3057849,technology,1.0,18.536555386374605,0.4430326127353186,0.0201121059214229,20.503497822458673
MSFT,2015-02-16,91.08608469846037,91.78890659086018,90.44732457713117,91.19539577003334,91.19539577003334,3430937,technology,1.0,17.147272138309724,0.45183052878477725,0.02189086703019681,20.102552394578584
MSFT,2015-02-17,89.77352559019901,89.96183974217058,89.06373228147692,89.84667241478354,89.84667241478354,3042987,technology,1.0,19.861758494203368,0.4125568899513321,0.019616137085691047,18.713076905883597
MSFT,2015-02-18,90.36463377290751,91.21100763206793,89.83128970906691,90.37002931665735,90.37002931665735,3894369,technology,1.0,20.191593614182565,0.4270168141892273,0.021972939243664304,19.762058003001407
MSFT,2015-02-19,93.51417547183935,94.17235847993648,93.3772368906099,93.69850201224205,93.69850201224205,3249968,technology,1.0,18.29865585023616,0.4502067112636471,0.022282146752706428,19.18150587701605
MSFT,2015-02-20,91.8647077430305,92.61756471927443,90.98901282001636,91.67464898856555,91.67464898856555,2833426,technology,1.0,19.34820301594482,0.4418365364802209,0.02194255560386048,19.722966991690395
MSFT,2015-02-23,92.7464377337056,93.3529117267539,92.02095137310897,92.348605999492,92.348605999492,3250699,technology,1.0,18.734459525370763,0.45789622542292185,0.02132845548287316,19.48508476912117
MSFT,2015-02-24,90.28756568475343,91.05546136350068,90.27583430653674,90.41352448863886,90.41352448863886,3595422,technology,1.0,19.32827396208103,0.42570663345382875,0.02215489881254263,17.736894208303852
MSFT,2015-02-25,91.25322624585435,91.9067188336551,90.86491758519239,91.12059159617337,91.12059159617337,3667339,technology,1.0,18.37242275878897,0.464282274971066,0.02180273753430822,20.937343368192707
MSFT,2015-02-26,91.40108255407839,92.26725978841293,91.09891006866374,91.4668336215454,91.4668336215454,5003638,technology,1.0,18.116574843912364,0.42632481805879613,0.020895516325503426,19.77400225265985
MSFT,2015-02-27,90.83534934883659,91.3927199893849,90.48702187469138,90.73586092211197,90.73586092211197,3006292,technology,1.0,20.052074886023743,0.4828546860387526,0.023565893493923143,19.40934390546716
MSFT,2015-03-02,89.42372118905578,89.67251331911125,88.28302144306716,89.00563160068926,89.00563160068926,3386489,technology,1.0,18.936129414875506,0.4156848343124337,0.021405642796121702,19.372325828883305
MSFT,2015-03-03,89.71910307404153,89.80838223309259,88.90164192043882,89.58240224267986,89.58240224267986,3742351,technology,1.0,21.022108950853475,0.42814891459233173,0.022574915480366227,20.329084559177744
MSFT,2015-03-04,90.49659027855748,91.53220002055957,89.86713940742077,90.98062939129521,90.98062939129521,3420561,technology,1.0,19.04630996479414,0.4583474160606366,0.019422389901404706,19.114293182456926
MSFT,2015-03-05,91.16395336730513,91.22444320639244,90.91340797217404,91.03995813746056,91.03995813746056,3109201,technology,1.0,18.073921959649507,0.48328466502995276,0.023159316071065448,17.789740721595958
MSFT,2015-03-06,92.23269913090058,92.45525059421995,91.15048373174994,91.89282513376762,91.89282513376762,2520955,technology,1.0,20.22694087643594,0.45630086072232345,0.023393449937123202,20.488344823445637
MSFT,2015-03-09,92.80186541669394,92.91997494814096,92.17343349211694,92.86360007101786,92.86360007101786,3102854,technology,1.0,19.63080016414602,0.46125715840364784,0.02199636098377936,20.636038656460315
MSFT,2015-03-10,92.49196375043829,92.9996406602929,92.03684927633091,92.2165218139869,92.2165218139869,2772498,technology,1.0,19.726872863696425,0.4503507380334612,0.022567139235574577,19.952436448020936
MSFT,2015-03-11,93.08664479428037,93.42932927150476,92.48335589946593,93.27976624335906,93.27976624335906,2433104,technology,1.0,20.19060067886792,0.42947203091769615,0.022608724386628483,19.038700228798977
MSFT,2015-03-12,94.22725931864278,95.22681891201695,93.77165955083841,94.64907403632323,94.64907403632323,2931029,technology,1.0,18.347203706154204,0.4401972330352124,0.0214492666395643,20.309466100477398
MSFT,2015-03-13,98.81326671156548,99.59474638265417,98.33748394477719,98.7714363113072,98.7714363113072,2787293,technology,1.0,18.87274669101471,0.42576180560037447,0.022681013518828463,18.78930884710729
MSFT,2015-03-16,96.50986520007163,97.81850897742481,96.40165528614637,97.02111116964288,97.02111116964288,3862237,technology,1.0,18.82855016851221,0.42442580064446256,0.021367101747700668,19.25929522205386
MSFT,2015-03-17,96.1028370803168,96.4697090932235,95.60473196652102,96.17201486456509,96.17201486456509,3875628,technology,1.0,17.70925346308438,0.45803497838639495,0.021608816298111996,19.567877354199556
MSFT,2015-03-18,97.22459087085734,97.7583096693366,96.75391151120745,96.85069616388635,96.85069616388635,2868282,technology,1.0,18.736409849841756,0.4275364403582408,0.02338635736915372,21.193919799774005
MSFT,2015-03-19,96.89640049096094,98.00342758376783,96.73724487102709,97.45474687265984,97.45474687265984,3262336,technology,1.0,20.336379457876824,0.4563910801344672,0.023275912920825724,20.018122459309907
MSFT,2015-03-20,96.16589364688187,96.992956362217,96.03842929926354,96.53644787411338,96.53644787411338,2369883,technology,1.0,19.237338103793846,0.4239635449555781,0.02163672073219383,19.962958379306773
MSFT,2015-03-23,97.0406468069134,97.97972828134951,96.11477396166555,97.34202713936506,97.34202713936506,3113107,technology,1.0,17.65393867215501,0.4559276604023351,0.021651360894992686,22.394939029779366
MSFT,2015-03-24,97.35111678499035,97.57417409529941,97.07379782751713,97.36961307571055,97.36961307571055,3722091,technology,1.0,17.444160588335066,0.4402263486207408,0.02178118164022015,20.821452904278473
MSFT,2015-03-25,97.03238166425163,98.09018438271654,96.68771844929203,97.13895770637181,97.13895770637181,4053079,technology,1.0,20.66477605874827,0.4781323106730129,0.023201258813327415,20.83604299549315
MSFT,2015-03-26,95.57753738633558,95.67127966974186,94.87148623052671,95.17803622666622,95.17803622666622,2979871,technology,1.0,18.90968098974487,0.4564743779115813,0.02151047547023563,20.154712209214914
MSFT,2015-03-27,95.33037507874889,96.1208747028901,94.20435824456247,95.05821912099522,95.05821912099522,4241260,technology,1.0,18.35258979429838,0.47471565785988284,0.022909013894266077,19.954704546603534
MSFT,2015-03-30,96.72599350976937,97.30063875554958,96.03876293574146,96.58248942753711,96.58248942753711,2537935,technology,1.0,18.726008235103,0.43488706567149615,0.023340989070048522,18.390624418161426
MSFT,2015-03-31,96.36527046415955,96.6012254035371,95.43782362079179,96.32318773583383,96.32318773583383,2677715,technology,1.0,17.522692245682666,0.45112286680488334,0.022547737813305227,21.57101020870561
MSFT,2015-04-01,94.63200395821606,95.33765115435634,94.23700861581618,94.52049913383138,94.52049913383138,3960704,technology,1.0,20.42309514951162,0.43037825683767444,0.023687887964647356,21.075095365186456
MSFT,2015-04-02,92.48395751395944,92.80207003033296,92.3777538624465,92.72373618749651,92.72373618749651,4800469,technology,1.0,18.60694706241397,0.4417278951451116,0.022415355102476737,20.471406003071696
MSFT,2015-04-03,91.09678521276538,91.80225496406254,90.35772136075082,90.86311879420488,90.86311879420488,3793070,technology,1.0,20.367401527738423,0.4447579155451074,0.022547650675156714,20.53639537834805
MSFT,2015-04-06,88.5853913437963,89.40630335965464,88.27929604738154,88.8819132064895,88.8819132064895,3409006,technology,1.0,19.051651714447313,0.4354828355862572,0.02182610104920287,21.432073770735848
MSFT,2015-04-07,89.64602849947858,89.74531176147148,88.70484491092942,89.4219254416853,89.4219254416853,2215443,technology,1.0,20.42953197456844,0.4256899428230861,0.023862365632139032,19.16277801171229
MSFT,2015-04-08,88.15106172910245,88.22114672710208,87.06602252762121,87.83849481304277,87.83849481304277,2293318,technology,1.0,19.256694499043086,0.42172965352694697,0.02212050884172406,20.148410489227757
MSFT,2015-04-09,86.0830466922861,86.72938948378086,85.62207702063385,86.02862551662285,86.02862551662285,3526730,technology,1.0,19.853232662869075,0.4032050376858521,0.02327864211060209,19.622032074868734
MSFT,2015-04-10,84.23533842357706,84.52677814220665,83.41711086233069,84.27989207635234,84.27989207635234,3199123,technology,1.0,19.719093046088336,0.42887307072993086,0.022899395229945194,22.54912115081438
MSFT,2015-04-13,83.2128128821873,83.95282596722404,82.65337430992929,83.11300000994733,83.11300000994733,2754738,technology,1.0,19.62329106625197,0.4625498779334369,0.021959769238143568,21.67177278975498
MSFT,2015-04-14,84.35794711177473,85.73682879962135,84.1294042296069,85.08839311168907,85.08839311168907,3481962,technology,1.0,19.34793447718271,0.4180300293597343,0.022445290161616012,18.611153325081037
MSFT,2015-04-15,86.11176941183938,86.71299338542664,85.61307217955759,86.03375618221963,86.03375618221963,3516674,technology,1.0,18.767149283884415,0.4226375430749339,0.024479106548664167,19.31703144210462
MSFT,2015-04-16,86.60346212860577,86.87428725919713,86.57115012365453,86.63292269300116,86.63292269300116,4151096,technology,1.0,20.91543469157286,0.4858179714246583,0.023339732856442013,20.71460818470927
MSFT,2015-04-17,85.77506747260695,86.39628735515286,85.08543493491077,85.78809734108034,85.78809734108034,3531807,technology,1.0,18.0930630149041,0.43727007900303494,0.02217076597662479,20.389883633106226
MSFT,2015-04-20,85.61489077153257,86.42664637598276,85.3471456636563,85.43380548769963,85.43380548769963,4393685,technology,1.0,19.00430764234316,0.4564209201832967,0.023527085609524424,19.55251655266135
MSFT,2015-04-21,86.33510581263636,86.43354172062647,86.06854747839238,86.35447570569876,86.35447570569876,3442122,technology,1.0,19.014885875207597,0.4628463429300099,0.023117484294765286,22.83543679390207
MSFT,2015-04-22,86.56784132328032,87.14829453057342,86.07845899189483,86.8649734382316,86.8649734382316,3358258,technology,1.0,19.402440753343523,0.4632505225956256,0.026759485732788114,21.216187319179973
MSFT,2015-04-23,86.12803064292687,86.36678672657531,86.09101701354088,86.16458234915105,86.16458234915105,4251840,technology,1.0,18.570527354105497,0.4195537153878388,0.023632404176070307,21.39063002695303
MSFT,2015-04-24,85.75678931898523,86.09402800823983,85.67140697275005,85.73941281637238,85.73941281637238,2825827,technology,1.0,19.314746305589587,0.4453788064020102,0.02300849649184577,20.235155124247765
MSFT,2015-04-27,83.13345403232522,83.75058080871517,82.52629325108263,83.10479935334273,83.10479935334273,6033811,technology,1.0,18.831157414797033,0.41763545460963214,0.02485099026088334,21.659987506071477
MSFT,2015-04-28,83.14752554253734,83.5418465140616,83.04750366800538,83.10715556839786,83.10715556839786,3704472,technology,1.0,17.418047482562102,0.4989263571782065,0.02163176717998749,20.567007870725828
MSFT,2015-04-29,83.40027398698054,83.87626487621237,82.74437972859262,83.141031343956,83.141031343956,3708603,technology,1.0,19.009552286256845,0.418102494719688,0.023608964507845533,20.67300601625788
MSFT,2015-04-30,82.94989139638183,83.48247709896631,82.66894373629503,83.22103415226762,83.22103415226762,3817167,technology,1.0,17.89943466696985,0.4290431956226036,0.02555091385032961,21.575438518949127
MSFT,2015-05-01,85.09207024166993,85.21229620406362,84.85326647876266,85.04724172417042,85.04724172417042,5002394,technology,1.0,17.265614237551098,0.4291879829031699,0.02348212707547288,19.342702927683575
MSFT,2015-05-04,84.38117372727324,84.60641547331993,83.89721534837874,84.055895140815,84.055895140815,4026876,technology,1.0,19.136873320689386,0.4200667904655424,0.021906866319368657,22.57516683296375
MSFT,2015-05-05,84.27923062044603,85.44842200976817,83.63583345561862,84.72009999888523,84.72009999888523,2492978,technology,1.0,19.487883342019565,0.4770518781951309,0.02328609040379024,21.166139426529046
MSFT,2015-05-06,85.1069678525132,85.6196666628312,84.25173251179855,85.06112500620085,85.06112500620085,4550256,technology,1.0,19.526698042104577,0.49844895802166994,0.025178367413343974,22.26947685896018
MSFT,2015-05-07,85.3445621701569,85.81786274415697,85.22492638292222,85.49470245270209,85.49470245270209,3210125,technology,1.0,19.567170707019695,0.44048501761374764,0.02414175997288981,19.917065203193346
MSFT,2015-05-08,85.23011081003261,85.99899071029246,84.41217344350744,85.32500340448435,85.32500340448435,3511068,technology,1.0,17.06741097905939,0.4235915370631118,0.02296867527124062,20.07244091883583
MSFT,2015-05-11,84.93949734226842,85.2255854088266,84.43430906143638,85.17068657105868,85.17068657105868,2660831,technology,1.0,17.63898307209253,0.40526149002547956,0.023164129577758215,19.835994810788087
MSFT,2015-05-12,86.12523838801914,86.3878440551003,85.57260683425851,86.16906846970998,86.16906846970998,3818011,technology,1.0,20.97352143681367,0.445117825629558,0.023331513117971527,21.24964896523291
MSFT,2015-05-13,87.04473161443129,87.24502428731684,85.9519993000696,86.56655813089093,86.56655813089093,3016854,technology,1.0,17.952791239922963,0.44367269153677114,0.024294252277359436,21.06595772081544
MSFT,2015-05-14,85.16219005884786,86.32881843728407,84.56254699120385,85.48646510469213,85.48646510469213,3506166,technology,1.0,19.61084103113669,0.4369740774727971,0.025313091530428194,20.535352419057443
MSFT,2015-05-15,85.18737044654813,86.09095579069617,84.48899492085604,85.48733095867158,85.48733095867158,3246799,technology,1.0,18.313062378334156,0.45442750507952456,0.025069159414472814,19.984651616239233
MSFT,2015-05-18,83.60930176760513,84.45569564485982,83.20507700394806,83.93714377521033,83.93714377521033,5050524,technology,1.0,19.079672739267565,0.45790346285630973,0.02451458958796687,19.73024815150875
MSFT,2015-05-19,85.63194886462449,85.63621758755636,84.73609944852406,85.19047013674252,85.19047013674252,5108682,technology,1.0,18.366745797726406,0.456461665158758,0.02276877364998436,20.94565169536999
MSFT,2015-05-20,83.5282084014962,83.79838921192082,83.25772150801824,83.64422453992324,83.64422453992324,3468742,technology,1.0,19.561541154619643,0.44367750256063027,0.0228143269002325,20.525008305773156
MSFT,2015-05-21,84.67845812716705,85.2231798215695,84.58932761968975,84.68497185647895,84.68497185647895,3480879,technology,1.0,19.136774117316698,0.4279675634085148,0.024717352439623808,20.30061688089703
MSFT,2015-05-22,88.31156787218985,88.75414993555883,87.7246136988742,88.41840815163961,88.41840815163961,3189298,technology,1.0,18.551710226355766,0.4633166619561343,0.022880470324661246,22.52811265985035
MSFT,2015-05-25,87.77944352969993,88.84248633716068,87.74994088577773,88.028852917665,88.028852917665,4287443,technology,1.0,17.94982788031929,0.45025027518843064,0.024042215405709638,20.89266875316467
MSFT,2015-05-26,85.91865402217547,86.6368128859559,85.68183209627131,85.97930829199645,85.97930829199645,3217824,technology,1.0,19.26777419749251,0.46776715049669304,0.024613773877148522,22.23818225471011
MSFT,2015-05-27,85.27478067372417,85.65628646057705,84.57073992155489,84.65050597859145,84.65050597859145,3158894,technology,1.0,17.78728120095741,0.46580151098944467,0.023213870439783756,20.427207563466695
MSFT,2015-05-28,86.36615860861583,87.01348590291188,85.84293652230157,86.00697518116387,86.00697518116387,4179568,technology,1.0,19.42748104212084,0.4215647586190577,0.02336904310497168,21.196734124420466
MSFT,2015-05-29,85.76055625077117,86.81922261942893,85.21277706692476,85.980564475881,85.980564475881,3085857,technology,1.0,21.6264849090369,0.42131555585084796,0.024341025378946828,20.887159949529867
MSFT,2015-06-01,86.22805653956871,86.62555134572887,85.5199917596648,86.06086417878085,86.06086417878085,3410771,technology,1.0,20.350170051262012,0.43488918562518947,0.0249806377352228,19.23487440147418
MSFT,2015-06-02,87.77188335582144,88.55675129479484,87.4023155287229,87.99138387429115,87.99138387429115,2504846,technology,1.0,19.71834788689416,0.42887469183418664,0.025580347222296605,22.349881198898498
MSFT,2015-06-03,86.80220375880548,88.06895340628496,86.72393249603972,87.26725996842153,87.26725996842153,3956372,technology,1.0,18.91439270225885,0.46510503551952204,0.0251677228908375,20.77462394633752
MSFT,2015-06-04,89.43277215127978,89.65516879517655,88.7736766463829,89.16007314729943,89.16007314729943,5066563,technology,1.0,17.061247372996476,0.4570261935197584,0.024676167055243243,21.64362218090546
MSFT,2015-06-05,90.86901892683612,91.67462540520289,90.23444212995626,90.55386624942051,90.55386624942051,3969874,technology,1.0,17.677713604099814,0.4719836798757062,0.0238981567108781,20.13179688646434
MSFT,2015-06-08,92.34527862763666,92.43535655889269,91.39316254530084,92.0563912417912,92.0563912417912,4603649,technology,1.0,20.282792856102713,0.4579297363482184,0.02361528547277473,20.704801830873333
MSFT,2015-06-09,91.24054511135674,91.96182174985107,90.71223807769613,91.36933894299717,91.36933894299717,2901619,technology,1.0,18.21024391987522,0.4541729916374674,0.024217156384474203,19.987817350560814
MSFT,2015-06-10,92.59473724423094,93.3663178855417,92.13957321358266,92.64108810063112,92.64108810063112,3602954,technology,1.0,18.300747901835955,0.4739945956068834,0.025179810061968014,22.074898745825635
MSFT,2015-06-11,92.05758605413476,92.62337770331712,91.40368809421754,91.85098593815685,91.85098593815685,2845837,technology,1.0,18.83434952431598,0.459394546794701,0.025148339187798893,21.133751597938666
MSFT,2015-06-12,91.42463569673367,91.87767658618066,90.43498747011043,91.31738451419876,91.31738451419876,3283586,technology,1.0,17.937953741153446,0.4513620192687544,0.02275365449963053,21.17205379878376
MSFT,2015-06-15,93.48032500518822,94.16862798239237,92.77333870874438,93.5908475989444,93.5908475989444,4010563,technology,1.0,17.773231265448363,0.4796090606786137,0.024109720461272247,22.145063292116586
MSFT,2015-06-16,94.82247147638225,95.42980588188779,94.35122317442149,95.28529267309843,95.28529267309843,3507324,technology,1.0,18.949525927218577,0.4523036176630558,0.026141746045330008,21.92432519964311
MSFT,2015-06-17,96.23866179022735,96.44612415706085,95.74475550272399,96.20579542933105,96.20579542933105,2590785,technology,1.0,18.108470545327965,0.4439131879016416,0.025058294545712092,21.513662329993508
MSFT,2015-06-18,95.84595652845535,96.10464413633433,95.51140420315294,95.53670146311677,95.53670146311677,2641861,technology,1.0,18.258981420221104,0.433243534824447,0.023603911588989064,19.30616493343958
MSFT,2015-06-19,94.6147619084752,95.52354303775756,93.72300901301985,94.95591618807926,94.95591618807926,2607147,technology,1.0,18.218808973852994,0.46406050918090824,0.027418582687874303,20.011027917264794
MSFT,2015-06-22,95.38877593439467,95.81029995948104,94.90246027908243,95.20633411705792,95.20633411705792,3791569,technology,1.0,19.522360213834467,0.4747410108368494,0.025075660778145485,19.68088181141286
MSFT,2015-06-23,98.48233673657693,98.72310225901342,98.13267672614924,98.3844810636968,98.3844810636968,5192775,technology,1.0,18.76787430950464,0.4489882519713314,0.02553077747395776,21.389620799525925
MSFT,2015-06-24,100.1751703893466,101.05952614203548,98.95132629875054,99.95023789724179,99.95023789724179,4513085,technology,1.0,18.821428032106148,0.4761583124755968,0.025587809274873585,20.809316754602737
MSFT,2015-06-25,98.20294132657163,98.57014357200204,97.24278694691759,97.9467199064628,97.9467199064628,2352062,technology,1.0,19.596945897308885,0.4105996993605685,0.024862530056852367,19.223997140693204
MSFT,2015-06-26,98.78980300908363,99.43760474657931,98.74301243074359,98.99605095851932,98.99605095851932,4566306,technology,1.0,18.857960391767058,0.4488909325038417,0.02454439284537526,20.400883886935397
MSFT,2015-06-29,99.98003576853309,100.87900682651313,99.91816264646738,100.46739084464195,100.46739084464195,4144447,technology,1.0,18.721746231542827,0.4491981017579113,0.02743548251644669,19.069914965363054
MSFT,2015-06-30,99.48237023920196,99.82314419322095,99.45700067892629,99.64185286143234,99.64185286143234,2522951,technology,1.0,19.470450355570172,0.4354601125518531,0.026358854405182604,20.484557800828078
MSFT,2015-07-01,96.66005461372148,97.3672456864051,95.82486115273078,96.40291122813528,96.40291122813528,3234418,technology,1.0,19.668197843557632,0.4976772207596375,0.026219426740857633,18.85532386840831
MSFT,2015-07-02,98.53417690856642,99.13725991164243,98.46366141747166,98.69465557430169,98.69465557430169,4278463,technology,1.0,18.852926500491396,0.4486761473462248,0.026015619735651266,21.011808549762492
MSFT,2015-07-03,98.25929147338724,98.48031440862201,97.34215068725631,98.46430695803473,98.46430695803473,3836560,technology,1.0,19.08060777562052,0.44184538456791134,0.024477854157755472,20.83253866539976
MSFT,2015-07-06,98.44039730662041,99.93542850595277,97.51810278623039,98.98123582978855,98.98123582978855,2644998,technology,1.0,18.21820977026667,0.45051924226867013,0.026800542744041533,22.333437704805654
MSFT,2015-07-07,98.83725518650894,99.64353354902018,97.78341076782719,98.32029272468897,98.32029272468897,3883115,technology,1.0,18.139316956835476,0.4099437252294834,0.024721720898473607,21.243601941641863
MSFT,2015-07-08,98.80223152191104,99.51712431013927,97.9503416972938,98.55808924562227,98.55808924562227,2241150,technology,1.0,19.769147501966806,0.4348026414931017,0.025889981358820105,19.94238837223111
MSFT,2015-07-09,97.19557232971826,98.0402911473398,96.68854353225501,96.9715981984659,96.9715981984659,3286834,technology,1.0,19.444942062544623,0.4696647993889081,0.024009145659388987,21.15228968393825
MSFT,2015-07-10,99.15797825106131,100.05714999037055,98.80768824639837,98.8709384994594,98.8709384994594,4314928,technology,1.0,19.455298438416577,0.4374210929013445,0.023649517718390137,18.904824293006985
MSFT,2015-07-13,100.60257476006493,100.94209809423785,99.68819751320575,100.42882033877699,100.42882033877699,3449289,technology,1.0,19.280854348725523,0.4334224967439946,0.02605050877587487,19.307644588316116
MSFT,2015-07-14,102.57683124212846,103.27923558683133,102.47242240022125,102.65207383317285,102.65207383317285,3110246,technology,1.0,19.046203275814953,0.476190512730288,0.02496495931021095,20.570258168605275
MSFT,2015-07-15,105.59551540842303,106.29060891143537,105.50517037641836,105.64741917328423,105.64741917328423,4105627,technology,1.0,19.69641189082277,0.4768050880190366,0.023826732010292687,18.045243011689656
MSFT,2015-07-16,105.69989839525503,106.11855140660951,105.37093588504361,105.83565305650593,105.83565305650593,4176358,technology,1.0,19.935108761022782,0.46033980944322284,0.026398350088721136,20.13209686028109
MSFT,2015-07-17,107.33917857963563,107.57742030317793,106.48412386026268,106.49739946381604,106.49739946381604,4466018,technology,1.0,19.911228005190647,0.44089765331922665,0.02801966236100895,19.114156766254112
MSFT,2015-07-20,103.43916865584569,103.55699337326918,102.81873131389605,103.26694664162477,103.26694664162477,4093326,technology,1.0,18.899222084054013,0.44521057869767355,0.027330982852722324,20.200296645946977
MSFT,2015-07-21,101.10174961458758,101.9101256859304,100.38627183280818,101.24261872833691,101.24261872833691,4266374,technology,1.0,20.386992729908837,0.4339170007685008,0.025725945713060687,18.98523972599999
MSFT,2015-07-22,101.56520539250825,102.35834736969777,100.61081167954966,101.42356836081908,101.42356836081908,3979161,technology,1.0,19.228460681732322,0.43010453761942713,0.026033949909207408,20.45063767910864
MSFT,2015-07-23,101.68373921757379,102.76916311896741,101.06925695470613,101.9930440116606,101.9930440116606,3624060,technology,1.0,19.632376192565797,0.42911167023383134,0.026954651863478472,20.008567549972895
MSFT,2015-07-24,102.62919918642831,102.9537900732571,101.30282662385305,102.16806158120582,102.16806158120582,3498699,technology,1.0,19.28208789083488,0.4376389118642959,0.02723091463071357,21.35190407392792
MSFT,2015-07-27,102.47050721511957,102.88488006891842,102.05396234507877,102.67413130054447,102.67413130054447,3277357,technology,1.0,19.247006707484175,0.4293055801863051,0.02580709189623706,19.920028640505134
MSFT,2015-07-28,103.40657866000919,103.87564556226582,102.37499662780203,103.25136539471617,103.25136539471617,2696664,technology,1.0,18.26424800974968,0.41872589762913703,0.026226646334971435,19.1058757925163
MSFT,2015-07-29,104.93042182904583,105.50419549949419,104.06618058633482,104.5959310610262,104.5959310610262,2838929,technology,1.0,19.701350838344826,0.45438805339507815,0.0265349244301955,19.58833654516745
MSFT,2015-07-30,104.55285818886499,105.51379005040206,104.19938959991877,104.4323113836079,104.4323113836079,3248153,technology,1.0,21.84529439490764,0.45469191161786876,0.026830026947893895,18.451180035295135
MSFT,2015-07-31,102.84078543054167,103.74046043352534,101.84095588909854,102.81164758402299,102.81164758402299,3606651,technology,1.0,18.625204925209918,0.4840158551685663,0.026184915189787897,20.161249003092184
MSFT,2015-08-03,100.88612755135667,101.81030332791865,100.6054598387058,100.88285831576853,100.88285831576853,4584366,technology,1.0,19.07099471542495,0.43663323263290593,0.02623974739091452,20.304169791021014
MSFT,2015-08-04,103.35843224893746,104.25490290344361,103.331350805655,103.37593620263048,103.37593620263048,3408014,technology,1.0,18.553794735652737,0.45592201179246544,0.027781505969921752,22.14224718886707
MSFT,2015-08-05,100.72226804091991,101.87006103792717,100.47784124090902,100.8968291877103,100.8968291877103,4200420,technology,1.0,18.511980098438066,0.45625425158549604,0.027653035346794353,19.00948204336488
MSFT,2015-08-06,103.14724639274293,103.76732189701396,102.7690182704412,103.2865231347457,103.2865231347457,4264617,technology,1.0,20.544449478118672,0.44492324877748934,0.026962766221971655,19.321337208680163
MSFT,2015-08-07,101.50426098932033,101.55244861205558,100.70063900154769,101.0556978759807,101.0556978759807,3281170,technology,1.0,18.327028982272534,0.46488667177499354,0.028246305722742594,18.97074559102618
MSFT,2015-08-10,101.81684428334668,101.93511559009487,101.2826443822512,101.85000765395584,101.85000765395584,3870669,technology,1.0,18.52591952663364,0.4655045837370143,0.02618259189467735,19.715560575172137
MSFT,2015-08-11,100.59238920916877,101.22360068807346,99.70403077878039,100.83008492289063,100.83008492289063,3273251,technology,1.0,17.412507176268697,0.45654822190395083,0.028233852109717246,19.84166255263251
MSFT,2015-08-12,96.78884877359059,97.18879616838268,96.50589796904599,96.93899688699535,96.93899688699535,4476836,technology,1.0,18.242388275457753,0.4448872058990441,0.027195235108807517,19.362716779441136
MSFT,2015-08-13,96.99292457634547,97.15775492594891,96.17034484987583,96.67379355229531,96.67379355229531,3902658,technology,1.0,17.29160010704665,0.4428493978289093,0.029965586791670655,20.45814379678047
MSFT,2015-08-14,95.77671138340507,96.68965861141194,95.25786693913278,95.5829818936501,95.5829818936501,2708493,technology,1.0,19.63180469921193,0.42264492202405884,0.02554391974685769,18.710183580489016
MSFT,2015-08-17,94.81633510002843,95.00162479182694,93.8793499852008,94.6572174973463,94.6572174973463,3549456,technology,1.0,21.79969722183731,0.4338816444276462,0.026088897425606928,20.268313688592205
MSFT,2015-08-18,95.04502629556016,96.0310586772958,94.89523389581294,95.1185113948389,95.1185113948389,4778429,technology,1.0,18.63332120634948,0.43755984952196625,0.027238881510208916,19.775257909144212
MSFT,2015-08-19,98.00109985129937,98.74673028291004,97.73155183796952,97.83281885125776,97.83281885125776,3314289,technology,1.0,17.333242067009763,0.4275205647514113,0.027259158739171462,19.179007013898303
MSFT,2015-08-20,98.94488109467606,99.77169157404471,98.44719303944825,99.13628186591923,99.13628186591923,3758547,technology,1.0,19.899999664429732,0.4587984793337533,0.02885390467455159,18.83004633539985
MSFT,2015-08-21,100.4465645170648,101.20442460394295,99.7716765197467,100.52485750758882,100.52485750758882,3833066,technology,1.0,18.273075041069845,0.4739325573797402,0.026277232011261135,21.52527873378362
MSFT,2015-08-24,101.28310315018706,101.61883063133511,100.18588836784318,100.98928356903588,100.98928356903588,2793135,technology,1.0,20.29934693055354,0.431838751353417,0.027892366217438656,18.23492516055418
MSFT,2015-08-25,103.060712771746,103.72692508471815,102.18502693116544,102.79110885555474,102.79110885555474,3806198,technology,1.0,18.717970952210056,0.4556688287148928,0.02819175170761087,19.302897627436128
MSFT,2015-08-26,104.9448831828778,105.45143842529814,104.1327674548506,105.25493575613942,105.25493575613942,2600548,technology,1.0,18.36818431091722,0.4293177772094058,0.02777577753933362,18.207496869067143
MSFT,2015-08-27,106.09048487997643,107.36085126489142,105.67385687467672,106.36347517989549,106.36347517989549,3032431,technology,1.0,18.822042444254315,0.44390155658121677,0.02615197436937275,20.695822150724872
MSFT,2015-08-28,105.48000577860729,105.79833741103717,105.41096176268971,105.44561928114547,105.44561928114547,4261554,technology,1.0,19.75777676093619,0.4361934084164445,0.02856257052073537,19.749260365826835
MSFT,2015-08-31,105.90943847432405,106.17970507655636,105.24149608858147,105.36382275758164,105.36382275758164,3690790,technology,1.0,18.772579369244344,0.4620379129721288,0.028425977650980688,18.136077233645704
MSFT,2015-09-01,104.30078021391942,105.64966501484787,104.26039223871847,104.90362942839764,104.90362942839764,3233592,technology,1.0,18.503275297206294,0.43642423652315643,0.02783807824363975,19.278788956860573
MSFT,2015-09-02,101.24473335706587,101.90935311129785,100.82750438818819,101.16026465557792,101.16026465557792,3757604,technology,1.0,18.80116839702113,0.47023320827413295,0.027484682415242427,18.9754437089185
MSFT,2015-09-03,101.61525832720662,102.49696769562114,101.1117635207875,102.03647817330939,102.03647817330939,3395567,technology,1.0,17.728144815499114,0.445085584526756,0.027548283742261946,18.152477880053905
MSFT,2015-09-04,106.6933977247724,107.57288654935017,106.31323049477139,106.89682162597258,106.89682162597258,3445279,technology,1.0,19.39703160229398,0.4370079258081034,0.027285280944162296,19.378435656100823
MSFT,2015-09-07,107.9501161464682,108.24062698406587,107.34494836201755,108.0682655876814,108.0682655876814,3919065,technology,1.0,17.21327340615509,0.42493389475309673,0.028046642874838417,18.960573333187494
MSFT,2015-09-08,110.11891562319653,111.0004072460071,109.5896740404904,110.2580088611671,110.2580088611671,2971348,technology,1.0,18.555878545634485,0.455064090205907,0.027478833597714854,18.73780447731324
MSFT,2015-09-09,110.70330829379594,111.18092706828365,109.95280318379291,110.8808715708872,110.8808715708872,3464459,technology,1.0,19.759385208830743,0.4679043680445236,0.026641014773601333,18.430878847507564
MSFT,2015-09-10,112.13538949119608,112.44133517631434,111.38508059432274,112.13296504404833,112.13296504404833,3228558,technology,1.0,19.303048282932718,0.4554664251307375,0.026482789108310485,18.85441451677925
MSFT,2015-09-11,112.83093407109318,113.19568907465353,112.47205932296521,113.01240562872646,113.01240562872646,2502696,technology,1.0,19.59032057298639,0.4947766333282885,0.026821185503669884,18.60319155381725
MSFT,2015-09-14,110.88356135702603,111.74236831672823,110.49966643898881,111.3721926136919,111.3721926136919,2858789,technology,1.0,18.93495432728119,0.4785957490494084,0.02783719500405573,18.383237261484012
MSFT,2015-09-15,111.29432858188935,111.66299222538323,110.38483490729948,111.03455116470897,111.03455116470897,4702671,technology,1.0,20.169746180985516,0.4438494447056597,0.027629947929255168,17.633378010709748
MSFT,2015-09-16,113.77064843256726,114.28737083922555,112.83722732277677,113.51426324445377,113.51426324445377,3711492,technology,1.0,19.924699196769794,0.4436394513238586,0.027914088563163228,19.918333946927273
MSFT,2015-09-17,117.68239432806544,117.90648456042443,117.01605314513225,117.38546510243215,117.38546510243215,2637342,technology,1.0,19.446141004247675,0.45939393438970705,0.02824139890760469,17.124259163809292
MSFT,2015-09-18,115.48074380039385,116.24091952249812,115.09929024899466,116.01699797318471,116.01699797318471,2525448,technology,1.0,19.927545777313544,0.43323961639148634,0.0271551058523258,18.552378206179615
MSFT,2015-09-21,116.47362228500418,117.10460482273538,115.56161252667947,116.3692676255156,116.3692676255156,3360388,technology,1.0,19.750423554403575,0.47332576613064975,0.029289927950772128,17.75452947539053
MSFT,2015-09-22,115.09564602216611,115.24397830364819,114.11907810163682,114.86271172881813,114.86271172881813,4696073,technology,1.0,18.56053648665311,0.45723201043687167,0.027598397959563408,19.784324948509212
MSFT,2015-09-23,116.83408766771795,118.00401214619991,116.67630229218243,117.1966479450433,117.1966479450433,3310627,technology,1.0,17.656101088308667,0.4551291782171707,0.02747452280601347,17.071295720674712
MSFT,2015-09-24,119.86149254884725,120.9929216627781,119.32956924984026,119.85819408196434,119.85819408196434,4463304,technology,1.0,19.420362125842622,0.46373907335541636,0.028432177032311535,17.189522580854163
MSFT,2015-09-25,121.3605298388518,121.92101730965899,120.27713701182499,121.40287515392734,121.40287515392734,3687230,technology,1.0,19.546089230831427,0.4844565976673812,0.02615512159678811,16.904996256406477
MSFT,2015-09-28,121.85540876013258,122.95345432283162,121.14168462776104,121.18568190891989,121.18568190891989,3776280,technology,1.0,20.090471991138564,0.4534191070437501,0.02724293835362436,18.14834262066787
MSFT,2015-09-29,126.0244685018861,126.14837146330166,124.2295150552979,125.30104441167471,125.30104441167471,2630950,technology,1.0,18.063678724954706,0.44773919258257233,0.029056386606223214,16.40193880419107
MSFT,2015-09-30,124.03725816857936,124.71324348412766,123.83485645662697,124.65969263787665,124.65969263787665,4145378,technology,1.0,18.093568940722836,0.4801743924664516,0.02637973288265337,17.24663536452431
MSFT,2015-10-01,125.74141468114269,126.64847411279807,124.17454631132509,124.80763131437512,124.80763131437512,3213957,technology,1.0,19.45990026630777,0.46935100831982274,0.02927657001283274,15.523048773555388
MSFT,2015-10-02,123.79765445659974,125.08321945304384,123.27233591058815,124.13849869757989,124.13849869757989,4084126,technology,1.0,18.928833011146914,0.44358040319232556,0.029711973386442818,17.866176848190396
MSFT,2015-10-05,127.9328283865203,129.01137663913343,127.5446307989843,127.55755153368365,127.55755153368365,2920209,technology,1.0,17.114238389428873,0.4501037289731804,0.027873222486444034,17.07598548735949
MSFT,2015-10-06,128.83163066404688,128.90482980563502,127.28172987740498,128.4576270609792,128.4576270609792,3560494,technology,1.0,19.37510816375419,0.45390761831877596,0.028576331595878194,16.038706173638403
MSFT,2015-10-07,129.2332015718117,130.6274167588428,128.64528713576973,129.62038682890667,129.62038682890667,3687283,technology,1.0,17.147577085011044,0.4572362588920997,0.02944544691748701,18.563066343701028
MSFT,2015-10-08,127.37205320280374,127.85165831787056,125.97017102058416,127.18384611724507,127.18384611724507,3332366,technology,1.0,18.054743448126622,0.42286800298121774,0.027901411648776565,16.120629212988604
MSFT,2015-10-09,127.35271266427749,127.78024343208831,126.98753652798109,127.39381006445514,127.39381006445514,3726235,technology,1.0,20.351681372860106,0.4191503078439688,0.02927781736153037,18.176237775008016
MSFT,2015-10-12,130.00727363210245,130.23221731497225,128.6670800477123,129.79143177716762,129.79143177716762,3258314,technology,1.0,20.824879017807117,0.4322521995599509,0.027780734050057612,16.629423648916855
MSFT,2015-10-13,131.2275046315609,132.53455125271913,129.9271640164284,131.13675577941382,131.13675577941382,3018250,technology,1.0,17.78434363152804,0.43070523113977316,0.028016121556039206,18.8833922165107
MSFT,2015-10-14,125.84850521857332,125.9286248940996,124.70018866739048,125.39844787478309,125.39844787478309,4737862,technology,1.0,18.670608462587307,0.43712351972054997,0.027736228389231517,17.982927232845654
MSFT,2015-10-15,127.27117129194197,128.3237140788118,126.98449717815252,127.24238923788991,127.24238923788991,4238799,technology,1.0,19.042622523078705,0.4626942128418001,0.02892005305693539,16.177097624338696
MSFT,2015-10-16,125.32220530933581,126.18718450724106,124.46343811559534,125.3853521572751,125.3853521572751,2951508,technology,1.0,20.781226927581567,0.44662141687350526,0.029777215914490236,16.220058087529683
MSFT,2015-10-19,126.97163703667049,127.90498071028621,125.86073624459395,126.55549817154281,126.55549817154281,3850404,technology,1.0,18.5071310521756,0.4539278921002038,0.028476974933991622,17.694900667099024
MSFT,2015-10-20,125.68610087087684,126.58063036813705,124.28255907492978,125.4676381381896,125.4676381381896,2962263,technology,1.0,18.52311597696672,0.42551393179915475,0.027431679710380484,16.779485098704562
MSFT,2015-10-21,125.7882173659982,126.86802680202675,124.96131976732667,125.51266182475752,125.51266182475752,2711637,technology,1.0,20.548725558462863,0.4407671559415811,0.027662063052190173,16.82527463287552
MSFT,2015-10-22,128.46537095633477,128.9585926064221,128.12042390282588,128.72201175665413,128.72201175665413,4225980,technology,1.0,18.625210847281743,0.46174515323489684,0.02918121030003163,18.21988917870324
MSFT,2015-10-23,125.27508260257123,125.67019076139442,125.10184344722087,125.66915447239064,125.66915447239064,2444081,technology,1.0,19.72220170896646,0.461899049163536,0.03067256829623946,16.15228693318526
MSFT,2015-10-26,123.81938176982078,124.77298520441127,122.95433800423649,124.0306265692554,124.0306265692554,4136543,technology,1.0,17.522857034887572,0.43550852343624186,0.029264017886343686,16.94590034578622
MSFT,2015-10-27,122.98419117562335,123.6496744477891,121.78619033955614,123.21367222379766,123.21367222379766,3267237,technology,1.0,18.828767255907675,0.4532332477275911,0.02852523734056214,17.763183291794427
MSFT,2015-10-28,124.63721067371618,124.79149575038801,124.30868958615672,124.34393334534357,124.34393334534357,3294255,technology,1.0,17.340403161673596,0.49397695706964667,0.029720158862247777,17.571952860204178
MSFT,2015-10-29,123.57738945395405,123.8074148670382,122.30426537731259,123.21661709490658,123.21661709490658,3730117,technology,1.0,17.944566219044297,0.44964804141488723,0.028756317263994843,16.557846226860583
MSFT,2015-10-30,120.96109637769818,121.41889122652637,119.83987124848824,121.01741677840808,121.01741677840808,3860239,technology,1.0,19.839201355152262,0.4361362610771511,0.028659371686401484,16.383532789262784
MSFT,2015-11-02,124.49763515187199,124.58507403771337,123.87277816764458,123.96548145659014,123.96548145659014,2913108,technology,1.0,18.950094608913286,0.4465247522127568,0.028121038802254528,14.88897174182858
MSFT,2015-11-03,123.31818782360297,123.38837215310018,122.67868205547256,122.81398627955338,122.81398627955338,3967096,technology,1.0,18.680894259447026,0.4518435421505367,0.03052978775638025,15.527271907316102
MSFT,2015-11-04,121.52818201336808,122.6414120676311,120.59919798898181,121.43950727992762,121.43950727992762,3515435,technology,1.0,18.251250376019083,0.446976632386189,0.026623971998822327,16.857999280607636
MSFT,2015-11-05,117.85292647186195,118.51296318335918,117.08928267090289,118.14423178774682,118.14423178774682,2673205,technology,1.0,18.779343926758717,0.44937290598646995,0.030002880120781363,16.35828666529273
MSFT,2015-11-06,117.89541747927214,119.05342246066819,117.26008670313614,117.34084937687237,117.34084937687237,3321825,technology,1.0,19.301113167100695,0.4211310640612632,0.02878311698688866,16.528042454207473
MSFT,2015-11-09,117.55227065836479,118.70763565056005,116.5713877663211,117.57379278252264,117.57379278252264,4530105,technology,1.0,19.982916206461763,0.430747390498281,0.02887836219741868,17.44974518690858
MSFT,2015-11-10,118.06205563881764,118.23037822548365,117.39965543258242,118.01738657853778,118.01738657853778,4805727,technology,1.0,16.3748533159032,0.4470132952585701,0.031022859089172208,15.180986189742432
MSFT,2015-11-11,116.78443608090625,117.73931098161134,115.72497074431429,116.90353916914535,116.90353916914535,3966797,technology,1.0,18.16823882573719,0.4466946405995513,0.028658253845038444,16.090399955027504
MSFT,2015-11-12,119.63357430757684,120.67446358203341,118.58320243455067,119.95377543453026,119.95377543453026,2708569,technology,1.0,19.159096242189005,0.4386762145028,0.028734156787394185,16.474027007184187
MSFT,2015-11-13,121.05733700495136,122.43284507126714,120.0737367367809,121.59306611901732,121.59306611901732,3790927,technology,1.0,18.901136884037715,0.44645972827847125,0.029325672706687164,15.540368182784832
MSFT,2015-11-16,122.7813421200579,122.89944672087438,121.91644336588531,122.5486706048982,122.5486706048982,4074147,technology,1.0,19.403376242526726,0.4512202971082841,0.029911755335603037,17.635704930663174
MSFT,2015-11-17,124.02697825156072,124.55356981285385,123.71478914866128,124.31915351922021,124.31915351922021,3973435,technology,1.0,19.267540286126554,0.46778826913049054,0.029097893171682026,17.07301312878499
MSFT,2015-11-18,125.56992766886512,125.6661627806154,123.79828047891768,124.42785494498136,124.42785494498136,4020797,technology,1.0,18.695132137006592,0.448015765295479,0.02800773102762311,16.415268034469765
MSFT,2015-11-19,121.51809783455398,122.6518570545175,121.39559376584846,121.91532487554282,121.91532487554282,3695596,technology,1.0,18.473146804012824,0.4579820641059651,0.02875773278146133,17.88059565077803
MSFT,2015-11-20,120.60964286146815,122.26075241695419,119.81501087478782,121.06632287956576,121.06632287956576,3387211,technology,1.0,18.7544985102645,0.4391679939713216,0.03094660582299172,14.549229309194356
MSFT,2015-11-23,123.98384065011932,124.81699288848257,123.62852745349804,123.79438372637632,123.79438372637632,3042915,technology,1.0,20.148742349822744,0.46144191447196964,0.02978188975984681,16.002701200117567
MSFT,2015-11-24,128.3908290040842,129.30338163114098,127.15116781546492,127.80446970948725,127.80446970948725,2351144,technology,1.0,18.267992067094287,0.45751460595224713,0.030200041258599222,16.33961998881614
MSFT,2015-11-25,125.61207735986682,126.84883508392384,125.5194452586797,125.5877423522824,125.5877423522824,3678179,technology,1.0,18.937193276856046,0.4673163400635964,0.029529373771906463,15.022146475654157
MSFT,2015-11-26,125.05310919160387,125.90098372077402,124.46488724518166,124.83879502900189,124.83879502900189,3566911,technology,1.0,19.183342213998422,0.46426920924888976,0.02917313828709033,16.201407692030823
MSFT,2015-11-27,121.98692497738453,122.71463197080406,121.7038171599401,122.66534310687362,122.66534310687362,3842044,technology,1.0,20.56035092987446,0.4617747124576229,0.03155204643732311,14.758685411483333
MSFT,2015-11-30,120.62106069583729,121.9146477922875,119.8731720723697,120.86672650392643,120.86672650392643,2629991,technology,1.0,18.699691741763687,0.4480316518268444,0.029728126134580722,16.520992946014715
MSFT,2015-12-01,119.29759134454159,120.11953041280336,118.35897374807982,119.68307223111809,119.68307223111809,3909825,technology,1.0,19.95880665601096,0.4548987845408894,0.029514789116288773,16.854040761158437
MSFT,2015-12-02,118.50502799599535,119.18779813354521,118.43712111367456,119.18259745608081,119.18259745608081,5183074,technology,1.0,20.231979403265022,0.47127017856903053,0.03109614236635534,16.034921910278506
NVDA,2015-01-01,97.21475349775949,97.7861230612765,96.98339552044948,97.46334566362631,97.46334566362631,3466009,semiconductors,1.2000000000000002,21.370744507474978,0.4960024082580338,0.020993884603477925,17.678127289810057
NVDA,2015-01-02,95.04732224720142,95.84091455368068,94.21828722458507,94.95810940519239,94.95810940519239,3240006,semiconductors,1.2000000000000002,20.042381228696126,0.4989888592829072,0.020250506903148086,18.38169426393193
NVDA,2015-01-05,96.68322984076359,97.5494182981997,96.58038955847728,96.66351919092763,96.66351919092763,4225938,semiconductors,1.2000000000000002,19.663875397373655,0.5260918417135665,0.02084483255817452,18.07827302262256
NVDA,2015-01-06,97.29156199041918,98.22051048090148,97.10596768009657,97.74805988274868,97.74805988274868,3876657,semiconductors,1.2000000000000002,18.14151206225902,0.5000741070159495,0.019836970232295904,17.485599328239037
NVDA,2015-01-07,91.36963373871527,92.55298310371153,90.95341681816289,91.73262805440827,91.73262805440827,3203840,semiconductors,1.2000000000000002,20.452254122702193,0.4921000545740365,0.02015899638901751,18.328894213357415
NVDA,2015-01-08,92.33244613983885,92.58802538608248,91.47031789814982,92.32914693793064,92.32914693793064,4065275,semiconductors,1.2000000000000002,20.661275108883046,0.48870985668772626,0.019547580628456684,18.515134794240538
NVDA,2015-01-09,93.2713571506912,93.88548694322614,92.19929036669726,92.72026498409696,92.72026498409696,4175115,semiconductors,1.2000000000000002,18.2182675008989,0.4889246969232768,0.021155110974404864,17.924105183020256
NVDA,2015-01-12,91.41986018146955,91.50027651738091,90.90746578287035,91.26126549318191,91.26126549318191,3098072,semiconductors,1.2000000000000002,21.134532448697218,0.4719580800791447,0.01959947369812135,19.253032247301466
NVDA,2015-01-13,92.28982788033487,93.20975896914825,91.38689168621329,92.77008977326851,92.77008977326851,3273581,semiconductors,1.2000000000000002,20.76569552589211,0.48499249383347043,0.021819884378410658,19.687648260177934
NVDA,2015-01-14,90.1392313261652,91.18603173228463,89.72124551916481,90.98828525219307,90.98828525219307,2315016,semiconductors,1.2000000000000002,21.132315942547347,0.5299684055130065,0.020060734869337078,19.41821209107621
NVDA,2015-01-15,91.11020111853749,91.16738486728865,90.51596515125425,90.91027480777095,90.91027480777095,2904779,semiconductors,1.2000000000000002,20.58352509183334,0.49586801478865006,0.02043891860585734,18.221440012866253
NVDA,2015-01-16,92.23854872838433,92.26861753814282,91.85885398456422,92.26518019140197,92.26518019140197,3114272,semiconductors,1.2000000000000002,20.653682708811317,0.514088233371122,0.02121897906667944,19.302745659350947
NVDA,2015-01-19,95.38816567597911,95.69794076284592,94.76592346056923,95.06269023596985,95.06269023596985,3666812,semiconductors,1.2000000000000002,20.52072089870174,0.4504248696419833,0.020525956471398786,18.673969389845222
NVDA,2015-01-20,98.56364884464523,99.40736124316868,98.24263215607024,98.82475905357063,98.82475905357063,2990417,semiconductors,1.2000000000000002,20.868472321501194,0.5113662261793176,0.020246024740107997,17.409180297098498
NVDA,2015-01-21,100.06927957908623,100.52482530840611,99.27666220498723,99.96425338646114,99.96425338646114,3260234,semiconductors,1.2000000000000002,18.18124223087608,0.4967729459126177,0.020555750610768937,19.36639479540064
NVDA,2015-01-22,100.09560424069541,100.39766204346141,99.80138176033344,99.84215289986909,99.84215289986909,2827585,semiconductors,1.2000000000000002,18.498940566378486,0.49037119954218983,0.02152143341631909,18.888343518720518
NVDA,2015-01-23,101.44874205520006,102.59202061405807,100.75704756390991,101.58510898255886,101.58510898255886,3738603,semiconductors,1.2000000000000002,19.263992099810228,0.5036191991484227,0.0200066038448089,21.384100175499913
NVDA,2015-01-26,98.47573907152028,99.52816584429571,98.27760145494568,98.60177745523872,98.60177745523872,3933904,semiconductors,1.2000000000000002,19.870179828327448,0.49008349492375947,0.020585060063856443,20.295943739633483
NVDA,2015-01-27,100.64693611567334,100.7734023191333,100.25264453525864,100.63930881409206,100.63930881409206,3915576,semiconductors,1.2000000000000002,20.388136923308178,0.4575225016022329,0.020763424802651285,19.597710776918543
NVDA,2015-01-28,99.63816310751132,100.05176852236667,99.33044152369068,99.47621294408086,99.47621294408086,3621765,semiconductors,1.2000000000000002,20.32468165322885,0.5184449588234388,0.021659564275025567,19.183372603762976
NVDA,2015-01-29,99.846567459395,100.49874049925242,99.29466451529267,99.85086124748192,99.85086124748192,2654549,semiconductors,1.2000000000000002,21.11710581145603,0.5048603512269638,0.020736974709810573,19.145306345446475
NVDA,2015-01-30,99.11312677148912,99.84011243550218,98.10358713659893,98.82436306835912,98.82436306835912,3191524,semiconductors,1.2000000000000002,21.14849529858035,0.493721150905043,0.02268696018235983,18.025004018733245
NVDA,2015-02-02,100.87076843630231,101.38082495598843,100.51302463143206,101.0107496956383,101.0107496956383,3330185,semiconductors,1.2000000000000002,19.12761489170621,0.48067629255855127,0.020763963514335113,17.33652978558594
NVDA,2015-02-03,100.69685151146379,101.85424185991936,100.53229616303295,101.09975279211143,101.09975279211143,3332858,semiconductors,1.2000000000000002,20.23857611005047,0.4706028496778573,0.02072465945782903,18.249482746313564
NVDA,2015-02-04,96.43668349624537,96.55640965125659,95.65095030701629,95.86809689778096,95.86809689778096,3667409,semiconductors,1.2000000000000002,19.15216845227816,0.5044778541413611,0.02083315197880068,19.12053800875552
NVDA,2015-02-05,95.66733687706075,96.15919646184558,94.88467003526014,95.84118331540868,95.84118331540868,4804714,semiconductors,1.2000000000000002,19.811752961646434,0.5322688192045072,0.0197293836759445,17.108604412474392
NVDA,2015-02-06,97.28736119526805,98.15174086698529,97.0269728036558,97.45355129455876,97.45355129455876,4249956,semiconductors,1.2000000000000002,20.321791369048494,0.5040633295348208,0.020051139262027926,18.715373307838668
NVDA,2015-02-09,98.5850953624022,99.22151265300965,97.82135407230709,98.60456088513952,98.60456088513952,2965322,semiconductors,1.2000000000000002,16.59128792352831,0.4723447678781435,0.020599040223231616,19.057283569209265
NVDA,2015-02-10,98.96786258377692,99.79643163875855,98.62020536547838,98.9479202905277,98.9479202905277,4137823,semiconductors,1.2000000000000002,22.411244039639683,0.5045023345407681,0.022307377966004942,19.13430908818254
NVDA,2015-02-11,102.00485229192857,102.17117249209822,101.81233592864425,102.12332054464217,102.12332054464217,4106413,semiconductors,1.2000000000000002,20.566408677397476,0.49893314075506545,0.021180263061976904,18.732476164925806
NVDA,2015-02-12,105.09876940848362,105.28755967526214,104.33437706251263,105.10426653933887,105.10426653933887,3074910,semiconductors,1.2000000000000002,19.404296724586594,0.5172808725214846,0.020770585935907304,19.096762801431208
NVDA,2015-02-13,105.43630947136077,105.5000251184452,104.94229288407061,105.44888812064066,105.44888812064066,4281325,semiconductors,1.2000000000000002,21.927369755230227,0.5121346635482346,0.02252360587531371,21.20584778460105
NVDA,2015-02-16,106.76074812616962,106.96585070923486,106.67141162553712,106.70478594956082,106.70478594956082,3498779,semiconductors,1.2000000000000002,19.652568829513804,0.4402835493178015,0.022890089266783473,20.187364934284506
NVDA,2015-02-17,105.70383385365217,106.46130451950435,104.68913791361764,106.45674517870236,106.45674517870236,2725082,semiconductors,1.2000000000000002,20.132519385828058,0.5109048440885692,0.022636135598983073,19.00776090989383
NVDA,2015-02-18,106.30473379079514,106.84073320974062,105.55207370060744,105.70826129840165,105.70826129840165,3957173,semiconductors,1.2000000000000002,19.512884189602374,0.4799304118099183,0.02056950414502426,19.542120369819923
NVDA,2015-02-19,102.93323635658516,103.52279055378047,102.56946311821203,102.97873905099937,102.97873905099937,3773042,semiconductors,1.2000000000000002,21.65199183744334,0.471565425171026,0.020969186526249857,19.624113952008642
NVDA,2015-02-20,102.31520931197144,102.98833266516326,101.74428078328792,102.13729963260367,102.13729963260367,3452000,semiconductors,1.2000000000000002,19.89501529369412,0.49623053179252874,0.023320012220942335,18.925971986444953
NVDA,2015-02-23,102.0983482774936,102.91682698038461,101.59864843437457,102.52220624739327,102.52220624739327,3585861,semiconductors,1.2000000000000002,20.14948410073951,0.5082194221806002,0.02178925684681174,18.965826810462875
NVDA,2015-02-24,100.96475373216634,101.11086209655497,100.17173210931263,101.10761887688224,101.10761887688224,3128871,semiconductors,1.2000000000000002,21.203782153025447,0.4671853077942635,0.02132233109409974,20.786028735202972
NVDA,2015-02-25,102.99410511369848,103.89772955378203,102.98783248464815,103.2022586615132,103.2022586615132,4081708,semiconductors,1.2000000000000002,20.585139457461075,0.514091528341151,0.022350147124510757,19.395774839691303
NVDA,2015-02-26,104.81082036374028,104.86772329819325,103.37767886303811,104.35072016393472,104.35072016393472,3581563,semiconductors,1.2000000000000002,19.94565193486593,0.5152667769506319,0.022680939234722128,18.76041302217834
NVDA,2015-02-27,107.03262250483198,108.14977426031136,106.34120304447188,107.22105716751615,107.22105716751615,3735117,semiconductors,1.2000000000000002,21.110390972357465,0.50093952392599,0.021144031600619853,19.851003960899956
NVDA,2015-03-02,106.26259519464264,106.28666790989617,105.01358493318615,106.02147691513706,106.02147691513706,3880320,semiconductors,1.2000000000000002,22.538483229427953,0.482647527395459,0.02197676213435215,20.050662814842195
NVDA,2015-03-03,106.947461297359,107.72499058591933,106.07328393818183,107.15655173602012,107.15655173602012,2867877,semiconductors,1.2000000000000002,20.31741044879942,0.4804124399162142,0.022725723249133377,17.99792075861714
NVDA,2015-03-04,108.08808037230158,109.20366287056494,107.08519785341485,108.2350480703746,108.2350480703746,3021135,semiconductors,1.2000000000000002,20.116760087872567,0.5205186426316045,0.020680717038140565,19.967303162934208
NVDA,2015-03-05,111.12056445616098,111.83910443594057,110.45272925157661,111.2024818195055,111.2024818195055,2322166,semiconductors,1.2000000000000002,20.17062708361908,0.4697755462700819,0.021895190645710657,20.91289621441826
NVDA,2015-03-06,109.72333610130357,110.39091125301059,108.91180708675357,109.30235421686668,109.30235421686668,4044823,semiconductors,1.2000000000000002,21.310429500831518,0.5212894092163836,0.020810296539417905,20.532444405759197
NVDA,2015-03-09,108.22068724034523,109.5795990747815,107.74136259735954,108.83774916935691,108.83774916935691,2835015,semiconductors,1.2000000000000002,19.400802264967076,0.4966960168173913,0.02098294669972591,22.346730773698464
NVDA,2015-03-10,110.77176984961186,111.34684927143861,110.04285581321709,111.21071751357745,111.21071751357745,3709894,semiconductors,1.2000000000000002,19.72168244028834,0.49808331000714284,0.021445268123356516,21.403177755010745
NVDA,2015-03-11,113.48741038843107,114.92474834550713,113.00289647665909,114.15429010485157,114.15429010485157,3891081,semiconductors,1.2000000000000002,18.462557050873357,0.4658382458917335,0.022527328742900393,21.63553712873984
NVDA,2015-03-12,114.65260714590612,116.04053996985652,113.81372522388328,115.0278863566397,115.0278863566397,4075363,semiconductors,1.2000000000000002,18.816132137360025,0.49706566739742825,0.021770027580566887,23.020616495502438
NVDA,2015-03-13,115.06894450205937,116.47355997323254,114.96325595940999,115.3497982084523,115.3497982084523,2839664,semiconductors,1.2000000000000002,19.48219999730203,0.5122717103202276,0.021485473088420717,21.011997477195475
NVDA,2015-03-16,114.4514407778814,115.51802523328828,113.50150909985413,115.00847787264195,115.00847787264195,3566044,semiconductors,1.2000000000000002,19.944063005939576,0.4732717982429604,0.022227286780898182,20.44959602667422
NVDA,2015-03-17,116.0368447419938,116.69360835070853,115.79991068723163,116.29297341513332,116.29297341513332,5045746,semiconductors,1.2000000000000002,21.76908332577012,0.5099727173450369,0.02107061049349089,21.292315584135046
NVDA,2015-03-18,114.41996068133443,115.9829146201869,113.33989619766385,115.11573670651221,115.11573670651221,5090379,semiconductors,1.2000000000000002,20.535992804925225,0.5017802450735804,0.022688217443775333,19.790744295487457
NVDA,2015-03-19,114.65463382327454,115.63019505448851,114.47629335592897,115.00585782256634,115.00585782256634,4401538,semiconductors,1.2000000000000002,19.087921489810206,0.4871248877233539,0.023432641992083832,20.488419729241794
NVDA,2015-03-20,117.34927647222227,117.65122162255462,116.77715817388851,116.92818752732528,116.92818752732528,3865101,semiconductors,1.2000000000000002,19.272019514635886,0.5170934617298261,0.022263892193321613,19.76309714800492
NVDA,2015-03-23,122.70985991815746,122.92111461764183,121.56641961004249,122.56146688043019,122.56146688043019,2954909,semiconductors,1.2000000000000002,21.374748683230653,0.4559548646204289,0.022182288245193516,20.838231071931002
NVDA,2015-03-24,123.02229791669664,123.23171914423632,121.94652901939604,122.95314869498024,122.95314869498024,4171241,semiconductors,1.2000000000000002,21.126610348629193,0.5069336149748742,0.022800218595893394,19.81708131906994
NVDA,2015-03-25,124.04124566908601,124.98681688448673,123.1248792821676,124.41552934376814,124.41552934376814,3500427,semiconductors,1.2000000000000002,20.028149910224204,0.5323887031614658,0.02044014982803038,19.810119985156604
NVDA,2015-03-26,121.5867384152908,122.35744140744679,120.4188607527438,122.14963506682766,122.14963506682766,4041415,semiconductors,1.2000000000000002,19.557473534461167,0.5287988627820133,0.023047277707643893,20.937886247529192
NVDA,2015-03-27,122.46007709457446,122.90424628520744,122.12877405671492,122.88001564372134,122.88001564372134,3183307,semiconductors,1.2000000000000002,21.124932835704644,0.5077961344107704,0.02565418705897499,20.413364773459744
NVDA,2015-03-30,122.93376648159543,123.01374738277052,121.91753605118205,122.94970438792599,122.94970438792599,3490003,semiconductors,1.2000000000000002,19.006672873275313,0.49396638447738306,0.02247146603829951,18.64950972246183
NVDA,2015-03-31,124.51198270784228,125.66980039041191,123.75133595494133,124.18852991390337,124.18852991390337,3733398,semiconductors,1.2000000000000002,20.39203039805752,0.48728394886904736,0.022516858229881996,19.14671275546996
NVDA,2015-04-01,123.46028000857594,123.55035828467024,122.46528012513996,123.12696273055926,123.12696273055926,3795230,semiconductors,1.2000000000000002,22.27265899089333,0.49394148412188715,0.023421431267882112,19.479519167968615
NVDA,2015-04-02,127.1143602171224,127.20738338375685,126.30898257253143,126.87433464539468,126.87433464539468,3987777,semiconductors,1.2000000000000002,20.205355682251458,0.5108761449583581,0.02436499794016449,19.767600090171136
NVDA,2015-04-03,123.91957878672252,124.75473073189082,123.91232946326647,124.19438003915215,124.19438003915215,3217647,semiconductors,1.2000000000000002,19.224390520738396,0.4838551238908117,0.02373647412058476,21.088045409662943
NVDA,2015-04-06,122.81441298993019,123.11543146291663,122.09989802298696,122.80536843628992,122.80536843628992,2761661,semiconductors,1.2000000000000002,20.410368702671537,0.5151484763610076,0.02064774040175118,20.914868355546428
NVDA,2015-04-07,124.10448984330147,125.4201446170596,123.17680147474337,124.22424544326958,124.22424544326958,5000042,semiconductors,1.2000000000000002,19.529991280984653,0.5426632103600665,0.023408587122181575,21.782767456491342
NVDA,2015-04-08,127.98771915489867,129.23166941971576,127.76431354043018,128.0650152652982,128.0650152652982,5943750,semiconductors,1.2000000000000002,18.605884156246585,0.4987623352974521,0.025458959433944606,21.49109364372333
NVDA,2015-04-09,126.31142842434268,126.82266540319043,124.37454006149402,125.54417977160168,125.54417977160168,3951019,semiconductors,1.2000000000000002,20.701036026872107,0.4731121039343339,0.023551311339646497,21.830237893943924
NVDA,2015-04-10,122.13438448665636,123.33438561595104,121.4865842738675,122.78341772002474,122.78341772002474,2772338,semiconductors,1.2000000000000002,21.11783440054972,0.47310510507367176,0.02181610938379938,21.386008059786754
NVDA,2015-04-13,120.4981666126346,121.03538428309679,120.28338344677724,120.58306075889378,120.58306075889378,3095193,semiconductors,1.2000000000000002,19.689093327927427,0.5155313110342316,0.023294381925673846,21.00579656699317
NVDA,2015-04-14,125.02818129787434,125.07552461484138,123.77062802805123,124.57531927688221,124.57531927688221,4000074,semiconductors,1.2000000000000002,19.622764325903727,0.49880507642079114,0.021773706054098264,21.913197708504057
NVDA,2015-04-15,118.83117406351217,119.70559363566178,118.60311005568889,119.35606317718855,119.35606317718855,4724267,semiconductors,1.2000000000000002,19.03843460887817,0.517536617921281,0.02432903799889229,21.750205860484698
NVDA,2015-04-16,118.18503355057896,118.5589813487539,118.10994664158031,118.41371913099931,118.41371913099931,2834629,semiconductors,1.2000000000000002,19.85006439953243,0.48932731501681304,0.022182192725779606,21.22304922562075
NVDA,2015-04-17,123.01945348085573,123.34114554434805,122.17638241501058,123.21500993205244,123.21500993205244,3524092,semiconductors,1.2000000000000002,19.43763161707681,0.5166124709507967,0.023254159952683654,22.13339571603879
NVDA,2015-04-20,124.59732354595151,125.38013033799075,124.45940068405055,124.68084339855527,124.68084339855527,3757206,semiconductors,1.2000000000000002,18.988967313296744,0.4968340165310055,0.022363977320183887,18.53111051823484
NVDA,2015-04-21,122.81491504940358,123.52764752593816,122.68446418041242,123.40576599674115,123.40576599674115,4294800,semiconductors,1.2000000000000002,21.892168830399605,0.485349918893521,0.02271715026881184,20.60021138211113
NVDA,2015-04-22,123.21249563140405,123.33931988423863,122.0827701870444,122.9928478478687,122.9928478478687,3372887,semiconductors,1.2000000000000002,20.466492816749508,0.49198003042395233,0.02479158997640443,20.59785693954566
NVDA,2015-04-23,124.06374653986343,124.65988985710618,123.74790561392723,123.81625495173519,123.81625495173519,2642502,semiconductors,1.2000000000000002,20.57239510802935,0.4760589128915353,0.023450737499621732,22.06849658157151
NVDA,2015-04-24,124.882315726451,125.43464818606587,123.68242594315325,124.69214449799193,124.69214449799193,4090752,semiconductors,1.2000000000000002,20.883399568932425,0.5397871911716322,0.022829918865186413,22.498565070430747
NVDA,2015-04-27,127.6643264996043,128.17471671849722,126.6479285489416,127.99854619446988,127.99854619446988,4524235,semiconductors,1.2000000000000002,20.771036216759807,0.49807236372883024,0.02228573437220951,19.487533988683214
NVDA,2015-04-28,128.38485882057222,128.390570694792,128.17006678605424,128.35154743896905,128.35154743896905,3553635,semiconductors,1.2000000000000002,19.586890047203283,0.5128902817736439,0.0216011018608809,22.358607805857115
NVDA,2015-04-29,125.35871090821844,125.94044890340028,124.70887561119434,125.6978841132188,125.6978841132188,3917828,semiconductors,1.2000000000000002,20.272552622971467,0.489262617342584,0.02226336371794175,19.78490400393911
NVDA,2015-04-30,127.91879498115848,128.34861046793094,127.79519281746639,128.04655855455408,128.04655855455408,3285737,semiconductors,1.2000000000000002,19.73096951573934,0.47896144356040354,0.023668444597092914,19.823221313563046
NVDA,2015-05-01,126.8812960856039,127.89666168275971,125.26939067803082,126.06685330975816,126.06685330975816,3050589,semiconductors,1.2000000000000002,20.43846362477666,0.4953223897816413,0.024578560128555298,20.73741479041651
NVDA,2015-05-04,124.13391338607953,125.27028283522593,124.02019142114199,124.0982864889257,124.0982864889257,4436095,semiconductors,1.2000000000000002,20.341690885958165,0.5220238506675839,0.023079815871594536,20.659932500980183
NVDA,2015-05-05,120.92837954314393,121.85339395596314,119.78623414849763,121.36073684399481,121.36073684399481,3903949,semiconductors,1.2000000000000002,19.617339739135797,0.48958536417203435,0.025252551968919852,19.425332932088292
NVDA,2015-05-06,119.0744286807937,119.55671194137926,118.76282309197646,119.01004353056616,119.01004353056616,3985103,semiconductors,1.2000000000000002,18.6707012770782,0.4825893605454117,0.02300634895015671,21.63841062367232
NVDA,2015-05-07,117.75983955235218,119.081779160762,116.95566390119546,118.23934595082231,118.23934595082231,4878864,semiconductors,1.2000000000000002,20.146237056965507,0.5031092848873828,0.023527678653689158,21.671887384538767
NVDA,2015-05-08,115.56800332505468,116.71234251584357,115.41973948746477,115.98520572618574,115.98520572618574,2925662,semiconductors,1.2000000000000002,19.7957305121927,0.5099804520143549,0.022727954660415887,22.049647639027697
NVDA,2015-05-11,115.75021512442942,116.32668900842255,115.50760678459801,116.11287853710921,116.11287853710921,3235178,semiconductors,1.2000000000000002,18.109627752291242,0.5328569633770637,0.024840134119505093,20.564439702610034
NVDA,2015-05-12,113.73118134403285,114.00561877707716,113.21831098109102,113.88297919633625,113.88297919633625,3728761,semiconductors,1.2000000000000002,20.507661768888717,0.5070750095674499,0.02598872400316591,20.95976857759562
NVDA,2015-05-13,106.71017493350453,107.17715134755235,105.8012256341981,106.41106333211492,106.41106333211492,3227238,semiconductors,1.2000000000000002,20.965342112242777,0.5128798535706247,0.02217123743236924,20.96954725399455
NVDA,2015-05-14,103.27257355058634,103.85588633736818,102.06392101199546,103.09368594405548,103.09368594405548,4225411,semiconductors,1.2000000000000002,22.528356475208952,0.5143855047384064,0.02362873332885484,22.687759679757086
NVDA,2015-05-15,101.09200000062704,101.23222229081321,100.90746825467778,100.9336365395075,100.9336365395075,3479921,semiconductors,1.2000000000000002,19.60880249667934,0.47693969236134737,0.025281516248723677,18.164476026491297
NVDA,2015-05-18,98.62882476902834,99.24526615191489,98.62851466062854,98.95505719876375,98.95505719876375,2962350,semiconductors,1.2000000000000002,19.461288103450933,0.4807333585906091,0.02261163188443214,20.03990007225049
NVDA,2015-05-19,101.73083703702615,102.20805547115424,101.37440565887033,101.89631084450434,101.89631084450434,3660661,semiconductors,1.2000000000000002,18.89057896956076,0.47832207420788697,0.02466710231701293,20.999676438632445
NVDA,2015-05-20,100.06655871295813,100.32803083070188,99.61886930803519,99.98497064489685,99.98497064489685,3738024,semiconductors,1.2000000000000002,20.208641906487006,0.47335708488616707,0.02536373161443351,19.905024850446253
NVDA,2015-05-21,100.86709530597027,101.52321901403626,99.97559435868502,101.05758480659748,101.05758480659748,4355440,semiconductors,1.2000000000000002,20.202318180558354,0.515909197497408,0.02426232923276688,20.727903515984178
NVDA,2015-05-22,102.43648999949868,103.19164068179698,101.50167246928956,102.52210614071436,102.52210614071436,3908359,semiconductors,1.2000000000000002,19.18870366521325,0.5058010018332751,0.024776204493534272,20.85494763734883
NVDA,2015-05-25,102.26189480356632,102.78280655048972,101.22742047267862,102.12667132118605,102.12667132118605,3961880,semiconductors,1.2000000000000002,19.82507011799616,0.501589921261829,0.02602868481290585,20.317308322564937
NVDA,2015-05-26,101.53729162665509,101.84841099390052,101.39191180122667,101.64364320455765,101.64364320455765,3851827,semiconductors,1.2000000000000002,18.021334333110644,0.44814566969195463,0.02625804998506349,21.03260824688586
NVDA,2015-05-27,100.66391134114703,100.76753381220223,100.18112978012617,100.59568948045887,100.59568948045887,3479348,semiconductors,1.2000000000000002,20.926376747833245,0.5411095371723724,0.02428949722211196,21.588609023907207
NVDA,2015-05-28,99.69105472828437,100.51038606124831,98.47693290304208,99.2169776175691,99.2169776175691,3130665,semiconductors,1.2000000000000002,19.229320740327832,0.48211455991692886,0.023860927590031313,20.715691395590806
NVDA,2015-05-29,98.48591927812606,99.00901361154828,98.17804139425358,98.53672248647398,98.53672248647398,3827673,semiconductors,1.2000000000000002,19.96534364858702,0.5410362551187792,0.02351516633244095,20.489441231817466
NVDA,2015-06-01,98.21701938751568,98.27805064204368,97.22163531312559,97.87075135490029,97.87075135490029,3379962,semiconductors,1.2000000000000002,18.573306578702223,0.47101517038697366,0.025453951598127456,20.766731794338433
NVDA,2015-06-02,97.50910216457763,97.76079412137966,97.11489678877277,97.34574527631572,97.34574527631572,5065505,semiconductors,1.2000000000000002,19.417646400538427,0.4837519768288693,0.023147052894091878,20.914106545988993
NVDA,2015-06-03,96.71154954545467,97.92016078714649,96.39876576955236,97.13912937494365,97.13912937494365,4725275,semiconductors,1.2000000000000002,19.720408846482474,0.4559430123498074,0.024308095418075746,19.169457988035514
NVDA,2015-06-04,98.00452077697247,99.06880876688217,97.16126082250551,98.32963898557281,98.32963898557281,4100288,semiconductors,1.2000000000000002,19.98870915303917,0.5072424995188539,0.024705200231205513,21.358757879233778
NVDA,2015-06-05,97.69790525592418,98.8006391783391,97.45316317518842,97.9428394992725,97.9428394992725,3896905,semiconductors,1.2000000000000002,20.47973251552251,0.47797486358377533,0.024141348951716393,20.432824379479104
NVDA,2015-06-08,97.35726031962564,98.19525873928164,96.4184208080323,97.60757541047973,97.60757541047973,3549822,semiconductors,1.2000000000000002,21.43907508348622,0.4785399969180329,0.02496601273363837,22.13118128726415
NVDA,2015-06-09,96.00359284307484,96.43571920421289,95.70957266115003,96.0296043088502,96.0296043088502,2807416,semiconductors,1.2000000000000002,20.732710942769355,0.47254971565651205,0.027292546791096106,21.445723186126642
NVDA,2015-06-10,95.01704532899834,95.42242129801402,94.8198482481253,94.8421628163515,94.8421628163515,3459952,semiconductors,1.2000000000000002,20.962164543146244,0.5155471012547572,0.024648275886640904,22.008966667281896
NVDA,2015-06-11,94.8258344882829,95.00979664938097,94.22930446533424,94.47010962860082,94.47010962860082,3686838,semiconductors,1.2000000000000002,21.44610410994314,0.5142292730313509,0.024376309853744157,19.81133845677308
NVDA,2015-06-12,93.92008840896914,94.53131936899138,93.67268980737607,93.83333711799402,93.83333711799402,3782483,semiconductors,1.2000000000000002,20.569707881522696,0.5362406778215757,0.025868888309737503,20.433613630915445
NVDA,2015-06-15,92.3845103550903,93.04943395189134,91.91628074400265,92.50819739212531,92.50819739212531,3968533,semiconductors,1.2000000000000002,19.963292804381005,0.48628586757854053,0.025134981133685272,19.5444206575542
NVDA,2015-06-16,91.19735364827685,91.91273938352104,91.09455957864941,91.77061935399388,91.77061935399388,4343825,semiconductors,1.2000000000000002,21.009111906255054,0.504376387420936,0.026376574264935226,20.062792693814764
NVDA,2015-06-17,91.08937648248552,91.89612131409142,90.49994740513922,91.07009068538143,91.07009068538143,3145769,semiconductors,1.2000000000000002,21.073009285961657,0.47421329605196094,0.025143767117727672,22.000425218365816
NVDA,2015-06-18,90.95678490638382,91.29193173751746,90.15403497979837,90.94975352808903,90.94975352808903,3151486,semiconductors,1.2000000000000002,20.648565837966036,0.49329921954529365,0.024772497294121017,22.21538285839954
NVDA,2015-06-19,90.22778866290321,90.27266685114111,89.85138668585566,90.17830005082953,90.17830005082953,4829103,semiconductors,1.2000000000000002,18.545372402963896,0.48962309373437646,0.023279036618181596,19.558573741977018
NVDA,2015-06-22,94.77019555294878,95.08092894275258,94.0164509603911,94.17512919648362,94.17512919648362,4215152,semiconductors,1.2000000000000002,19.158539846905352,0.5092889991499084,0.023484867816648512,20.226492279106928
NVDA,2015-06-23,97.35666586279946,98.20352935802634,96.6076614708165,96.99566838920146,96.99566838920146,3341217,semiconductors,1.2000000000000002,19.725145895969515,0.5203404361283638,0.02331074482421725,20.585891433876178
NVDA,2015-06-24,100.23999081544018,101.15914801288962,99.2184601395322,100.00446203106657,100.00446203106657,3536180,semiconductors,1.2000000000000002,20.7796210207359,0.51982133381663,0.02556762368511269,21.224270454662467
NVDA,2015-06-25,101.44963783181888,102.24224001259196,100.84957572864528,101.74329251642358,101.74329251642358,3539362,semiconductors,1.2000000000000002,19.97865358092944,0.4831437545556478,0.02386787604314509,18.854699310787304
NVDA,2015-06-26,106.38049496016953,107.56339248857873,106.272898309213,106.5444652138015,106.5444652138015,3635709,semiconductors,1.2000000000000002,21.136868633450565,0.51996935809246,0.026527543893116037,18.986628018418184
NVDA,2015-06-29,103.90813222045368,104.84741227163147,103.34995108186425,103.93770601306926,103.93770601306926,3971032,semiconductors,1.2000000000000002,21.31523662874428,0.49911829725784407,0.025344054096236707,21.053653444954236
NVDA,2015-06-30,98.91310061330331,99.9618954002684,98.45010284898798,99.14373087897688,99.14373087897688,5998371,semiconductors,1.2000000000000002,21.199170468677206,0.4935080620820597,0.025111461616463184,18.588675719979914
NVDA,2015-07-01,97.66916126865695,98.50883287817427,97.20373241248832,97.52274125152988,97.52274125152988,3752569,semiconductors,1.2000000000000002,21.205540564480287,0.4858297702636216,0.02455363446454462,20.063898966256623
NVDA,2015-07-02,98.1539632546429,98.52878910638161,97.94096826884392,98.04897960920562,98.04897960920562,4124765,semiconductors,1.2000000000000002,18.96300609534128,0.48880128411276896,0.02606158929220326,20.645072864936722
NVDA,2015-07-03,96.58398512607323,97.6333784752666,95.63638812010362,96.90035736829432,96.90035736829432,2578464,semiconductors,1.2000000000000002,20.482635499455775,0.5348462769239246,0.024676673728574745,20.870242009298803
NVDA,2015-07-06,98.4151168467922,98.9833057012717,97.89039303369016,98.06302644102475,98.06302644102475,3278904,semiconductors,1.2000000000000002,19.392470959044584,0.5061482153298805,0.024537634548231376,20.283771115914938
NVDA,2015-07-07,100.0141661769077,100.73395213035687,99.7907671017384,99.98347814783367,99.98347814783367,4619342,semiconductors,1.2000000000000002,18.350933668640803,0.5034922369500241,0.026753203477090703,20.029971933096988
NVDA,2015-07-08,98.56265657314171,99.25273239123031,98.41916640429505,99.0765879819334,99.0765879819334,3915537,semiconductors,1.2000000000000002,19.712528867944165,0.49475506282926107,0.02596131572144448,21.209873487770093
NVDA,2015-07-09,99.30674352333176,100.04847732383996,98.7405033848031,99.32204195592378,99.32204195592378,1501803,semiconductors,1.2000000000000002,21.324736965627253,0.5489195722287605,0.025413606136605284,20.619425517029523
NVDA,2015-07-10,98.31963267102368,99.26113403480892,97.8009116318811,98.23675823914633,98.23675823914633,4134201,semiconductors,1.2000000000000002,20.460742010118462,0.5261002097769285,0.026331809553771374,19.655471552000705
NVDA,2015-07-13,97.75653592070843,98.05240910017103,97.2288270835233,97.47207564877517,97.47207564877517,5302202,semiconductors,1.2000000000000002,22.017809371605892,0.48557875770402414,0.025741149446332455,20.30784008867944
NVDA,2015-07-14,102.166466523246,103.27855492786183,101.72773982638832,102.2700076662508,102.2700076662508,2423730,semiconductors,1.2000000000000002,20.177230145268112,0.49452769890590753,0.026157071727857542,20.620284659186357
NVDA,2015-07-15,106.04264496600422,106.44388490002079,105.06745647707224,105.77990726654525,105.77990726654525,4895747,semiconductors,1.2000000000000002,22.447802753592907,0.49571510913258177,0.024999051679214505,21.921729915888964
NVDA,2015-07-16,105.32868691063987,105.53905304750415,104.9730408495264,105.26958583232246,105.26958583232246,2075284,semiconductors,1.2000000000000002,20.17752122551705,0.5029174395656519,0.02792813919468468,20.955581313506553
NVDA,2015-07-17,102.78117912425907,103.30413999152749,101.84047872377006,103.18827376931598,103.18827376931598,4358331,semiconductors,1.2000000000000002,20.022480296153738,0.4859754801473713,0.025319961622281936,21.348976914326478
NVDA,2015-07-20,99.43941979900976,100.64727942829172,99.13479087818415,99.86338985263008,99.86338985263008,3606579,semiconductors,1.2000000000000002,18.720609912078505,0.5087763304672339,0.02749743892109224,19.488382194494083
NVDA,2015-07-21,99.42196963050048,99.97358797156518,98.89189989973097,99.08827207699227,99.08827207699227,2258035,semiconductors,1.2000000000000002,21.110562740292767,0.5290417626407863,0.025794394749021884,19.53879317779225
NVDA,2015-07-22,96.63514476743084,96.93194153768722,95.37051187683537,96.28966203044045,96.28966203044045,3950005,semiconductors,1.2000000000000002,19.497874871059523,0.4737274378199167,0.026832201718165423,19.791009548840464
NVDA,2015-07-23,93.73734183094682,94.30768703395205,92.88756110847818,93.64662375332824,93.64662375332824,4547862,semiconductors,1.2000000000000002,19.352952360591274,0.47743706525815865,0.026801169105720696,19.845667479667345
NVDA,2015-07-24,93.21743211559496,93.52700831492572,92.48258754972271,92.80102277510365,92.80102277510365,3885558,semiconductors,1.2000000000000002,21.281230563762573,0.49033682889405383,0.027255638366028706,18.943513199243696
NVDA,2015-07-27,92.13686381394403,92.549966590213,91.0729092963383,91.84572850993604,91.84572850993604,4061104,semiconductors,1.2000000000000002,21.158222668795958,0.4912640887978434,0.025310003907898615,21.17922773296033
NVDA,2015-07-28,94.82624591323962,95.64427791853154,94.14120094871531,94.63216611078093,94.63216611078093,3327276,semiconductors,1.2000000000000002,21.13205136721068,0.5399693174949186,0.027268104020525725,20.75787023523656
NVDA,2015-07-29,95.04068975072688,95.93800800572248,94.7111337846517,95.30123708747192,95.30123708747192,2489822,semiconductors,1.2000000000000002,19.63780886594502,0.5200341844002968,0.028080749474342404,19.529544539693227
NVDA,2015-07-30,96.10251253887313,96.83519986247194,94.8031898002293,95.60590808479344,95.60590808479344,4148978,semiconductors,1.2000000000000002,19.94902413469475,0.5188864470423653,0.026017457648373207,20.43712708132572
NVDA,2015-07-31,93.63715337982842,94.1835201315794,92.78356754202454,93.48674215869185,93.48674215869185,5126587,semiconductors,1.2000000000000002,19.94014560230415,0.494712686129732,0.026352697698941288,19.978010911390584
NVDA,2015-08-03,91.58783103829806,92.60302051611222,91.3150139307125,91.69396830340645,91.69396830340645,4528567,semiconductors,1.2000000000000002,20.782518180672398,0.4942737318642637,0.025836385993503113,20.434147525637115
NVDA,2015-08-04,91.61854161684118,92.0242090549132,91.06271160885912,91.80258836548332,91.80258836548332,2427627,semiconductors,1.2000000000000002,21.55356466849423,0.47096589172469205,0.026055237387982263,18.32874402864862
NVDA,2015-08-05,92.93950782241758,93.18327993625135,92.5249216689229,92.86796685928269,92.86796685928269,2668484,semiconductors,1.2000000000000002,20.368146555198408,0.5156348045609563,0.028154937443283956,19.485656960771852
NVDA,2015-08-06,94.1043583505084,94.66603797425176,94.10336839848043,94.57849712104186,94.57849712104186,3050470,semiconductors,1.2000000000000002,21.97489108535736,0.5098210920961757,0.025481121122405363,19.531093254449548
NVDA,2015-08-07,96.62716494753617,97.16249828564355,95.49733885700526,96.42476744893776,96.42476744893776,2627136,semiconductors,1.2000000000000002,20.897194418033063,0.5257199472935656,0.025585077830868892,20.170146215076045
NVDA,2015-08-10,97.2514308908174,98.12864937310815,96.71690874974459,97.53043742684113,97.53043742684113,3644894,semiconductors,1.2000000000000002,19.765200605885582,0.49578340573287666,0.028179938593318146,18.875009272858783
NVDA,2015-08-11,98.41850803544061,99.13298858439823,97.72089113331684,98.30920546928364,98.30920546928364,3908574,semiconductors,1.2000000000000002,20.828711406128974,0.49716441707599207,0.027235427086976228,16.9600412940705
NVDA,2015-08-12,96.21416140159366,96.68821149870307,95.6369808970582,96.36495916912757,96.36495916912757,2714041,semiconductors,1.2000000000000002,21.705940278708773,0.5034009105712127,0.028773089914314494,18.334391906186728
NVDA,2015-08-13,92.62734455316782,92.71224225851799,92.11729999000204,92.70088009531757,92.70088009531757,4220337,semiconductors,1.2000000000000002,21.998288983341336,0.5178379515101419,0.026244122031630214,19.31076989419653
NVDA,2015-08-14,92.2245124757241,93.01880363650713,91.95701726493532,92.43440601922147,92.43440601922147,4074345,semiconductors,1.2000000000000002,21.18689134459908,0.4705956875580504,0.02686268281087774,19.391047309747126
NVDA,2015-08-17,95.70476819975949,96.70734361590416,94.77492352153202,95.75108187715749,95.75108187715749,3237681,semiconductors,1.2000000000000002,20.025674453658,0.5147211226747674,0.026117565734052467,20.965887763326474
NVDA,2015-08-18,96.38963193909726,96.67354697709442,95.25051492047702,95.84636147430801,95.84636147430801,3490290,semiconductors,1.2000000000000002,19.78330674594408,0.49959008875654337,0.026963384850656063,19.819506496161228
NVDA,2015-08-19,97.84296036204154,98.02292727546295,96.7843547343567,97.43808767790306,97.43808767790306,2446183,semiconductors,1.2000000000000002,20.576069503561392,0.47882725464092607,0.025087827988908167,19.27256721302874
NVDA,2015-08-20,96.1213105187598,96.39214861123133,95.58251179359294,96.01920016156149,96.01920016156149,3380545,semiconductors,1.2000000000000002,21.673974495271047,0.45830788494691865,0.02758872024703158,19.112591699375557
NVDA,2015-08-21,95.80216999193345,96.217028465461,95.52639252369411,95.80944028021169,95.80944028021169,3618162,semiconductors,1.2000000000000002,20.43376912221445,0.4972705257624329,0.02726908077805301,20.202794357221943
NVDA,2015-08-24,97.37171288512234,97.61603110189367,97.0632324896337,97.12573190954745,97.12573190954745,3736834,semiconductors,1.2000000000000002,20.45453187186881,0.5289542596654814,0.02692989303627885,18.46182335913882
NVDA,2015-08-25,98.02102457668143,98.3611183484182,97.34772520737451,97.68986461223284,97.68986461223284,3897225,semiconductors,1.2000000000000002,20.05139785431709,0.5334936933348279,0.02663892437832921,18.864680662727114
NVDA,2015-08-26,96.59728488509771,97.45638857462748,96.42717954967198,96.83835963788874,96.83835963788874,3793684,semiconductors,1.2000000000000002,19.672108937368787,0.5071075242134019,0.026176375719744873,17.868457819170974
NVDA,2015-08-27,97.91991290961826,98.28059622809472,97.2715966539562,97.9426666172054,97.9426666172054,3426778,semiconductors,1.2000000000000002,19.837865493356084,0.539240113276845,0.02784068362332983,20.329107450798872
NVDA,2015-08-28,96.56855177750207,97.4838546986194,95.71971045588009,97.0992842978369,97.0992842978369,3825650,semiconductors,1.2000000000000002,20.13542598524553,0.4991411783408651,0.025983721729777764,19.254932974029245
NVDA,2015-08-31,96.11135352169086,96.14982811019905,95.49860766618767,95.78861234370433,95.78861234370433,4414505,semiconductors,1.2000000000000002,21.718099996239822,0.5190660710328556,0.027708548631714517,18.1069038164829
NVDA,2015-09-01,97.70239105547655,98.59924282807656,96.77761241929414,97.10084425896258,97.10084425896258,3544474,semiconductors,1.2000000000000002,19.760286221469197,0.4909753822218715,0.02931294511865883,18.651738953111035
NVDA,2015-09-02,97.1975858492948,97.59306917949176,96.52281833329795,97.17423994475321,97.17423994475321,3849750,semiconductors,1.2000000000000002,20.05261207591138,0.489708023214317,0.028765856216677772,19.227398750848227
NVDA,2015-09-03,96.24586566892613,97.18122348815866,96.10219808484423,96.86337261152134,96.86337261152134,3480775,semiconductors,1.2000000000000002,19.13462233959349,0.48644981766238726,0.025817047789546924,18.41838372930637
NVDA,2015-09-04,99.2298362732419,99.31565439957843,98.12830884649428,99.04890645379079,99.04890645379079,3174460,semiconductors,1.2000000000000002,20.716631066473155,0.45878942105751375,0.026827278676058372,18.08580081716005
NVDA,2015-09-07,99.26195500029844,100.16312685168614,98.9007935722469,99.53191217073744,99.53191217073744,4011099,semiconductors,1.2000000000000002,21.366679178718282,0.5257418451989382,0.02782730848114111,17.91699425609875
NVDA,2015-09-08,95.00553672456344,96.01729731661754,94.90939164779843,95.19497933373432,95.19497933373432,3233109,semiconductors,1.2000000000000002,21.624497845956757,0.4871673512172397,0.02737741682275553,18.861067662668404
NVDA,2015-09-09,94.35351312222038,94.39234261223203,94.01197557395841,94.1764868328516,94.1764868328516,3902895,semiconductors,1.2000000000000002,20.20336452469571,0.4839712244048961,0.026090134030671553,18.11474427953921
NVDA,2015-09-10,95.57250607179706,95.71134660949113,94.60880808444718,95.4995766381432,95.4995766381432,3633297,semiconductors,1.2000000000000002,20.574354283279234,0.47640056636774647,0.02791669670461157,17.969602289416855
NVDA,2015-09-11,95.10484953010443,95.38374628735664,94.86982710274121,95.24431829278399,95.24431829278399,3399752,semiconductors,1.2000000000000002,19.846449677829963,0.49591281126927433,0.027563204862205877,17.037742137269383
NVDA,2015-09-14,95.07540089180398,95.83478056475846,94.44574617158003,95.26104723034909,95.26104723034909,3383331,semiconductors,1.2000000000000002,20.528018679694522,0.5352698462111949,0.029529388170110058,18.401784504986164
NVDA,2015-09-15,98.26599738043745,99.17125372210648,98.07551575791602,98.22891516285931,98.22891516285931,3263712,semiconductors,1.2000000000000002,20.313965152499215,0.5418755770164544,0.027403675063072928,18.093170487905404
NVDA,2015-09-16,98.12257564590813,98.67333523823052,97.93211806600321,98.24325733484382,98.24325733484382,2599526,semiconductors,1.2000000000000002,20.058264387251487,0.46678266248395833,0.02886674815520107,17.902919357522816
NVDA,2015-09-17,97.94803159677339,98.6129386454799,97.08683506831433,98.27506264314621,98.27506264314621,3900358,semiconductors,1.2000000000000002,20.13775369227713,0.49291104008047437,0.026473497370928602,18.373449784646557
NVDA,2015-09-18,98.9494070514687,99.80677804774751,98.80292905793802,99.04822643137412,99.04822643137412,3784064,semiconductors,1.2000000000000002,20.45192228339365,0.479312844598126,0.026754417480346168,18.87274425003577
NVDA,2015-09-21,97.40084513690243,98.1241136787776,97.2834716589331,97.30171630164412,97.30171630164412,4282014,semiconductors,1.2000000000000002,19.705847565154436,0.5197667548242304,0.02854592974223627,18.776335689632432
NVDA,2015-09-22,95.64745037485204,95.93472525218152,95.16803360863761,95.69858312312391,95.69858312312391,3248515,semiconductors,1.2000000000000002,19.757503207921967,0.5057318709458786,0.028949839567218257,18.577506179959677
NVDA,2015-09-23,96.61901773327342,97.18652856607758,95.7854595605772,97.0304779780156,97.0304779780156,5278099,semiconductors,1.2000000000000002,21.707362013671553,0.4872686134524033,0.026950557064720587,17.73410797926283
NVDA,2015-09-24,102.83573713690035,103.20369372128445,102.19726275138046,102.53150628058494,102.53150628058494,3348599,semiconductors,1.2000000000000002,22.710546768846385,0.5014514616118204,0.027973868201462995,17.35778750667325
NVDA,2015-09-25,97.98257715813277,99.56056620251431,97.85700046240972,98.79431415063496,98.79431415063496,3032743,semiconductors,1.2000000000000002,18.795633051465956,0.49045162757184585,0.026610052625634106,16.830898678345864
NVDA,2015-09-28,97.71042872172899,98.52150784427032,96.75068676712341,97.84144776072274,97.84144776072274,2961667,semiconductors,1.2000000000000002,18.74052879562394,0.5322849218874979,0.027852252977041803,17.231721062379176
NVDA,2015-09-29,99.27269257839535,100.1199862635801,98.60087591918308,99.45774319426286,99.45774319426286,2554112,semiconductors,1.2000000000000002,19.04284717219185,0.5109391903003208,0.028912236593155505,17.79463955889628
NVDA,2015-09-30,97.1623146627239,97.96820665025218,96.29295820662219,97.11914164643689,97.11914164643689,4908728,semiconductors,1.2000000000000002,19.896711584961444,0.5133964684183288,0.027682196312579337,16.938877737629593
NVDA,2015-10-01,97.80896290993606,98.08002119434624,96.91001230800113,97.64443346287416,97.64443346287416,4752652,semiconductors,1.2000000000000002,20.895780511037255,0.44666165043934203,0.02790996110995578,17.771471735527115
NVDA,2015-10-02,100.01571233778895,100.35544943551282,98.98276944989402,99.67876875150898,99.67876875150898,4074053,semiconductors,1.2000000000000002,20.59125294204827,0.4986642264234238,0.02707104142178763,16.66029881615044
NVDA,2015-10-05,99.0324319564232,99.2865584282865,98.65158880831291,99.2445388357838,99.2445388357838,3020044,semiconductors,1.2000000000000002,20.17203113678047,0.5416642191811807,0.02759431941064286,15.91520845710873
NVDA,2015-10-06,99.04942796903102,99.90991569046953,98.55473965246611,98.87543222261701,98.87543222261701,5190048,semiconductors,1.2000000000000002,20.5289355469579,0.5265225814007337,0.030042629744666222,18.34616903843505
NVDA,2015-10-07,98.64737150988641,99.22192313427914,97.88260905610132,98.58945462568566,98.58945462568566,3367415,semiconductors,1.2000000000000002,19.30791384337163,0.46305820828159394,0.028399284724353116,17.003042345361127
NVDA,2015-10-08,98.3414570103927,99.14369985420937,97.6366309955682,98.84900892330292,98.84900892330292,3423571,semiconductors,1.2000000000000002,19.755877228247382,0.4937314833463281,0.027365893070169487,16.591262458149654
NVDA,2015-10-09,100.87536926460702,100.94539344703725,99.35000367790886,100.30347687790761,100.30347687790761,4815988,semiconductors,1.2000000000000002,19.9799054516242,0.4759696106816256,0.028095269891086197,16.285446943682363
NVDA,2015-10-12,99.73383853214987,100.89080011929715,99.16669226761981,100.16618839350295,100.16618839350295,4121724,semiconductors,1.2000000000000002,18.41578366112815,0.5342220312072574,0.026854455224021724,17.75350044763506
NVDA,2015-10-13,101.46786213199759,102.22759008606418,101.04175617125551,101.3403261607993,101.3403261607993,5610894,semiconductors,1.2000000000000002,18.838689795277404,0.5048855656455181,0.02747956415723217,18.65672855008324
NVDA,2015-10-14,100.50657506842015,101.17612841549793,99.89769813586788,100.38913184766002,100.38913184766002,3797085,semiconductors,1.2000000000000002,18.878433938722342,0.4846440888053713,0.029895904592602943,16.83030283291336
NVDA,2015-10-15,98.52695843345622,98.7277376259962,97.84137882783405,98.44555278724155,98.44555278724155,3337036,semiconductors,1.2000000000000002,20.764108223683774,0.5006831588708158,0.028434923433353982,16.96958212055014
NVDA,2015-10-16,95.84777827098866,96.86679981339307,95.43876723887395,95.99020187527326,95.99020187527326,3196730,semiconductors,1.2000000000000002,20.245354948572416,0.4478526894186303,0.030509977038025892,18.20877247962906
NVDA,2015-10-19,92.41093690476458,93.10693728651513,91.45287946233515,92.18216308835645,92.18216308835645,2497000,semiconductors,1.2000000000000002,20.611061200073944,0.47830077393086845,0.02856574002761273,15.278929757516401
NVDA,2015-10-20,92.21408389918712,93.25717425151076,91.67498818118868,92.64777763545354,92.64777763545354,3417024,semiconductors,1.2000000000000002,18.160345010197535,0.5007288745165261,0.028666950174101393,19.008731872327395
NVDA,2015-10-21,92.72740866192163,93.34944733707765,92.71865915620411,92.74572467805235,92.74572467805235,4542184,semiconductors,1.2000000000000002,18.516433313948397,0.5169135073690665,0.02938566403301911,19.438717442223254
NVDA,2015-10-22,94.33050032002362,95.34487314171389,93.79296750243131,94.49034245388917,94.49034245388917,4072496,semiconductors,1.2000000000000002,20.663215440256494,0.4611737175880532,0.026114023296441687,14.24131278751106
NVDA,2015-10-23,90.91515045193823,91.94594668005297,90.33910861668001,91.10025650068731,91.10025650068731,3627526,semiconductors,1.2000000000000002,17.22133035833395,0.4923768938459514,0.029033391206498765,16.80347257763846
NVDA,2015-10-26,93.95312867572613,94.51274866551006,92.97362538581676,93.8324373260414,93.8324373260414,2960927,semiconductors,1.2000000000000002,21.224629357599806,0.5201937147703765,0.02882130639896834,16.1356595417412
NVDA,2015-10-27,92.79819489788964,93.18485658995455,92.11650797052243,92.49919719729301,92.49919719729301,3780529,semiconductors,1.2000000000000002,18.17668285647721,0.47097093351253455,0.030398172784728537,16.543783727237386
NVDA,2015-10-28,92.38661336659816,92.81823605496486,91.85588215131098,92.48184814832486,92.48184814832486,4424035,semiconductors,1.2000000000000002,20.84334489192498,0.5045836566956835,0.02991865428956111,16.344450302202656
NVDA,2015-10-29,95.06031958147565,95.83893854543123,94.38772534991733,94.83820440313552,94.83820440313552,3937843,semiconductors,1.2000000000000002,19.111415375243038,0.5013194900621201,0.027862124214034792,17.529217992860616
NVDA,2015-10-30,93.9724364112375,94.57818775431674,93.45887979145073,93.9584157488671,93.9584157488671,3735331,semiconductors,1.2000000000000002,21.048903715171583,0.534287606407132,0.03027979552239327,16.559868763147453
NVDA,2015-11-02,94.30490651048025,94.63121316404778,94.24143546955811,94.55815183384453,94.55815183384453,3080518,semiconductors,1.2000000000000002,23.208160913916494,0.49539727613776724,0.028817183382368796,15.716879990149556
NVDA,2015-11-03,94.66070193310067,94.8687109587961,93.81132691508277,94.73401244353347,94.73401244353347,4297037,semiconductors,1.2000000000000002,17.726822369878874,0.4965679880324986,0.02821688568583785,16.411331738686172
NVDA,2015-11-04,98.39968699363494,99.37475110434902,97.5038441008892,98.48817444960738,98.48817444960738,1931136,semiconductors,1.2000000000000002,20.695377147860647,0.5170991950632937,0.029360283167189194,17.05442429099531
NVDA,2015-11-05,98.58357232934677,99.66383760208657,98.04327558746962,98.79004151438022,98.79004151438022,3900319,semiconductors,1.2000000000000002,18.191837286406262,0.4734730266390131,0.029002251564838273,15.312447526469684
NVDA,2015-11-06,101.82566378001391,102.79487348897368,101.12895134409536,101.69494014266849,101.69494014266849,6040905,semiconductors,1.2000000000000002,20.426768922217505,0.4955823358689828,0.03078532723871472,14.806881686671266
NVDA,2015-11-09,104.01540389511538,104.46043480685108,103.8824099174921,103.94223494759949,103.94223494759949,2671966,semiconductors,1.2000000000000002,19.793227836448107,0.4908854997831898,0.029629324957361505,18.40323437810984
NVDA,2015-11-10,102.91348767851953,104.21771372878752,102.29811595087638,103.4069403338425,103.4069403338425,3442560,semiconductors,1.2000000000000002,20.129782322461843,0.497221763745898,0.029536202853940402,15.725882619096271
NVDA,2015-11-11,101.44485453197605,102.79434882387146,101.00950212301176,101.94997362695268,101.94997362695268,3607111,semiconductors,1.2000000000000002,19.088313723671764,0.5169681289792568,0.030273032020093935,16.18922727034063
NVDA,2015-11-12,104.15044126451691,104.47924098500582,103.28038447404808,104.01791688804532,104.01791688804532,3293572,semiconductors,1.2000000000000002,20.7805411094965,0.5110832297016434,0.030507097559515306,15.887520637947397
NVDA,2015-11-13,104.16677921018352,104.57394597983517,104.11769070236042,104.42218117170677,104.42218117170677,4444930,semiconductors,1.2000000000000002,18.55164216202962,0.4850263538294265,0.030239672039903992,16.79261582444149
NVDA,2015-11-16,109.49640888805143,110.58811694971351,108.61958964526622,109.39728144429462,109.39728144429462,3970847,semiconductors,1.2000000000000002,21.24163726289874,0.5027339840665442,0.03091737142260575,17.9770177398268
NVDA,2015-11-17,109.06795751616161,109.10091698447086,108.50085305506026,108.81303092029533,108.81303092029533,3724562,semiconductors,1.2000000000000002,19.590749693389817,0.5298088322820105,0.030148431366888686,16.744360168901128
NVDA,2015-11-18,103.64417449551715,104.66234107550912,102.96871988562575,104.04086760317632,104.04086760317632,4237374,semiconductors,1.2000000000000002,18.59730932259691,0.4833726860240539,0.029749241422885698,14.606769559841016
NVDA,2015-11-19,101.4886434887626,102.58293400472124,100.85218184345266,101.92023611959664,101.92023611959664,3624946,semiconductors,1.2000000000000002,21.5949368233407,0.5029033356079402,0.030862603024431126,14.702240444440912
NVDA,2015-11-20,102.91925598376469,103.62094850189645,102.17254955338878,102.40484622690525,102.40484622690525,6824112,semiconductors,1.2000000000000002,19.932657347190847,0.49613678646122744,0.029574375826445058,15.649159813477581
NVDA,2015-11-23,102.54116692879552,102.80329060045518,101.98196032133086,102.43312944223761,102.43312944223761,3723852,semiconductors,1.2000000000000002,21.907635970442026,0.4987398996832645,0.02974035948705596,15.742194281689983
NVDA,2015-11-24,104.90707816734133,105.7971292430112,104.03043973107395,105.03918826213166,105.03918826213166,3756718,semiconductors,1.2000000000000002,21.221356129313342,0.467386847555012,0.03147053089219232,14.251331750335478
NVDA,2015-11-25,102.58720897798487,103.09806962362941,101.96594941301709,102.87544760429009,102.87544760429009,2566122,semiconductors,1.2000000000000002,19.201854295213565,0.5282152570862441,0.031412719107034734,16.75604244262252
NVDA,2015-11-26,99.95159454081619,100.93479522446935,99.88288951192848,100.10488741194716,100.10488741194716,3240732,semiconductors,1.2000000000000002,19.91501019906325,0.4845129619822363,0.029824460176340276,14.814372592331615
NVDA,2015-11-27,97.41367017129039,97.97706611895782,96.98221642318799,97.76285141045693,97.76285141045693,4544714,semiconductors,1.2000000000000002,20.121037939663573,0.5205214394030706,0.029420925410142084,17.358569467396965
NVDA,2015-11-30,97.96395961757152,98.64648043054879,97.40040184933017,97.7050182099024,97.7050182099024,2765988,semiconductors,1.2000000000000002,21.52630319998644,0.4875724678390498,0.0313794914918403,17.651068224946183
NVDA,2015-12-01,95.89287885576299,96.8698478989891,95.27758634220102,96.11685549091372,96.11685549091372,2346624,semiconductors,1.2000000000000002,20.437517713367114,0.4874899069620848,0.030758577353731116,15.547952460397354
NVDA,2015-12-02,97.8483315676176,98.03321183201278,96.92900534480614,97.52837959834716,97.52837959834716,3636248,semiconductors,1.2000000000000002,20.176292621096458,0.5242624650093093,0.030315581254197362,16.201561149568363
AMZN,2015-01-01,98.29775215469006,98.3339789445264,97.89900555874034,98.2636891874001,98.2636891874001,2909699,consumer,1.4000000000000001,21.060976542433664,0.5393481399815712,0.020873574202486363,17.44397410927737
AMZN,2015-01-02,98.21572082428318,98.37055453436638,97.2707567246624,98.15981790657813,98.15981790657813,3221188,consumer,1.4000000000000001,22.520953733391064,0.5340978939504052,0.019527451984362055,17.990594954544658
AMZN,2015-01-05,98.7132397519499,99.65392412904707,97.48118111424972,98.28831671955933,98.28831671955933,4160467,consumer,1.4000000000000001,19.84593227374579,0.5772143777508183,0.02032131587540989,19.261888045556848
AMZN,2015-01-06,97.48434457732951,98.1742132363735,96.69356542823431,97.61254757907369,97.61254757907369,4853211,consumer,1.4000000000000001,19.523823226688133,0.5195408247201106,0.020112766962071052,17.04717683054468
AMZN,2015-01-07,94.61870171583168,95.28883612251603,94.03566272072187,94.82517880941448,94.82517880941448,2445123,consumer,1.4000000000000001,20.383782754024434,0.5750292141836125,0.01959855134665354,20.00455408102612
AMZN,2015-01-08,92.42702412247253,92.93496238672773,91.6063122775872,92.57915860996101,92.57915860996101,4999728,consumer,1.4000000000000001,19.615389051965685,0.5764100941496477,0.01968301227492863,16.910555773861354
AMZN,2015-01-09,92.20959759793273,92.91649564632341,91.93363421530132,92.26288676918468,92.26288676918468,3693085,consumer,1.4000000000000001,19.61726510557172,0.5672017902853216,0.020544366896790112,17.95413563873575
AMZN,2015-01-12,93.53153169284205,93.6892211347491,92.87334456600733,93.55706291799801,93.55706291799801,2605734,consumer,1.4000000000000001,21.621550760459876,0.5362438496597911,0.01931599889290126,17.399016561815934
AMZN,2015-01-13,92.0699959978861,92.55488415431817,91.69762097765235,92.30001624162678,92.30001624162678,2083697,consumer,1.4000000000000001,20.99582120658734,0.5336695232654929,0.02078645737909632,20.58674286473632
AMZN,2015-01-14,93.7150344512485,94.90572043900374,93.1527453610997,94.28728811766649,94.28728811766649,2797181,consumer,1.4000000000000001,20.52031902329574,0.545798884540036,0.01990499007800772,17.944964368573647
AMZN,2015-01-15,93.01041857773623,93.61352998001506,92.08203229382013,93.16719912950346,93.16719912950346,3783117,consumer,1.4000000000000001,20.61303740269457,0.524099206463372,0.020545777346489234,17.996847241551713
AMZN,2015-01-16,97.04478152368937,97.79211614565246,95.98573720570417,96.94013687566567,96.94013687566567,3748327,consumer,1.4000000000000001,20.40276233567366,0.5307661200249281,0.021844213612193665,18.176175415222655
AMZN,2015-01-19,95.37887609609383,96.2345293826071,94.85117305897082,95.33990353477178,95.33990353477178,4310825,consumer,1.4000000000000001,22.650369167819044,0.562894685830181,0.020333900004982253,18.691610800279133
AMZN,2015-01-20,97.12954886084965,97.92928694429186,96.2258733492178,96.78126566139107,96.78126566139107,3402777,consumer,1.4000000000000001,20.264494292356964,0.5629869822844832,0.0214637373945853,18.316484496759937
AMZN,2015-01-21,97.14355623516664,97.32250215965902,95.71038484868674,96.57699121483529,96.57699121483529,3043113,consumer,1.4000000000000001,19.6778661019167,0.529008503469301,0.01879374120269358,18.560778612280497
AMZN,2015-01-22,95.24206811431038,95.32918625833531,94.08899342694413,95.02559967335516,95.02559967335516,3496883,consumer,1.4000000000000001,21.796050617486326,0.5635224387060015,0.020157252049120913,15.213001924739832
AMZN,2015-01-23,97.33669008504778,97.50161795727855,96.1799069012002,96.93464763110407,96.93464763110407,3823673,consumer,1.4000000000000001,20.78424437665218,0.5590860661147962,0.020697144688021682,18.84771200943243
AMZN,2015-01-26,98.69849108636687,99.47182405617487,98.40778533008991,98.47197375242159,98.47197375242159,3977462,consumer,1.4000000000000001,23.038773688817884,0.5801977250915421,0.022634627750336166,18.85647949784157
AMZN,2015-01-27,102.33036801373052,103.26549473063228,101.47964965391293,101.80812311186152,101.80812311186152,3243511,consumer,1.4000000000000001,20.473794361205865,0.5613827288373505,0.01879318599205392,19.925129417396413
AMZN,2015-01-28,101.64949962642204,102.5902137697414,100.18188249016295,101.08820123251654,101.08820123251654,4548414,consumer,1.4000000000000001,21.84598417975679,0.5711716210746876,0.020698769217605134,20.243263050754198
AMZN,2015-01-29,101.56004252245181,101.86291060494509,100.49294721688288,101.27106599011945,101.27106599011945,3354189,consumer,1.4000000000000001,22.082197330599307,0.5595415518186043,0.02229350893459827,18.793876028996657
AMZN,2015-01-30,99.29354141022623,100.12794612439139,98.34813839129592,99.0835694114189,99.0835694114189,3191675,consumer,1.4000000000000001,20.478664167797998,0.5695985821939438,0.020093640682599237,19.84492250404031
AMZN,2015-02-02,98.86189326116327,99.453258888409,98.20157170999136,98.92279968426325,98.92279968426325,3407609,consumer,1.4000000000000001,20.257079232090963,0.5242576568686446,0.020707663281624537,17.973948232341044
AMZN,2015-02-03,96.78143971841753,97.58985181250551,96.37954138611319,96.79344325169501,96.79344325169501,4708914,consumer,1.4000000000000001,21.741366530930904,0.5475651108577818,0.02129408208128985,19.889384198091232
AMZN,2015-02-04,95.49863755600657,96.119737015646,95.11354758901453,95.59552476693544,95.59552476693544,3698510,consumer,1.4000000000000001,21.57489191791393,0.5492203446354494,0.02118869265414119,18.595779227791375
AMZN,2015-02-05,95.85762768487957,95.99747746431292,94.90532393656842,95.67930491795079,95.67930491795079,3305496,consumer,1.4000000000000001,19.589389899289074,0.5451250010612944,0.022611795580056923,18.02944622255332
AMZN,2015-02-06,92.93990168724166,93.21496992203362,92.66686257289871,93.14118389428839,93.14118389428839,4570903,consumer,1.4000000000000001,19.871564363695278,0.5588777326063346,0.021536339918859844,19.074106421907366
AMZN,2015-02-09,93.51606071627926,94.46537311527624,92.87563292639977,93.56970597185476,93.56970597185476,5830129,consumer,1.4000000000000001,18.463569995051994,0.5626875930899151,0.02245748000848493,20.70536904953147
AMZN,2015-02-10,96.05538685730448,97.15081315854792,95.35782445073889,96.73889646433906,96.73889646433906,3960720,consumer,1.4000000000000001,21.595386853978802,0.5578451415414231,0.0208115397598449,19.530741178398845
AMZN,2015-02-11,99.84452826929025,100.19450395367444,98.49215282599562,99.33105923607009,99.33105923607009,4861066,consumer,1.4000000000000001,20.738172806864256,0.5464611223755733,0.020472863710088617,20.890687910792334
AMZN,2015-02-12,100.99470682424264,101.42163675919925,100.6716393097351,101.0615513342805,101.0615513342805,4672550,consumer,1.4000000000000001,20.837849579024716,0.5352853984030975,0.021029506932503376,18.689543901996803
AMZN,2015-02-13,98.2633399366952,98.63569354558047,97.40121250349975,98.12922267415104,98.12922267415104,3364776,consumer,1.4000000000000001,19.308555902298146,0.5719437214831248,0.020137968036339514,20.52980506102518
AMZN,2015-02-16,98.81918051353227,99.75301863473632,98.28411623855321,98.38889046724059,98.38889046724059,3818341,consumer,1.4000000000000001,19.901897646910673,0.5569946563322767,0.021822423830101308,18.873059615556958
AMZN,2015-02-17,93.56731519000319,93.62598618893732,93.35403372585837,93.48309810738323,93.48309810738323,2938738,consumer,1.4000000000000001,20.522041087432434,0.5296277228320119,0.02099487502532007,19.793390358281183
AMZN,2015-02-18,96.60866494470409,96.72368846491011,95.79041930144268,96.19186261183596,96.19186261183596,3645527,consumer,1.4000000000000001,20.327674399852178,0.5461262491670076,0.02075080524228194,19.8271509868413
AMZN,2015-02-19,96.91294227442661,98.04344956747977,96.85942134966685,97.27531357960866,97.27531357960866,3350975,consumer,1.4000000000000001,21.11783607551763,0.5151340064458528,0.021963093556064517,20.313919021585082
AMZN,2015-02-20,101.19600705093227,101.75198751852733,99.52120477125911,100.47338939608514,100.47338939608514,3504024,consumer,1.4000000000000001,21.583468126631814,0.5507074122869489,0.020362560372653327,19.94466804009643
AMZN,2015-02-23,96.76618298825649,96.89056310267216,95.58172922002275,96.45162236126733,96.45162236126733,3269086,consumer,1.4000000000000001,23.269612569285197,0.5460324011480281,0.02231861936866751,18.995772490384912
AMZN,2015-02-24,97.18604578812375,97.2195362324318,97.07756246029052,97.1250893557951,97.1250893557951,3586117,consumer,1.4000000000000001,20.979982969969075,0.5385106609928932,0.021111620770504456,20.655811666968823
AMZN,2015-02-25,98.24596329912274,98.46626449463717,97.00762518721606,97.82772648560562,97.82772648560562,4224648,consumer,1.4000000000000001,22.115402663096944,0.5816920037960707,0.0227908956072741,21.547215811533512
AMZN,2015-02-26,97.89760318965425,98.49825614575701,97.39942756996896,98.24203038157727,98.24203038157727,3708364,consumer,1.4000000000000001,20.170027223020224,0.5268769176091578,0.02128090258913445,19.271305986953095
AMZN,2015-02-27,96.50303643144295,96.60039336901524,95.8256209295406,96.58666547768573,96.58666547768573,2615917,consumer,1.4000000000000001,19.325053685024645,0.5641278590336467,0.02234739083810604,18.058912228524367
AMZN,2015-03-02,97.3119818531162,97.52226383856919,96.03280530321871,96.89217217888329,96.89217217888329,3271554,consumer,1.4000000000000001,20.647698353289876,0.5937341632186375,0.021936884549505126,20.43197263006686
AMZN,2015-03-03,97.89519941976496,99.17346670752117,97.33036909503909,98.44661669368277,98.44661669368277,2802773,consumer,1.4000000000000001,19.40227828212576,0.5715453580743338,0.022543065053630806,19.639444588758824
AMZN,2015-03-04,102.06572227234481,102.9388268462338,101.77586894607877,101.89439974665649,101.89439974665649,3988046,consumer,1.4000000000000001,21.014673167169104,0.5493692243580447,0.021950951076248046,19.8769466647961
AMZN,2015-03-05,104.29804489599778,105.23488730500293,104.12911036542769,104.1317955188268,104.1317955188268,4200287,consumer,1.4000000000000001,20.219545875491335,0.5273186272115334,0.020219447775941275,20.601094035801015
AMZN,2015-03-06,104.86329438889751,105.27217108881214,103.72940622554195,104.24743417276608,104.24743417276608,3998019,consumer,1.4000000000000001,19.045728613245416,0.5227587564683109,0.02293347973171075,19.624822590411764
AMZN,2015-03-09,102.26575309789395,103.08192623159842,101.29501370932978,102.7537167564024,102.7537167564024,3244653,consumer,1.4000000000000001,22.73602514586018,0.5417689661008496,0.021878844274194814,19.84808368715982
AMZN,2015-03-10,101.68641979067571,102.703142490107,100.61826625170363,101.197746682789,101.197746682789,3990275,consumer,1.4000000000000001,20.46243828689462,0.5362599853217219,0.022797884278191634,20.05194875576198
AMZN,2015-03-11,103.91634524136413,104.89186751362966,103.5288005190882,104.09105293759058,104.09105293759058,3457226,consumer,1.4000000000000001,19.3623806970558,0.5356090618208375,0.022740455681889777,21.656357041974
AMZN,2015-03-12,102.9640464876004,103.65633201696218,102.93220792755831,103.10230961080478,103.10230961080478,3024798,consumer,1.4000000000000001,21.89817179050729,0.5434737308905752,0.021318753728193682,20.250600163701694
AMZN,2015-03-13,106.42786292909314,107.0916099718348,105.45406988904287,106.81946449175801,106.81946449175801,4405595,consumer,1.4000000000000001,20.271385637460714,0.5479550581422863,0.021219095808213826,19.018167634605916
AMZN,2015-03-16,105.61309845656761,106.2993530041103,105.26757817022839,105.95890127649179,105.95890127649179,4473159,consumer,1.4000000000000001,22.09016603369066,0.559704238952906,0.02283108731902223,19.090647337600405
AMZN,2015-03-17,106.37722726764622,106.92545757225689,105.49979004091864,106.24860620667556,106.24860620667556,4591783,consumer,1.4000000000000001,20.26660566532195,0.5252440756107515,0.021914324192346808,20.45780521236332
AMZN,2015-03-18,104.77432890258025,105.69499639706197,104.04694653307591,105.12513101740896,105.12513101740896,3362953,consumer,1.4000000000000001,20.459102309737204,0.5363551240773391,0.02319584350540792,19.22055272819147
AMZN,2015-03-19,105.8509536186817,105.86543259408751,105.34825288772416,105.61639513060545,105.61639513060545,4808388,consumer,1.4000000000000001,21.344831709477045,0.5468065583435504,0.022123054287262498,18.818429922822663
AMZN,2015-03-20,105.09844385204916,106.31821451117077,105.0314146852313,105.30789051972693,105.30789051972693,3441037,consumer,1.4000000000000001,21.59321938070411,0.5460902961315347,0.023366506011757913,21.046360782017242
AMZN,2015-03-23,106.29869750504416,107.30103881117844,105.88944711712651,106.68694210730048,106.68694210730048,4328364,consumer,1.4000000000000001,21.7684837373406,0.5867284741482685,0.022808241722702828,21.124744917236765
AMZN,2015-03-24,106.77808438002464,107.57751746034648,106.43945795847432,106.94742787185594,106.94742787185594,3429131,consumer,1.4000000000000001,20.91025886127067,0.5546449318544772,0.022714753236391973,20.100853873195906
AMZN,2015-03-25,108.17776069983304,108.40652543685447,107.31184100249722,108.06859827710427,108.06859827710427,3631671,consumer,1.4000000000000001,21.528616721554585,0.5177282037608115,0.02209460804812165,20.79070777617003
AMZN,2015-03-26,104.29043002084603,105.17575095202996,103.43547533088676,104.37727815655063,104.37727815655063,2340240,consumer,1.4000000000000001,21.74562860692342,0.5583636272317354,0.022742887865107544,20.71253459861919
AMZN,2015-03-27,105.16304604453374,105.93837587126794,104.9183478605314,105.15225423135308,105.15225423135308,3575506,consumer,1.4000000000000001,21.20056913856685,0.5609132744548796,0.023745153970182835,21.153495600209396
AMZN,2015-03-30,105.55316200171153,105.653604251537,104.77675832197475,105.3331608041197,105.3331608041197,3867883,consumer,1.4000000000000001,20.857341886735703,0.5474974394351053,0.02253992680075091,21.18178076211838
AMZN,2015-03-31,107.48776981650465,108.12731599778054,107.09635064754539,107.13985837342486,107.13985837342486,3499008,consumer,1.4000000000000001,19.55470505176887,0.525732066511816,0.02316715770728218,17.996481089254825
AMZN,2015-04-01,107.2128731855825,108.0190301945836,106.98316336184811,107.31270468440653,107.31270468440653,5396372,consumer,1.4000000000000001,21.599174156779988,0.5851610939062692,0.022724184344032134,20.386286700947682
AMZN,2015-04-02,105.81173759118482,107.03115967531723,105.00570440029102,106.14425208574923,106.14425208574923,3010169,consumer,1.4000000000000001,21.042173699141152,0.5286023217283748,0.02284426931471195,21.16847618446324
AMZN,2015-04-03,109.14580953971874,109.37074942533842,108.25513566552895,109.12089904586139,109.12089904586139,3393199,consumer,1.4000000000000001,20.58638414764929,0.5632154441283187,0.024484917033088926,20.26316548914529
AMZN,2015-04-06,111.79879235398944,112.77997745809739,110.77437380052739,111.64116075568393,111.64116075568393,3169313,consumer,1.4000000000000001,22.27776636359166,0.5540010105812787,0.02400507731137428,20.732132147734617
AMZN,2015-04-07,114.25543794521464,115.28791709866488,114.09275199793818,114.75832913151503,114.75832913151503,3393066,consumer,1.4000000000000001,19.572166367086684,0.5620162109805954,0.022924592099714546,21.468188066470223
AMZN,2015-04-08,113.47493822106732,113.88875915997447,112.84965190449591,113.77893561331305,113.77893561331305,4668192,consumer,1.4000000000000001,22.644036315364886,0.5841371584833467,0.023101483376638962,20.819217054033725
AMZN,2015-04-09,111.2119835485053,111.57016640898095,110.74188113617637,111.45244897097402,111.45244897097402,5104363,consumer,1.4000000000000001,20.977726721365535,0.5612327774428207,0.022226999789336063,22.266254354996132
AMZN,2015-04-10,112.66252518618755,112.95580084390662,111.54549168734319,112.73281032433415,112.73281032433415,3301348,consumer,1.4000000000000001,21.317518178502898,0.5388267154591294,0.022797739750806175,21.904598120608753
AMZN,2015-04-13,110.56468750931649,111.13103339629852,109.84151720249953,110.8176955796903,110.8176955796903,3286712,consumer,1.4000000000000001,20.604955885469728,0.5721198455025592,0.023321950088803847,20.677553104930244
AMZN,2015-04-14,110.57605463591534,111.12496058947066,109.31008501506902,110.34200576063043,110.34200576063043,3013384,consumer,1.4000000000000001,19.33292708747667,0.5373780109991176,0.023905006895008463,20.615799795491622
AMZN,2015-04-15,113.87170764120738,115.27943998576315,113.70619476683257,114.42269865906178,114.42269865906178,4932009,consumer,1.4000000000000001,20.86039010153422,0.5532711602279055,0.02384545520653435,17.98046896354323
AMZN,2015-04-16,114.87113901666713,115.6336390520615,114.35321575233517,115.41812351982522,115.41812351982522,4752592,consumer,1.4000000000000001,21.334744906892794,0.5241383278396843,0.02202881625790302,20.52045166117623
AMZN,2015-04-17,118.48987281424895,119.78605032897981,117.57559595025843,118.60867914699496,118.60867914699496,3718398,consumer,1.4000000000000001,21.676225446402594,0.529334375453265,0.02415689904867026,19.509054952468123
AMZN,2015-04-20,115.92565868904853,116.17412298379232,115.49921719479072,115.98677889791824,115.98677889791824,2872749,consumer,1.4000000000000001,20.8019668015611,0.5510277334087238,0.02313298364279818,21.098128302738857
AMZN,2015-04-21,117.58159229225596,118.80480650208567,116.8378787310947,118.09695934720872,118.09695934720872,2924597,consumer,1.4000000000000001,18.807460158795582,0.5573617341716175,0.022276606970682292,21.04354526737158
AMZN,2015-04-22,121.98350023878255,123.3411656260751,121.35930801812327,122.20594518620169,122.20594518620169,3929905,consumer,1.4000000000000001,19.458338655417375,0.5159521875461794,0.024641824067975854,21.59950316122417
AMZN,2015-04-23,122.92995510034088,124.10266792457948,121.71057672296212,123.07803415431393,123.07803415431393,4239125,consumer,1.4000000000000001,23.052019623763293,0.5599457473600133,0.02481055933146599,22.31248417603813
AMZN,2015-04-24,121.43336061951585,122.36449135990716,121.22222135091981,121.57680834690088,121.57680834690088,2512455,consumer,1.4000000000000001,19.907464016227884,0.5336114204680341,0.023652868321252792,20.900900643808008
AMZN,2015-04-27,118.65590598885987,119.50488068648896,117.49252470347884,118.60186570700651,118.60186570700651,3561662,consumer,1.4000000000000001,22.427049458239207,0.5755937603134234,0.02413975594500147,23.218129670816673
AMZN,2015-04-28,120.21451672002458,120.6152408550476,119.73177013862195,120.45358536591819,120.45358536591819,5249582,consumer,1.4000000000000001,20.065913262582406,0.5429607114235099,0.024240252556024768,21.179892076927743
AMZN,2015-04-29,117.6340247675794,117.64539180663303,116.5667062758799,117.11479528037924,117.11479528037924,3636376,consumer,1.4000000000000001,20.817544090272133,0.5275275546090004,0.024910416504276688,19.646132796248747
AMZN,2015-04-30,117.90361299298227,118.41549009550826,117.10885301757166,117.73118226471342,117.73118226471342,5116226,consumer,1.4000000000000001,21.625208259599905,0.5515160911591851,0.02428455388108026,20.402364684013747
AMZN,2015-05-01,114.28143360325302,114.66137134494201,113.97816890625684,114.55881951968216,114.55881951968216,4324509,consumer,1.4000000000000001,20.179805553419126,0.5316752999784256,0.022270638082394066,20.598953792436053
AMZN,2015-05-04,117.96328378429482,118.38530045414961,116.79340686266515,117.92984660654864,117.92984660654864,3057609,consumer,1.4000000000000001,22.592215135759055,0.5753789028286626,0.025649975112987864,21.570266124266144
AMZN,2015-05-05,121.28307154585625,121.55443367826012,120.1328969081448,121.23796545111871,121.23796545111871,3582121,consumer,1.4000000000000001,21.07572835806841,0.550010604150662,0.024747665257680882,20.036500311575868
AMZN,2015-05-06,122.39708797681449,123.51866968077951,120.76618861725798,121.95267238675275,121.95267238675275,3701546,consumer,1.4000000000000001,21.46085084629967,0.5469664675381343,0.023214325167112172,20.690556767370357
AMZN,2015-05-07,120.33258351185674,121.61061626333682,119.13296443508167,120.54971129727822,120.54971129727822,3139260,consumer,1.4000000000000001,20.732392991980873,0.5618360203786202,0.022736065304211628,20.831444679016077
AMZN,2015-05-08,124.16197833214744,125.17879397429319,123.04708491341283,123.87681191754369,123.87681191754369,3128381,consumer,1.4000000000000001,21.65872028701709,0.5299010512159942,0.02431234481115722,20.547485235208484
AMZN,2015-05-11,122.52472486516278,123.39948315248503,121.95598524267835,122.50934217227756,122.50934217227756,5133784,consumer,1.4000000000000001,22.578792739849863,0.5242169268934298,0.02357111234656966,21.809310414067618
AMZN,2015-05-12,120.61140769184556,120.79723601439589,119.05260093777434,120.07411211646983,120.07411211646983,3123697,consumer,1.4000000000000001,20.868714062376785,0.5581670315888327,0.0242212087431203,21.64067268103343
AMZN,2015-05-13,114.41312597208304,114.46846465634974,113.94461966043492,113.97175049640853,113.97175049640853,4712302,consumer,1.4000000000000001,22.729712790749236,0.5280065858398238,0.024676461234583703,22.16654155400115
AMZN,2015-05-14,110.77491933254584,111.49926307960969,109.78573237345562,110.70949689341624,110.70949689341624,3480557,consumer,1.4000000000000001,20.388404191620882,0.5279997969250109,0.023408453509492746,20.668739057177422
AMZN,2015-05-15,106.06933314719208,106.83463467437034,105.54186517747728,106.15285929768692,106.15285929768692,3778630,consumer,1.4000000000000001,21.76409603935171,0.5667351206244178,0.022900628408989307,22.201248376772416
AMZN,2015-05-18,103.90143434524325,104.28527147592281,103.04533894777654,103.7437627353609,103.7437627353609,4249742,consumer,1.4000000000000001,21.48911433624305,0.5605012821996789,0.024444395873729718,19.632847335262547
AMZN,2015-05-19,105.70361098646231,106.26078214459793,105.30823079287065,105.76086463914169,105.76086463914169,3369544,consumer,1.4000000000000001,19.931417927317632,0.5249234091509418,0.02356703055476487,19.60575129485079
AMZN,2015-05-20,104.46609520025356,104.97709046584171,103.5589763339396,103.94213109578125,103.94213109578125,4254895,consumer,1.4000000000000001,21.21380970463733,0.5376172791411733,0.02428835519995834,19.776793399270545
AMZN,2015-05-21,104.22242608749426,104.47248500830909,104.16484822999716,104.19789683616241,104.19789683616241,2522381,consumer,1.4000000000000001,21.007365937850373,0.5319253688810737,0.02284077398144778,20.995435565887384
AMZN,2015-05-22,104.50600448351484,104.96205871447341,104.06311908235004,104.63333570875133,104.63333570875133,4147189,consumer,1.4000000000000001,20.146807823723154,0.5855263859608116,0.023973758698119504,22.183401290296494
AMZN,2015-05-25,104.22859525485057,104.80919246842251,103.80297341330076,104.37250879368946,104.37250879368946,2318182,consumer,1.4000000000000001,21.358002434194127,0.5681202085514122,0.02498273431781824,20.372852350717775
AMZN,2015-05-26,108.74541211043386,109.80091889800732,108.50096210031984,109.1425936603465,109.1425936603465,3629591,consumer,1.4000000000000001,21.146289546108516,0.5415831030798945,0.02491555593860914,20.49144591581875
AMZN,2015-05-27,107.45876352409134,108.48587502440341,107.01431361320398,107.27964113349707,107.27964113349707,4505676,consumer,1.4000000000000001,20.927413052692785,0.5615238937868698,0.023563106464273176,20.744441790840057
AMZN,2015-05-28,107.5684130928894,108.4143553999632,106.94006341595993,107.8336875884227,107.8336875884227,4301434,consumer,1.4000000000000001,20.931422530941315,0.5228762762813834,0.023225041070012494,21.524785964009464
AMZN,2015-05-29,104.01648253042634,104.77701351066513,103.34548187254106,103.67493119695747,103.67493119695747,2929428,consumer,1.4000000000000001,20.90998974107638,0.5365470769762102,0.02445091013326644,20.465010662431627
AMZN,2015-06-01,105.77181538437095,107.04058467291993,104.89364286793997,106.1836811951112,106.1836811951112,3005838,consumer,1.4000000000000001,20.632300378753673,0.5520972653188377,0.025038020244718153,20.399079753075803
AMZN,2015-06-02,106.52399347894975,106.64490686269055,106.36473960422408,106.48334619316633,106.48334619316633,3309360,consumer,1.4000000000000001,21.139834095014983,0.5590446149829184,0.0249240035920754,19.576147629276893
AMZN,2015-06-03,106.63360424604228,107.33005461927503,105.6530666176191,106.26691206504417,106.26691206504417,3942175,consumer,1.4000000000000001,20.356085787636218,0.5480508174897312,0.02404850961170564,20.338056442192812
AMZN,2015-06-04,106.0120518120984,107.21540942932626,105.84238511304117,106.70099250583776,106.70099250583776,2529705,consumer,1.4000000000000001,23.65680949147,0.5549602702142845,0.02490033490273765,22.074665714207832
AMZN,2015-06-05,108.95020001883091,109.57386467537965,107.72244331232898,108.2944988519853,108.2944988519853,3788024,consumer,1.4000000000000001,19.590666754534684,0.5515667291990626,0.026146706935711143,20.974751617404376
AMZN,2015-06-08,108.74325241871387,108.92399953801815,108.14239605013826,108.88217034457293,108.88217034457293,4042144,consumer,1.4000000000000001,20.41526392276554,0.5467284519595537,0.024891337155928273,20.129791702205182
AMZN,2015-06-09,106.18100508995867,107.14323406730806,105.45436957700771,106.13607915800871,106.13607915800871,3589030,consumer,1.4000000000000001,20.494257895423058,0.5440770881561822,0.02309488553698473,22.090813683213103
AMZN,2015-06-10,108.61592805647103,109.65080340290736,107.96658422044244,108.43004126715657,108.43004126715657,4218812,consumer,1.4000000000000001,23.040493414324537,0.5414747025464444,0.02497307481508809,20.253686761002054
AMZN,2015-06-11,106.56635750777338,106.57006806701528,105.79297084322079,106.33471931965768,106.33471931965768,3971859,consumer,1.4000000000000001,19.6798653500225,0.5546387501725718,0.02685567245238416,22.242297829970454
AMZN,2015-06-12,108.32843736139199,108.55895116788699,108.04363996717221,108.23950217799667,108.23950217799667,3408112,consumer,1.4000000000000001,21.42592229798611,0.5582163117839891,0.023566165672240055,22.208607250002974
AMZN,2015-06-15,107.92167283957964,108.11614140620581,107.10151472959149,107.59971793992634,107.59971793992634,2578612,consumer,1.4000000000000001,21.24839406504654,0.5539671833463767,0.02492512215136877,20.842890771386276
AMZN,2015-06-16,110.74923311096306,111.61452187211181,110.16455523309962,110.57704120013744,110.57704120013744,3900762,consumer,1.4000000000000001,21.33360230467455,0.5264280589999788,0.024710903060691715,19.269434375372402
AMZN,2015-06-17,109.99880121755128,110.6566821128955,108.69188451932027,109.42077030527616,109.42077030527616,3138906,consumer,1.4000000000000001,22.23634316261094,0.5300214429771363,0.025074962457183016,23.03782040920298
AMZN,2015-06-18,108.37419247215121,108.56637639773032,107.73414041408628,108.20463768456945,108.20463768456945,3383196,consumer,1.4000000000000001,22.21582935974709,0.5579776361189613,0.025215172655245824,21.11516833674159
AMZN,2015-06-19,107.08631799215235,107.95796951772886,105.62918118963441,106.45885942227065,106.45885942227065,4180012,consumer,1.4000000000000001,20.549043173479884,0.5794334660134176,0.026202733492339078,20.382820012060886
AMZN,2015-06-22,107.60920445206521,107.98957594955334,106.8619246862758,107.31909555359486,107.31909555359486,5042772,consumer,1.4000000000000001,21.19401744949399,0.5530483092311751,0.02518938579686106,21.640897862199267
AMZN,2015-06-23,108.75697061741229,109.8532873573354,108.50055303209668,109.34934338914518,109.34934338914518,3769255,consumer,1.4000000000000001,19.135897967847857,0.5417666317504601,0.0264237030718564,21.364389892921476
AMZN,2015-06-24,110.38454875510429,110.8120754036862,109.2268312825472,109.52659321242928,109.52659321242928,4243135,consumer,1.4000000000000001,21.09909300852193,0.5544868091088555,0.02507062886004197,21.949603162739127
AMZN,2015-06-25,109.81190346807682,110.57496523656181,109.76217490041388,110.00143950418655,110.00143950418655,2845086,consumer,1.4000000000000001,20.206010572168083,0.5272635715497315,0.02487998874903792,19.952161785643902
AMZN,2015-06-26,112.91549941916061,113.45765468576205,111.80422298802056,112.41115194257168,112.41115194257168,3989213,consumer,1.4000000000000001,20.813617574039483,0.5761788631307293,0.024602783544158048,20.908101512721014
AMZN,2015-06-29,109.61680409156928,109.91779429983457,108.69728189751069,109.60799376493016,109.60799376493016,3752822,consumer,1.4000000000000001,19.314628135183305,0.5537318828901606,0.0234967205022606,19.378157070836895
AMZN,2015-06-30,108.91088716218033,109.37327490911548,107.73030604444023,108.565294433469,108.565294433469,4856582,consumer,1.4000000000000001,21.404872286719076,0.536610855735789,0.025631429947490694,21.204048684639073
AMZN,2015-07-01,105.2490471698397,106.42487721581475,104.78827792790854,105.46688234270285,105.46688234270285,3408927,consumer,1.4000000000000001,19.303431304424393,0.5466640906781426,0.0274514898282208,20.487751002768306
AMZN,2015-07-02,109.7718429991711,110.32387916111912,109.35128017029318,109.56616171576836,109.56616171576836,3618870,consumer,1.4000000000000001,21.148284606791588,0.5394592753587277,0.025897566021218916,20.763990311864692
AMZN,2015-07-03,109.76114695009923,110.85118259881311,108.81337652140026,109.84458177880683,109.84458177880683,4693846,consumer,1.4000000000000001,19.773494406977452,0.5762333995363367,0.026167918902278837,20.308226315525218
AMZN,2015-07-06,111.89163906870009,112.50718523946385,111.3008725667104,111.36410625779862,111.36410625779862,3728785,consumer,1.4000000000000001,20.150358964864115,0.5459551982110589,0.025109981227286804,20.17450039087041
AMZN,2015-07-07,113.66303473964392,114.53689580677116,113.06047797676436,113.51365026482844,113.51365026482844,3042626,consumer,1.4000000000000001,22.15473210254516,0.5531073149223119,0.025320520165211687,19.527497478129806
AMZN,2015-07-08,107.91979213423458,108.23663526534352,106.69575154264001,107.61762037464248,107.61762037464248,6326936,consumer,1.4000000000000001,21.58791794591362,0.5614745291330259,0.02659133604900272,21.155732842737844
AMZN,2015-07-09,100.89258781336828,102.3545658840581,100.49590167876731,101.5518860771101,101.5518860771101,3061089,consumer,1.4000000000000001,22.149203137670543,0.5351846679247092,0.027657229205143376,21.8239236274052
AMZN,2015-07-10,101.2807278734785,101.57451073628236,101.16134273871157,101.30673513989817,101.30673513989817,3749226,consumer,1.4000000000000001,22.55972713250129,0.5538741893227032,0.027178324504834477,19.74581981504208
AMZN,2015-07-13,100.0780151494607,100.09758037304327,99.68907562922362,99.95490520017461,99.95490520017461,4070749,consumer,1.4000000000000001,20.227161292860234,0.5554887113878842,0.02653746220294978,20.823657696968297
AMZN,2015-07-14,102.21819200392109,102.38248622366433,101.53673737299665,102.14966544028026,102.14966544028026,4006880,consumer,1.4000000000000001,22.498971662440873,0.5189184235795876,0.025809209156796367,20.669299261190407
AMZN,2015-07-15,106.75696064526804,106.78007659654456,106.28817279906772,106.45001504568343,106.45001504568343,3656625,consumer,1.4000000000000001,19.5344943438211,0.5550539297755522,0.026025618495857283,20.21159048578644
AMZN,2015-07-16,108.76463513257198,109.91535984982669,108.05229711397757,108.88415866021796,108.88415866021796,3660271,consumer,1.4000000000000001,21.746100334544902,0.5490847587011373,0.025104233266345803,18.642661911850258
AMZN,2015-07-17,105.45601758741309,106.51055352993487,104.97858466047762,105.44058516470307,105.44058516470307,3623727,consumer,1.4000000000000001,20.50666228540003,0.55259932584232,0.024451414068655503,18.83282270726194
AMZN,2015-07-20,103.83827138888809,104.62975811863356,103.12560294464618,103.47160111510598,103.47160111510598,3038313,consumer,1.4000000000000001,20.069699857360682,0.5507125942698113,0.02481462423638232,19.318007639642143
AMZN,2015-07-21,103.22280720130424,104.04568339110163,102.97411715704499,103.93330221988488,103.93330221988488,5838846,consumer,1.4000000000000001,21.614469867304443,0.5551833974590017,0.026033063632848297,17.92397136047532
AMZN,2015-07-22,103.78775211335731,104.72074739936164,102.75156636701384,103.604573890574,103.604573890574,3634571,consumer,1.4000000000000001,21.944951525169213,0.5767468645135232,0.025733112341083785,21.43442027155907
AMZN,2015-07-23,102.08542117547225,102.94782637605026,101.68047490551086,102.1877780209218,102.1877780209218,4279668,consumer,1.4000000000000001,21.915268386646545,0.5264098517582978,0.024597503901974876,20.35694335548522
AMZN,2015-07-24,103.75946542380169,104.3899109803064,102.99322328554305,104.04422973342476,104.04422973342476,3552170,consumer,1.4000000000000001,21.214859888894793,0.5431569532899917,0.026071463231828927,19.921577108647465
AMZN,2015-07-27,103.85628797606923,104.3779351705977,103.29466175365097,103.75153703442315,103.75153703442315,3537911,consumer,1.4000000000000001,21.13195730132924,0.5633323725792567,0.025832197290596815,17.723058287135682
AMZN,2015-07-28,109.05596549232081,109.77765353116966,108.55603709914949,108.65585617760762,108.65585617760762,3467385,consumer,1.4000000000000001,21.526866585699903,0.5596185173545583,0.025019619763962782,18.050647742457368
AMZN,2015-07-29,107.75606372659982,107.78197957249286,106.94798879872958,107.42118553962715,107.42118553962715,2785758,consumer,1.4000000000000001,21.30376407551719,0.5591881110668417,0.025864130612810895,19.832881012807775
AMZN,2015-07-30,108.69481499080754,109.28426114057702,108.14298469789281,108.73889111427518,108.73889111427518,3677985,consumer,1.4000000000000001,21.54135583958598,0.6050715443134668,0.02595519762689872,21.765906397795845
AMZN,2015-07-31,107.58379388322273,108.3717326765459,106.81061458978212,107.30188790703549,107.30188790703549,3501137,consumer,1.4000000000000001,21.203999461110715,0.5622827104823341,0.025701354491874696,19.056467552513663
AMZN,2015-08-03,104.80135426415126,104.99861700296735,103.6759286596372,104.52913909385259,104.52913909385259,4800856,consumer,1.4000000000000001,21.842783824506363,0.5726187559251006,0.027286502800759206,20.57811755911818
AMZN,2015-08-04,105.13843641709462,105.6327186815278,104.18078155062678,105.1660018786851,105.1660018786851,2989629,consumer,1.4000000000000001,19.372792193449573,0.5438585588229499,0.024498772078074053,19.193148744499293
AMZN,2015-08-05,104.3985600748772,105.17319434849139,103.57717446698068,104.61608219085224,104.61608219085224,3384005,consumer,1.4000000000000001,20.868726524913615,0.5301417525220544,0.024457715653640494,19.686557293258154
AMZN,2015-08-06,101.85704491915672,102.80218040087563,101.26344049524099,102.0515247234535,102.0515247234535,3173392,consumer,1.4000000000000001,19.616153506154415,0.5437136514153273,0.02648864143298466,20.803815631248277
AMZN,2015-08-07,97.05890567445816,97.99499389189064,96.2913461873585,96.81555396611905,96.81555396611905,5068249,consumer,1.4000000000000001,21.276702017604883,0.5642392034268682,0.02662332384211197,19.200552485297848
AMZN,2015-08-10,100.36236949075887,101.22651805614457,99.7154175688095,100.37506095774562,100.37506095774562,3191872,consumer,1.4000000000000001,22.641930175853698,0.5581365570965835,0.02697325279292274,18.81334196598878
AMZN,2015-08-11,101.7423691092046,102.69703611400115,101.44952374659314,102.06269764793564,102.06269764793564,4250129,consumer,1.4000000000000001,20.525915218053033,0.5580650274119776,0.026071905152808772,20.87804257227766
AMZN,2015-08-12,103.58388284136106,104.71774562767558,102.74294035539512,104.11011664034457,104.11011664034457,4611354,consumer,1.4000000000000001,21.127252030297214,0.5457131122640575,0.025734795860179637,19.46164944498324
AMZN,2015-08-13,103.16045162899641,103.78270174573618,102.02192803358011,102.90365613586783,102.90365613586783,3688665,consumer,1.4000000000000001,21.75648671492164,0.5425239476237406,0.026687244536761117,20.463022970493597
AMZN,2015-08-14,99.54066122654532,100.24777561407204,99.27467149540331,99.70420955773055,99.70420955773055,2883852,consumer,1.4000000000000001,18.932277068233475,0.5464028551141344,0.026294823538292173,18.641914190859104
AMZN,2015-08-17,101.82796586290081,101.88841387634609,100.80872653937624,101.72713766079764,101.72713766079764,2891162,consumer,1.4000000000000001,20.47788951785581,0.5644895090033043,0.028329314082479965,20.688813849662466
AMZN,2015-08-18,101.15788345039758,101.86426530337344,99.92768028428922,100.78305908700045,100.78305908700045,4510654,consumer,1.4000000000000001,21.36451565927285,0.5668145485634084,0.026495856432083176,19.51038733003774
AMZN,2015-08-19,99.71279955120184,100.82298805952844,99.28953191162063,100.1058927109417,100.1058927109417,2951668,consumer,1.4000000000000001,18.103005274342724,0.5298751670065754,0.026808739534475393,19.625824560011907
AMZN,2015-08-20,102.02425652580827,102.56099880973915,101.09685582780504,102.03807371988916,102.03807371988916,4107829,consumer,1.4000000000000001,20.023191506925027,0.565246851188629,0.029379183829974516,19.276612287586172
AMZN,2015-08-21,107.52277371014586,108.51420682516391,107.39327436337113,107.5778624442918,107.5778624442918,3885918,consumer,1.4000000000000001,22.100857973381288,0.5369855753848755,0.02675084646782998,18.593135993055746
AMZN,2015-08-24,109.24935195319533,109.9839848025018,109.0944932488811,109.12503359101878,109.12503359101878,4095611,consumer,1.4000000000000001,22.002996900450725,0.5593784330368211,0.027543604563943863,19.050251000801286
AMZN,2015-08-25,109.38302618779083,109.77971976546843,108.59880504160121,108.97790301341294,108.97790301341294,4173714,consumer,1.4000000000000001,21.3743182273701,0.5461606851507503,0.027675598136315226,18.562374212478346
AMZN,2015-08-26,106.07493660485936,106.52066967073229,105.47515104578702,106.49969524416943,106.49969524416943,3151111,consumer,1.4000000000000001,21.88219763994318,0.5813157709847797,0.027802531350831185,19.91726200195406
AMZN,2015-08-27,108.8810000574595,108.94541584981664,108.31319591358006,108.69519715633795,108.69519715633795,3124842,consumer,1.4000000000000001,21.215104234421464,0.5416385074203771,0.027402457976708323,18.707144235034903
AMZN,2015-08-28,109.88687572076218,110.27345583932028,108.51585686210612,109.54787201730474,109.54787201730474,4381866,consumer,1.4000000000000001,21.555394907442313,0.5535722368178957,0.027348652509891682,17.365926809233734
AMZN,2015-08-31,108.38444717895585,108.94621270681748,108.10838090528618,108.44508220702274,108.44508220702274,3348861,consumer,1.4000000000000001,20.684346291159386,0.5621318631511886,0.02729698700950239,17.13500337749756
AMZN,2015-09-01,107.75605960381976,107.98039808984538,107.4530351318061,107.8005101716861,107.8005101716861,2191222,consumer,1.4000000000000001,21.115812682922094,0.5325208229975424,0.026662499821615598,17.03947581110892
AMZN,2015-09-02,105.18409818046682,105.38324145217783,104.38532056664373,105.05222107361067,105.05222107361067,4324257,consumer,1.4000000000000001,20.367629613584178,0.5485428588914611,0.02760585353087274,19.335718745195887
AMZN,2015-09-03,105.75550227251425,105.99896345127972,105.64213436811201,105.64621641361269,105.64621641361269,3087115,consumer,1.4000000000000001,22.263483344182312,0.5446683023075373,0.029350821569642166,17.5175983306552
AMZN,2015-09-04,105.27685674314496,106.0985566535118,104.3286393819116,105.09325275387124,105.09325275387124,4170002,consumer,1.4000000000000001,22.521559409502203,0.5397237303318806,0.028574698645365233,18.920357214711217
AMZN,2015-09-07,107.65524730225441,108.48557913484326,107.06859504457694,107.4742776448611,107.4742776448611,5018112,consumer,1.4000000000000001,22.379912800697074,0.5412055399703353,0.02770977576281041,18.707842459574497
AMZN,2015-09-08,106.88431003415693,107.61062368330934,105.83925097195271,107.20011265952853,107.20011265952853,3810810,consumer,1.4000000000000001,20.591891238322138,0.572240291962736,0.028303528542875867,18.45739716851751
AMZN,2015-09-09,110.27128090740098,110.4613493188022,109.18448067131362,109.94465737500066,109.94465737500066,4635029,consumer,1.4000000000000001,20.046225960634914,0.5380289853047934,0.026620363840223323,18.911203762132264
AMZN,2015-09-10,111.84640349255619,111.97045053242135,111.39807076340968,111.45626760347528,111.45626760347528,3916698,consumer,1.4000000000000001,22.276973660750162,0.5613281576534321,0.027270868598938357,18.581663561270126
AMZN,2015-09-11,111.64486807550952,111.74214348099969,111.4792207526863,111.58257724892981,111.58257724892981,5217275,consumer,1.4000000000000001,21.543907202591413,0.5562919000406229,0.028521071601506232,15.66407414954384
AMZN,2015-09-14,108.21207735160138,109.12463622009604,108.11666881153717,108.69931834155648,108.69931834155648,3071198,consumer,1.4000000000000001,21.328584341523644,0.5220603976844965,0.02910222995496447,18.000518687610505
AMZN,2015-09-15,111.79603444154827,111.88546420573375,110.73104053178162,111.83453203855012,111.83453203855012,3791821,consumer,1.4000000000000001,20.366367915054855,0.5603833887685289,0.026886037593594998,18.69949706076074
AMZN,2015-09-16,110.8369991523312,111.2067902156028,110.01465446525744,110.77239473871123,110.77239473871123,4345417,consumer,1.4000000000000001,21.425663812636763,0.5217297358048462,0.02721515646045132,19.86485051691978
AMZN,2015-09-17,111.65936035477999,113.12143869990408,111.18189822220255,112.04409745655413,112.04409745655413,3656136,consumer,1.4000000000000001,19.914721940338065,0.5625618365633033,0.029921961567937114,19.861136723740337
AMZN,2015-09-18,112.27588777555552,112.96774504307304,112.0507940556564,112.39732343879898,112.39732343879898,4782355,consumer,1.4000000000000001,21.63406235607903,0.539856167137383,0.02787868802801165,16.761591473714613
AMZN,2015-09-21,110.53992611158314,111.92249733196597,109.57420538139158,111.00928537721934,111.00928537721934,3483653,consumer,1.4000000000000001,22.37888669960621,0.5501673450651291,0.029647629755127157,17.72504491837919
AMZN,2015-09-22,106.09188074048818,106.22902141364558,105.68550031816663,105.8989459210119,105.8989459210119,5745193,consumer,1.4000000000000001,22.631045543907952,0.5241144010074733,0.028072966103886675,16.458662865351915
AMZN,2015-09-23,107.81860454012885,108.10764334239116,107.00339952175985,107.76495204047501,107.76495204047501,5806215,consumer,1.4000000000000001,21.708524054109816,0.5524476464720963,0.028154130073120415,19.494663333008635
AMZN,2015-09-24,111.25837943095034,112.86876420158033,110.40911711649333,111.81042658411886,111.81042658411886,4018480,consumer,1.4000000000000001,19.617978450378878,0.5685390083594124,0.027644299907319182,18.937642050763046
AMZN,2015-09-25,111.00848388672117,111.43425903242638,110.56481169109234,110.89156042591407,110.89156042591407,4241893,consumer,1.4000000000000001,21.19733013094602,0.5338606914395476,0.02893418694067341,18.225402206531477
AMZN,2015-09-28,109.98345195101106,110.71536061920602,109.42812929366141,110.00210025970026,110.00210025970026,4820240,consumer,1.4000000000000001,23.139681744057714,0.5378566582771198,0.029391250353651283,17.990972430977468
AMZN,2015-09-29,112.64091435636885,113.74043248569497,112.21588752863346,112.46667616265592,112.46667616265592,2995316,consumer,1.4000000000000001,20.131388409557715,0.5590924204713499,0.02704031157739051,19.155620564109185
AMZN,2015-09-30,110.61830866079593,111.35838201614928,110.19914308270451,110.74839342483232,110.74839342483232,2921477,consumer,1.4000000000000001,20.940818427089784,0.5595923664729389,0.027764704259495045,18.936489054042216
AMZN,2015-10-01,107.32383181663901,107.91100613524073,106.28801259822444,107.58250730709979,107.58250730709979,4883065,consumer,1.4000000000000001,22.413524351800977,0.5013164140318299,0.029074074340273804,18.833459293065793
AMZN,2015-10-02,108.22523216017306,109.05312365470263,107.47508191297784,108.47608678596747,108.47608678596747,4011989,consumer,1.4000000000000001,21.617133922073585,0.5903081272756555,0.028071288182299352,18.082435353844563
AMZN,2015-10-05,109.79941789282329,110.0370652333164,108.86984042262816,109.9769768932332,109.9769768932332,3629839,consumer,1.4000000000000001,23.480156324485105,0.5605710696709667,0.027749292355734572,17.22697204660159
AMZN,2015-10-06,108.00330343730593,108.12466661339438,107.41337184045695,107.99720426390367,107.99720426390367,3806515,consumer,1.4000000000000001,20.26713061677141,0.5639383732490593,0.029294060982321287,18.293887749587814
AMZN,2015-10-07,107.18636653721212,107.1940529841582,106.88270591957523,107.13881025535366,107.13881025535366,2356744,consumer,1.4000000000000001,20.010244214259178,0.5471291910667597,0.029429813037348495,18.293498845982086
AMZN,2015-10-08,104.97865438467805,105.96751652365624,104.23028270376942,105.03875331927254,105.03875331927254,3656026,consumer,1.4000000000000001,22.224125435835173,0.5128929298289552,0.027918558746147945,17.237658641781586
AMZN,2015-10-09,108.69629861084518,109.5650987349047,108.15219976543405,108.8345139429179,108.8345139429179,3267026,consumer,1.4000000000000001,19.804121371728463,0.5634944412250048,0.028622408368992134,17.02804516614556
AMZN,2015-10-12,108.75228313431546,109.19183466779191,108.55995595255185,108.86705184770769,108.86705184770769,4563563,consumer,1.4000000000000001,20.803232011182462,0.5386962394353824,0.027243408049284053,18.463777742462867
AMZN,2015-10-13,108.98960184576049,109.23064479599095,107.72962738102225,108.17577661711788,108.17577661711788,4634348,consumer,1.4000000000000001,20.934353455140425,0.5608786338836669,0.027598242938893684,18.94593694738488
AMZN,2015-10-14,105.43463896220665,106.40085575749237,104.76529746929992,105.67898732275016,105.67898732275016,4262370,consumer,1.4000000000000001,22.03598947338592,0.5456239785947454,0.02865973008568987,16.48398091300474
AMZN,2015-10-15,103.2622742138376,104.38653823527329,102.50295381560868,103.43541641499326,103.43541641499326,4110650,consumer,1.4000000000000001,21.614267968025246,0.5547607875823276,0.02860881264532043,16.921768819764747
AMZN,2015-10-16,101.5318822431118,101.83560379278192,100.29387541034406,100.53840572091394,100.53840572091394,2815162,consumer,1.4000000000000001,21.45706491417686,0.5345000723718152,0.02765237077019405,17.488073716194688
AMZN,2015-10-19,96.63902023335523,96.94977180613772,95.67162790329175,96.51711526503014,96.51711526503014,4274290,consumer,1.4000000000000001,20.597569122098335,0.5672877788535787,0.02794511394138321,17.575974459623325
AMZN,2015-10-20,93.32845744684903,94.51700204481824,92.97422825339379,93.71643806466884,93.71643806466884,4307548,consumer,1.4000000000000001,22.215004019081942,0.5262324192108466,0.02763788450033733,16.519496870173437
AMZN,2015-10-21,95.95128352440891,96.80848908644603,95.44982133430385,95.7093244553494,95.7093244553494,4872114,consumer,1.4000000000000001,25.025824042727265,0.5949113885067838,0.0291998297313902,18.87813777024093
AMZN,2015-10-22,95.36828871366139,96.50345543783621,95.18220605583802,95.62936804527418,95.62936804527418,5801586,consumer,1.4000000000000001,21.691282098922915,0.5947589726997403,0.02681897168196919,17.369745582476313
AMZN,2015-10-23,95.17363369720906,95.45263920930529,94.1515060868501,94.91478356841795,94.91478356841795,2707368,consumer,1.4000000000000001,21.099672207546835,0.5826539917093303,0.027816874653284994,17.43235921502577
AMZN,2015-10-26,93.55026804960539,93.72213628558403,93.2189461403879,93.60951227784813,93.60951227784813,3514137,consumer,1.4000000000000001,19.70213702900784,0.5755095797154902,0.027007351339196968,18.61349065512252
AMZN,2015-10-27,94.2737533093,94.81365148608838,93.81803490224938,94.3983012525692,94.3983012525692,3274077,consumer,1.4000000000000001,20.362518550682847,0.5483090328353272,0.02933115449507137,16.35949387289753
AMZN,2015-10-28,92.810594736691,93.0850958670507,92.15889772390092,92.36470459571639,92.36470459571639,3931381,consumer,1.4000000000000001,20.786289766052697,0.5733309341149442,0.027151241345342792,16.6744034953763
AMZN,2015-10-29,93.84115703325259,94.67058774002005,93.03922859897932,93.68197224585307,93.68197224585307,3808250,consumer,1.4000000000000001,20.46539975973287,0.5480764700344775,0.02902754509811713,15.464136665359627
AMZN,2015-10-30,94.76233939423184,94.7970555221206,93.74856477587583,94.48653618915222,94.48653618915222,3624342,consumer,1.4000000000000001,20.983922165473153,0.5189296491550939,0.030677180919513113,16.500088197861867
AMZN,2015-11-02,100.41714613864586,101.05367081618486,99.94589967440577,100.28629668660034,100.28629668660034,4664638,consumer,1.4000000000000001,22.778016076807287,0.5800640282806138,0.030752931889220694,15.13885968041415
AMZN,2015-11-03,101.18147864315047,102.234679278244,100.22523334668008,101.31656742383359,101.31656742383359,3047149,consumer,1.4000000000000001,22.247166917369235,0.5725764892584502,0.02731543134295507,17.33136625417447
AMZN,2015-11-04,99.62978641279966,100.60284101320565,99.41695214844148,99.44739360181477,99.44739360181477,3084116,consumer,1.4000000000000001,20.841167283531746,0.5493732178468913,0.029461589517948947,16.959636804102892
AMZN,2015-11-05,100.8445416235509,101.50016284636745,100.3464543289066,100.48003560641263,100.48003560641263,3094555,consumer,1.4000000000000001,19.79172005533414,0.525496314853377,0.02821604962412164,16.219099547196425
AMZN,2015-11-06,104.87045112375988,105.86663961411742,104.21086400381675,104.82807813329971,104.82807813329971,3533977,consumer,1.4000000000000001,22.337367642902414,0.5382759864684206,0.028053725888975936,16.3526916678234
AMZN,2015-11-09,102.6600870852318,102.7377591554509,101.39200571810548,102.10819963707398,102.10819963707398,2970622,consumer,1.4000000000000001,20.950945726538635,0.5135770883022499,0.029175232974480218,17.17195799246351
AMZN,2015-11-10,99.541364111506,99.89899467806792,99.0391362900606,99.28803450317794,99.28803450317794,3761339,consumer,1.4000000000000001,19.273499574397643,0.5689016170523595,0.03055883508998752,15.23251321191481
AMZN,2015-11-11,99.12253638608692,99.13117461511554,98.51067942645234,99.05953970466953,99.05953970466953,3674405,consumer,1.4000000000000001,21.712430118493035,0.5179338206627164,0.029972043811458855,16.530748124712677
AMZN,2015-11-12,98.75710440353109,99.72609308582408,98.3684603365777,98.6826523298129,98.6826523298129,3245230,consumer,1.4000000000000001,22.025686684233467,0.5557366174029336,0.028699085012939714,16.984825850231715
AMZN,2015-11-13,101.379545342606,102.29472534246699,100.77632142554147,101.33782340678546,101.33782340678546,4523303,consumer,1.4000000000000001,18.57409159506533,0.5331261330444063,0.030161100943016696,14.462254042952107
AMZN,2015-11-16,101.05763561974277,101.46686269197664,100.39133465760766,101.43840662590063,101.43840662590063,3753126,consumer,1.4000000000000001,20.175445357867098,0.5214659311000105,0.02725419961790912,16.889165822437775
AMZN,2015-11-17,102.97866930512255,103.02518118015318,101.97688451666407,103.0065033709461,103.0065033709461,4697445,consumer,1.4000000000000001,20.889545988692287,0.5547671018655714,0.028786803155541656,14.490363863910275
AMZN,2015-11-18,100.18790572614161,100.5555647769406,99.66521878726365,100.12146917851723,100.12146917851723,3652746,consumer,1.4000000000000001,21.734510911308618,0.5433240122937594,0.028757698413457745,16.007540223529475
AMZN,2015-11-19,97.89660843227558,98.27237735542087,97.26202691353592,98.01896112625549,98.01896112625549,3779722,consumer,1.4000000000000001,20.48425341537583,0.5667637821085074,0.029701751654082027,14.922972767354217
AMZN,2015-11-20,99.32283470852985,100.16403185434862,98.64877546857062,99.22231941750026,99.22231941750026,3393741,consumer,1.4000000000000001,20.167858098026063,0.5246478946254259,0.0294624440028672,17.479371168094513
AMZN,2015-11-23,99.65160960936461,99.81153490039699,99.32881170312031,99.64524003939141,99.64524003939141,3792707,consumer,1.4000000000000001,21.727169249680284,0.5348537070905236,0.029565641877091414,14.853306427070901
AMZN,2015-11-24,99.71531993409006,100.5037185753794,99.23264973622975,99.48440909227372,99.48440909227372,4379504,consumer,1.4000000000000001,20.53167762668584,0.5022471558301822,0.02957423444478926,14.323093127916696
AMZN,2015-11-25,96.48095990650924,97.01590794735499,95.33819294314746,96.28940781105425,96.28940781105425,3498109,consumer,1.4000000000000001,21.542054650548696,0.5063130663534416,0.02981320222006859,16.070053664044394
AMZN,2015-11-26,95.23022916852725,95.58962021729938,94.9856117186223,95.18249896565928,95.18249896565928,4212986,consumer,1.4000000000000001,19.88848434502541,0.5859638481995703,0.030372766950221824,15.486990170192271
AMZN,2015-11-27,91.08777873554814,91.5962061713051,90.3679345488738,91.46292661257088,91.46292661257088,3228249,consumer,1.4000000000000001,19.647666980763603,0.5916719648819935,0.030023808013550084,14.360662676607276
AMZN,2015-11-30,92.18118801394728,93.10087171249278,91.55421735888555,91.68862131673666,91.68862131673666,4420706,consumer,1.4000000000000001,21.755269157570396,0.5518545241044791,0.029631966175027245,16.356250826895312
AMZN,2015-12-01,88.25055455707256,88.83374486216748,87.54071010127441,88.28813643259377,88.28813643259377,3382138,consumer,1.4000000000000001,21.252519910317215,0.5335234246818699,0.030359907275620684,13.80470693057985
AMZN,2015-12-02,89.04543641865,89.45839416195723,88.88005371603639,89.06704937194435,89.06704937194435,4503367,consumer,1.4000000000000001,21.922455733236205,0.5440310214901979,0.030826123543652762,14.726347536567054
