ticker,ticker_raw,yahoo_ticker_candidates,company,permno,sp500_start_date,sp500_end_date,first_year_available,entered_sp500_year,left_sp500_year,delisted_or_shutdown_year,is_current_sp500,membership_status,source,notes
,,,LEES JAMES & SONS CO,23165.0,1957-03-01,1960-03-23,,1957,1960.0,,False,closed,wrds_classroom_sp500_changes,source row has no ticker
,,,CORNELL DUBILIER ELEC CORP,21784.0,1957-03-01,1960-04-20,,1957,1960.0,,False,closed,wrds_classroom_sp500_changes,source row has no ticker
,,,MIAMI COPPER CO,13151.0,1957-03-01,1960-06-22,,1957,1960.0,,False,closed,wrds_classroom_sp500_changes,source row has no ticker
,,,WESSON OIL & SNOWDRIFT INC,17216.0,1957-03-01,1960-07-13,,1957,1960.0,,False,closed,wrds_classroom_sp500_changes,source row has no ticker
,,,ARTLOOM INDS INC; ARTLOOM CORP; ARTLOOM CARPET INC; TRANS UTD INDS INC,14832.0,1957-03-01,1960-10-26,,1957,1960.0,,False,closed,wrds_classroom_sp500_changes,source row has no ticker
,,,CLETRAC CORP; OLIVER CORP; OLIVER FARM EQUIP CO,17603.0,1957-03-01,1960-10-26,,1957,1960.0,,False,closed,wrds_classroom_sp500_changes,source row has no ticker
,,,GUANTANAMO SUGAR CO,12212.0,1957-03-01,1960-12-28,,1957,1960.0,,False,closed,wrds_classroom_sp500_changes,source row has no ticker
,,,MANATI SUGAR CO,13004.0,1957-03-01,1961-02-08,,1957,1961.0,,False,closed,wrds_classroom_sp500_changes,source row has no ticker
,,,VERTIENTES CAMAGUEY SUGAR CO,22015.0,1957-03-01,1961-02-08,,1957,1961.0,,False,closed,wrds_classroom_sp500_changes,source row has no ticker
,,,INDUSTRIAL RAYON CORP,17064.0,1957-03-01,1961-04-26,,1957,1961.0,,False,closed,wrds_classroom_sp500_changes,source row has no ticker
,,,BRIDGEPORT BRASS CO,19625.0,1957-03-01,1961-06-21,,1957,1961.0,,False,closed,wrds_classroom_sp500_changes,source row has no ticker
,,,GREEN H L INC,19836.0,1957-03-01,1961-06-21,,1957,1961.0,,False,closed,wrds_classroom_sp500_changes,source row has no ticker
,,,SPENCER KELLOGG & SONS INC,17486.0,1957-03-01,1961-08-02,,1957,1961.0,,False,closed,wrds_classroom_sp500_changes,source row has no ticker
,,,CREAM OF WHEAT CORP,18454.0,1957-03-01,1961-08-09,,1957,1961.0,,False,closed,wrds_classroom_sp500_changes,source row has no ticker
,,,HERCULES MTRS CORP,18366.0,1957-03-01,1961-09-20,,1957,1961.0,,False,closed,wrds_classroom_sp500_changes,source row has no ticker
,,,UNIVERSAL PICTURES INC,25187.0,1957-03-01,1961-10-25,,1957,1961.0,,False,closed,wrds_classroom_sp500_changes,source row has no ticker
,,,PHILCO CORP,21426.0,1957-03-01,1961-12-06,,1957,1961.0,,False,closed,wrds_classroom_sp500_changes,source row has no ticker
,,,LERNER STORES CORP,28281.0,1957-03-01,1961-12-06,,1957,1961.0,,False,closed,wrds_classroom_sp500_changes,source row has no ticker
,,,COLUMBIAN CARBON CO,11359.0,1957-03-01,1962-02-07,,1957,1962.0,,False,closed,wrds_classroom_sp500_changes,source row has no ticker
,,,FIRTH CARPET CO,22875.0,1957-03-01,1962-02-14,,1957,1962.0,,False,closed,wrds_classroom_sp500_changes,source row has no ticker
,,,TRUAX TRAER COAL CO,17398.0,1957-03-01,1962-04-25,,1957,1962.0,,False,closed,wrds_classroom_sp500_changes,source row has no ticker
,,,MONTEREY OIL CO,25179.0,1958-06-11,1961-01-11,,1958,1961.0,,False,closed,wrds_classroom_sp500_changes,source row has no ticker
,,,PACIFIC FIN CORP CALIF; PACIFIC FIN CORP,23616.0,1960-02-03,1961-09-06,,1960,1961.0,,False,closed,wrds_classroom_sp500_changes,source row has no ticker
,,,MINUTE MAID CORP,25742.0,1960-04-20,1960-12-28,,1960,1960.0,,False,closed,wrds_classroom_sp500_changes,source row has no ticker
A,A,A,ANACONDA CO; ANACONDA COPPER MNG CO,10495.0,1957-03-01,1977-01-19,1999.0,1957,1977.0,,False,closed,wrds_classroom_sp500_changes,
A,A,A,Agilent Technologies,87432.0,2000-06-05,,1999.0,2000,,,True,current,wrds_classroom_sp500_changes;wikipedia_current_sp500,current as of source; WRDS cutoff 2022-12-30
AA,AA,AA,ALCOA CORP,16347.0,2016-11-01,2016-11-01,1962.0,2016,2016.0,,False,closed,wrds_classroom_sp500_changes,
AAF,AAF,AAF,AMERICAN AIR FILTER INC,42235.0,1975-08-14,1978-10-25,2007.0,1975,1978.0,2012.0,False,closed,wrds_classroom_sp500_changes,
AAL,"AAL, AMR",AAL|AMR,A M R CORP DEL; AMERICAN AIRLINES GROUP INC; AMERICAN AIRLS INC,21020.0,1944-06-07,2003-03-13,2005.0,1944,2003.0,,False,closed,wrds_classroom_sp500_changes,
AAL,"AALS, AALX, AAL",AALS|AALX|AAL,ALEXANDER & ALEXANDER INC; ALEXANDER & ALEXANDER SVCS INC,63845.0,1988-10-06,1997-01-14,2005.0,1988,1997.0,,False,closed,wrds_classroom_sp500_changes,
AAL,"AAL, AMR",AAL|AMR,A M R CORP DEL; AMERICAN AIRLINES GROUP INC; AMERICAN AIRLS INC,21020.0,2015-03-23,2024-09-23,2005.0,2015,2024.0,,False,closed,wrds_classroom_sp500_changes,
AALS,"AALS, AALX, AAL",AALS|AALX|AAL,ALEXANDER & ALEXANDER INC; ALEXANDER & ALEXANDER SVCS INC,63845.0,1988-10-06,1997-01-14,,1988,1997.0,,False,closed,wrds_classroom_sp500_changes,
AALX,"AALS, AALX, AAL",AALS|AALX|AAL,ALEXANDER & ALEXANDER INC; ALEXANDER & ALEXANDER SVCS INC,63845.0,1988-10-06,1997-01-14,,1988,1997.0,,False,closed,wrds_classroom_sp500_changes,
AAP,AAP,AAP,ADVANCE AUTO PARTS INC,89217.0,2015-07-09,2023-08-25,2001.0,2015,2023.0,,False,closed,wrds_classroom_sp500_changes,
AAPL,AAPL,AAPL,Apple Inc.,14593.0,1982-11-18,,1980.0,1982,,,True,current,wrds_classroom_sp500_changes;wikipedia_current_sp500,current as of source; WRDS cutoff 2022-12-30
AAS,"AAS, ASHC, ABC",AAS|ASHC|ABC,AMERISOURCEBERGEN CORP; AMERISOURCE HEALTH CORP,81540.0,2001-08-30,,,2001,,,False,open_unknown_after_source_cutoff,wrds_classroom_sp500_changes,left date unknown after membership source cutoff
AAV,"FOX, AAV, NII",FOX|AAV|NII,AVATEX CORP; FOXMEYER HEALTH CORP; NATIONAL INTERGROUP INC,17278.0,1983-09-13,1994-09-26,,1983,1994.0,,False,closed,wrds_classroom_sp500_changes,
ABA,ABA,ABA,AMERICAN BAKERIES CO; PURITY BAKERIES CORP,15843.0,1957-03-01,1973-05-30,,1957,1973.0,,False,closed,wrds_classroom_sp500_changes,
ABBV,ABBV,ABBV,AbbVie,13721.0,2012-12-31,,2013.0,2012,,,True,current,wrds_classroom_sp500_changes;wikipedia_current_sp500,current as of source; WRDS cutoff 2022-12-30
ABC,"ABP, ABC",ABP|ABC,FAMOUS PLAYERS LASKY CORP; PARAMOUNT FAMOUS LASKY CORP; PARAMOUNT PUBLIX CORP; PARAMOUNT PICTURES INC; AMERICAN BROADCASTING PARAMOUNT; UNITED PARAMOUNT THEATRES INC; AMERICAN BROADCASTING COS INC,10233.0,1969-05-15,1986-01-08,,1969,1986.0,,False,closed,wrds_classroom_sp500_changes,
ABC,"AAS, ASHC, ABC",AAS|ASHC|ABC,AMERISOURCEBERGEN CORP; AMERISOURCE HEALTH CORP,81540.0,2001-08-30,,,2001,,,False,open_unknown_after_source_cutoff,wrds_classroom_sp500_changes,left date unknown after membership source cutoff
ABD,"ABMD, ABD",ABMD|ABD,ABIOMED INC,75107.0,2018-05-31,2022-12-21,,2018,2022.0,,False,closed,wrds_classroom_sp500_changes,
ABG,ABG,ABG,AMERICAN SHIP BLDG CO,15974.0,1957-03-01,1968-09-10,2002.0,1957,1968.0,,False,closed,wrds_classroom_sp500_changes,
ABI,"PKN, PEB, ABI",PKN|PEB|ABI,P E CORP; PERKIN ELMER CORP; APPLIED BIOSYSTEMS INC DEL; APPLERA CORP,27713.0,1974-10-17,2008-11-21,2025.0,1974,2008.0,,False,closed,wrds_classroom_sp500_changes,
ABK,ABK,ABK,AMERICAN BRAKE SHOE & FDRY; ABEX CORP; AMERICAN BRAKE SHOE CO,10030.0,1957-03-01,1969-01-08,,1957,1969.0,,False,closed,wrds_classroom_sp500_changes,
ABK,ABK,ABK,AMBAC INC; AMBAC FINANCIAL GROUP INC,76757.0,2000-12-11,2008-06-10,,2000,2008.0,,False,closed,wrds_classroom_sp500_changes,
ABMD,"ABMD, ABD",ABMD|ABD,ABIOMED INC,75107.0,2018-05-31,2022-12-21,,2018,2022.0,,False,closed,wrds_classroom_sp500_changes,
ABNB,ABNB,ABNB,Airbnb,,2023-09-18,,2020.0,2023,,,True,current,wikipedia_selected_changes;wikipedia_current_sp500,Market capitalization change.[35]; current as of source; WRDS cutoff 2022-12-30
ABNC,"ASO, ASQ, ABNC",ASO|ASQ|ABNC,AMSOUTH BANCORPORATION; ALABAMA BANCORPORATION,62770.0,1999-03-10,2006-11-03,1997.0,1999,2006.0,2022.0,False,closed,wrds_classroom_sp500_changes,
ABP,"ABP, ABC",ABP|ABC,FAMOUS PLAYERS LASKY CORP; PARAMOUNT FAMOUS LASKY CORP; PARAMOUNT PUBLIX CORP; PARAMOUNT PICTURES INC; AMERICAN BROADCASTING PARAMOUNT; UNITED PARAMOUNT THEATRES INC; AMERICAN BROADCASTING COS INC,10233.0,1969-05-15,1986-01-08,,1969,1986.0,,False,closed,wrds_classroom_sp500_changes,
ABS,ABS,ABS,ALBERTSONS INC,50032.0,1984-11-23,2006-06-01,2018.0,1984,2006.0,2019.0,False,closed,wrds_classroom_sp500_changes,
ABT,ABT,ABT,Abbott Laboratories,,1957-03-04,,1980.0,1957,,,True,current,wikipedia_current_sp500,
ABUD,"ABUD, BUD",ABUD|BUD,ANHEUSER BUSCH INC; ANHEUSER BUSCH COS INC,59184.0,1976-07-01,2008-11-18,,1976,2008.0,,False,closed,wrds_classroom_sp500_changes,
ABW,"AMDA, ABW, PFB",AMDA|ABW|PFB,ASSOCIATED BREWING CO; ARMADA CORP; PFEIFFER BREWING CO,19764.0,1966-01-06,1970-03-18,2000.0,1966,1970.0,2017.0,False,closed,wrds_classroom_sp500_changes,
ABX,"ABXFF, ABX, GOLD, BRCFF",ABXFF|ABX|GOLD|BRCFF,AMERICAN BARRICK RESOURCES CORP; BARRICK RESOURCES CORP; BARRICK GOLD CORP,71298.0,1993-11-15,2002-07-19,2020.0,1993,2002.0,,False,closed,wrds_classroom_sp500_changes,
ABXFF,"ABXFF, ABX, GOLD, BRCFF",ABXFF|ABX|GOLD|BRCFF,AMERICAN BARRICK RESOURCES CORP; BARRICK RESOURCES CORP; BARRICK GOLD CORP,71298.0,1993-11-15,2002-07-19,,1993,2002.0,,False,closed,wrds_classroom_sp500_changes,
AC,"AC, PA",AC|PA,AMERICAN CAN CO; PRIMERICA CORP,10241.0,1925-12-31,1988-12-21,,1925,1988.0,,False,closed,wrds_classroom_sp500_changes,
ACAD,"ACAD, ADSK",ACAD|ADSK,Autodesk,85631.0,1989-12-01,,2004.0,1989,,,False,open_unknown_after_source_cutoff,wrds_classroom_sp500_changes;wikipedia_current_sp500,current as of source; WRDS cutoff 2022-12-30; historical alias; current ticker match is ADSK; left date unknown after membership source cutoff
ACAS,ACAS,ACAS,AMERICAN CAPITAL LTD; AMERICAN CAPITAL STRATEGIES LTD,85271.0,2007-07-09,2009-03-03,,2007,2009.0,,False,closed,wrds_classroom_sp500_changes,
ACCOB,"ACCOB, RKY, TAP",ACCOB|RKY|TAP,Molson Coors Beverage Company,59248.0,1976-06-30,,,1976,,,False,open_unknown_after_source_cutoff,wrds_classroom_sp500_changes;wikipedia_current_sp500,current as of source; WRDS cutoff 2022-12-30; historical alias; current ticker match is TAP; left date unknown after membership source cutoff
ACE,"ACL, ACE, CB",ACL|ACE|CB,ACE LTD; CHUBB LTD; ACE LTD NEW,79057.0,2002-01-30,2008-07-17,,2002,2008.0,,False,closed,wrds_classroom_sp500_changes,
ACE,"ACL, ACE, CB",ACL|ACE|CB,Chubb Limited,79057.0,2010-07-15,,,2010,,,False,open_unknown_after_source_cutoff,wrds_classroom_sp500_changes;wikipedia_current_sp500,current as of source; WRDS cutoff 2022-12-30; historical alias; current ticker match is CB; left date unknown after membership source cutoff
ACF,ACF,ACF,AMERICAN CAR & FDRY CO; A C F INDUSTRIES INC,10006.0,1957-03-01,1984-07-18,2008.0,1957,1984.0,2018.0,False,closed,wrds_classroom_sp500_changes,
ACGL,"RCHI, ACGL",RCHI|ACGL,Arch Capital Group,82276.0,2022-11-01,,1995.0,2022,,,True,current,wrds_classroom_sp500_changes;wikipedia_current_sp500,current as of source; WRDS cutoff 2022-12-30
ACJ,ACJ,ACJ,AMERICAN CHICLE CO,10292.0,1957-03-01,1962-09-26,2000.0,1957,1962.0,2018.0,False,closed,wrds_classroom_sp500_changes,
ACK,ACK,ACK,ARMSTRONG WORLD INDUSTRIES INC; ARMSTRONG CORK CO; ARMSTRONG HOLDINGS INC,19692.0,1957-03-01,2000-11-16,,1957,2000.0,,False,closed,wrds_classroom_sp500_changes,
ACL,"ACL, ACE, CB",ACL|ACE|CB,ACE LTD; CHUBB LTD; ACE LTD NEW,79057.0,2002-01-30,2008-07-17,2012.0,2002,2008.0,2022.0,False,closed,wrds_classroom_sp500_changes,
ACL,"ACL, ACE, CB",ACL|ACE|CB,Chubb Limited,79057.0,2010-07-15,,2012.0,2010,,2022.0,False,open_unknown_after_source_cutoff,wrds_classroom_sp500_changes;wikipedia_current_sp500,current as of source; WRDS cutoff 2022-12-30; historical alias; current ticker match is CB; left date unknown after membership source cutoff
ACN,ACN,ACN,AMERICAN CHAIN & CABLE INC; AMERICAN CHAIN INC,18825.0,1957-03-01,1976-01-14,2001.0,1957,1976.0,,False,closed,wrds_classroom_sp500_changes,
ACN,ACN,ACN,Accenture,89071.0,2011-07-06,,2001.0,2011,,,True,current,wrds_classroom_sp500_changes;wikipedia_current_sp500,current as of source; WRDS cutoff 2022-12-30
ACR,"HFG, ACR",HFG|ACR,HOME FIN GROUP INC; AMERICAN CREDIT CORP,28994.0,1968-08-22,1970-06-24,2006.0,1968,1970.0,,False,closed,wrds_classroom_sp500_changes,
ACS,ACS,ACS,AMERICAN CRYSTAL SUGAR CO; AMERICAN BEET SUGAR CO,10276.0,1957-03-01,1973-02-28,,1957,1973.0,,False,closed,wrds_classroom_sp500_changes,
ACS,"ACSA, AFA, ACS",ACSA|AFA|ACS,AFFILIATED COMPUTER SERVICES INC; AFFILIATED COMPUTER SVCS INC,80913.0,2004-04-02,2010-02-05,,2004,2010.0,,False,closed,wrds_classroom_sp500_changes,
ACSA,"ACSA, AFA, ACS",ACSA|AFA|ACS,AFFILIATED COMPUTER SERVICES INC; AFFILIATED COMPUTER SVCS INC,80913.0,2004-04-02,2010-02-05,,2004,2010.0,,False,closed,wrds_classroom_sp500_changes,
ACT,"WPI, WATS, ACT, AGN",WPI|WATS|ACT|AGN,ALLERGAN PLC; ACTAVIS INC; ACTAVIS PLC; WATSON PHARMACEUTICALS INC,78916.0,1999-04-12,2020-05-11,2021.0,1999,2020.0,,False,closed,wrds_classroom_sp500_changes,
ACV,ACV,ACV,ALBERTO CULVER CO; ALBERTO CULVER CO NEW,42083.0,1971-03-04,2006-11-16,2015.0,1971,2006.0,,False,closed,wrds_classroom_sp500_changes,
ACY,ACY,ACY,AMERICAN CYANAMID CO,23341.0,1957-03-01,1994-09-26,,1957,1994.0,,False,closed,wrds_classroom_sp500_changes,
AD,AD,AD,AMSTED INDUSTRIES INC; AMERICAN STEEL FOUNDRIES,10487.0,1957-03-01,1986-05-07,1988.0,1957,1986.0,,False,closed,wrds_classroom_sp500_changes,
ADBE,ADBE,ADBE,Adobe Inc.,75510.0,1997-05-05,,1986.0,1997,,,True,current,wrds_classroom_sp500_changes;wikipedia_current_sp500,current as of source; WRDS cutoff 2022-12-30
ADCO,"LDDSA, ADCO, WCOM, LDDS",LDDSA|ADCO|WCOM|LDDS,WORLDCOM INC GA NEW; ADVANTAGE COS INC; L D D S COMMUNICATIONS INC GA; M C I WORLDCOM INC; L D D S COMMUNICATIONS INC; WORLDCOM INC GA,11042.0,1996-04-01,2002-05-14,,1996,2002.0,,False,closed,wrds_classroom_sp500_changes,
ADCT,"MGNE, ADCT",MGNE|ADCT,A D C TELECOMMUNICATIONS INC; MAGNETIC CONTROLS CO,50906.0,1999-08-02,2007-06-29,2020.0,1999,2007.0,,False,closed,wrds_classroom_sp500_changes,
ADI,"ANLG, ADI",ANLG|ADI,Analog Devices,60871.0,1999-10-12,,1980.0,1999,,,True,current,wrds_classroom_sp500_changes;wikipedia_current_sp500,current as of source; WRDS cutoff 2022-12-30
ADL,ADL,ADL,ADMIRAL CORP,22488.0,1957-03-01,1974-04-10,2000.0,1957,1974.0,2018.0,False,closed,wrds_classroom_sp500_changes,
ADM,ADM,ADM,ARCHER DANIELS MIDLAND CO,10516.0,1957-03-01,1970-04-22,1980.0,1957,1970.0,,False,closed,wrds_classroom_sp500_changes,
ADM,ADM,ADM,Archer Daniels Midland,10516.0,1957-03-04,,1980.0,1957,,,True,current,wrds_classroom_sp500_changes;wikipedia_current_sp500,current as of source; WRDS cutoff 2022-12-30
ADNT,ADNT,ADNT,ADIENT PLC,16342.0,2016-10-31,2016-10-31,2016.0,2016,2016.0,,False,closed,wrds_classroom_sp500_changes,
ADP,"AUD, ADP",AUD|ADP,Automatic Data Processing,44644.0,1981-02-26,,1980.0,1981,,,True,current,wrds_classroom_sp500_changes;wikipedia_current_sp500,current as of source; WRDS cutoff 2022-12-30
ADPT,"SXCL, ADPT",SXCL|ADPT,STEEL EXCEL INC; STELL EXCEL INC; A D P T CORP; ADAPTEC INC,10353.0,1999-10-01,2001-05-11,2019.0,1999,2001.0,,False,closed,wrds_classroom_sp500_changes,
ADS,"BFH, ADS",BFH|ADS,ALLIANCE DATA SYSTEMS CORP; BREAD FINANCIAL HOLDINGS INC,89002.0,2013-12-23,2020-06-19,,2013,2020.0,,False,closed,wrds_classroom_sp500_changes,
ADSK,"ACAD, ADSK",ACAD|ADSK,Autodesk,85631.0,1989-12-01,,1985.0,1989,,,True,current,wrds_classroom_sp500_changes;wikipedia_current_sp500,current as of source; WRDS cutoff 2022-12-30
ADT,ADT,ADT,A D T CORP,13567.0,2012-10-01,2016-05-02,2018.0,2012,2016.0,,False,closed,wrds_classroom_sp500_changes,
AEE,"UEP, AEE",UEP|AEE,UNION ELECTRIC CO; AMEREN CORP,24985.0,1966-12-15,1976-06-30,1998.0,1966,1976.0,,False,closed,wrds_classroom_sp500_changes,
AEE,"UEP, AEE",UEP|AEE,Ameren,24985.0,1991-09-19,,1998.0,1991,,,True,current,wrds_classroom_sp500_changes;wikipedia_current_sp500,current as of source; WRDS cutoff 2022-12-30
AEG,"UAL, AEG",UAL|AEG,U A L INC; U A L CORP; ALLEGIS CORP; UNITED AIR LINES INC; UNITED AIR LINES TRANS CORP,19596.0,1941-08-20,1994-07-12,1985.0,1941,1994.0,,False,closed,wrds_classroom_sp500_changes,
AEIC,"AEX, DOSKV, DOSK, FBAI, AEIC, FDB",AEX|DOSKV|DOSK|FBAI|AEIC|FDB,FOODBRANDS AMERICA INC; AMERICAN EXPORT ISBRANDTSEN CO; AMERICAN EXPORT INDS INC; DOSKOCIL COMPANIES INC; AEICOR INC,41515.0,1965-02-15,1970-04-22,,1965,1970.0,,False,closed,wrds_classroom_sp500_changes,
AEL,"NBR, AGO, AEL",NBR|AGO|AEL,ANGLO LTD; NABORS INDUSTRIES LTD; ANGLO ENERGY INC; ANGLO ENERGY LTD; ANGLO LAUTARO NITRATE CORP; ANGLO LAUTARO NITRATE LTD; NABORS INDUSTRIES INC,29102.0,2000-10-18,2015-03-20,,2000,2015.0,,False,closed,wrds_classroom_sp500_changes,
AEP,AEP,AEP,American Electric Power,,1957-03-04,,1962.0,1957,,,True,current,wikipedia_current_sp500,
AES,"AES, AESC",AES|AESC,A E S CORP,76712.0,1998-10-02,,1991.0,1998,,,False,open_unknown_after_source_cutoff,wrds_classroom_sp500_changes,left date unknown after membership source cutoff
AES,AES,AES,AES Corporation,,1998-10-02,,1991.0,1998,,,True,current,wikipedia_current_sp500,
AESC,"AES, AESC",AES|AESC,A E S CORP,76712.0,1998-10-02,,,1998,,,False,open_unknown_after_source_cutoff,wrds_classroom_sp500_changes,left date unknown after membership source cutoff
AET,AET,AET,AETNA INC; AETNA LIFE & CASUALTY CO,46850.0,1976-07-01,2000-12-13,1995.0,1976,2000.0,2018.0,False,closed,wrds_classroom_sp500_changes,
AET,AET,AET,AETNA INC NEW,88845.0,2000-12-14,2018-11-30,1995.0,2000,2018.0,2018.0,False,closed,wrds_classroom_sp500_changes,
AEX,AEX,AEX,AMERICAN EXPT LINES INC; AMERICAN EXPT ISBRANDTSEN LINES,21645.0,1957-03-01,1965-02-12,1982.0,1957,1965.0,2020.0,False,closed,wrds_classroom_sp500_changes,
AEX,"AEX, DOSKV, DOSK, FBAI, AEIC, FDB",AEX|DOSKV|DOSK|FBAI|AEIC|FDB,FOODBRANDS AMERICA INC; AMERICAN EXPORT ISBRANDTSEN CO; AMERICAN EXPORT INDS INC; DOSKOCIL COMPANIES INC; AEICOR INC,41515.0,1965-02-15,1970-04-22,1982.0,1965,1970.0,2020.0,False,closed,wrds_classroom_sp500_changes,
AEXP,"AEXP, AXP",AEXP|AXP,American Express,59176.0,1976-06-30,,,1976,,,False,open_unknown_after_source_cutoff,wrds_classroom_sp500_changes;wikipedia_current_sp500,current as of source; WRDS cutoff 2022-12-30; historical alias; current ticker match is AXP; left date unknown after membership source cutoff
AFA,"ACSA, AFA, ACS",ACSA|AFA|ACS,AFFILIATED COMPUTER SERVICES INC; AFFILIATED COMPUTER SVCS INC,80913.0,2004-04-02,2010-02-05,,2004,2010.0,,False,closed,wrds_classroom_sp500_changes,
AFAC,"AFL, AFAC",AFL|AFAC,Aflac,57904.0,1999-05-28,,,1999,,,False,open_unknown_after_source_cutoff,wrds_classroom_sp500_changes;wikipedia_current_sp500,current as of source; WRDS cutoff 2022-12-30; historical alias; current ticker match is AFL; left date unknown after membership source cutoff
AFI,"AFI, ARC",AFI|ARC,ATLANTIC REFNG CO; ATLANTIC RICHFIELD CO,10604.0,1957-03-01,2000-04-17,,1957,2000.0,,False,closed,wrds_classroom_sp500_changes,
AFL,"AFL, AFAC",AFL|AFAC,Aflac,57904.0,1999-05-28,,1980.0,1999,,,True,current,wrds_classroom_sp500_changes;wikipedia_current_sp500,current as of source; WRDS cutoff 2022-12-30
AFN,"HLR, AFN",HLR|AFN,HELLER WALTER E INTL CORP; AMERIFIN CORP; HELLER WALTER E & CO,25873.0,1965-11-04,1984-10-24,2006.0,1965,1984.0,2018.0,False,closed,wrds_classroom_sp500_changes,
AFNL,"AFNL, SBNC, SBNL, SOTR",AFNL|SBNC|SBNL|SOTR,ALABAMA FINANCIAL GROUP INC; SOUTHTRUST CORP; SOUTHERN BANCORPORATION AL,71686.0,1999-03-01,2004-10-29,2008.0,1999,2004.0,,False,closed,wrds_classroom_sp500_changes,
AFS,AFS,AFS,ASSOCIATES FIRST CAPITAL CORP,83440.0,1998-04-08,2000-12-01,2014.0,1998,2000.0,2017.0,False,closed,wrds_classroom_sp500_changes,
AGA,"AGA, ARG",AGA|ARG,AIRGAS INC,70308.0,2009-09-09,2016-05-20,2008.0,2009,2016.0,2022.0,False,closed,wrds_classroom_sp500_changes,
AGAS,"AGAS, SWN, SWEN",AGAS|SWN|SWEN,SOUTHWESTERN ENERGY CO; ARKANSAS WESTERN GAS CO,63765.0,2008-06-06,2017-04-03,,2008,2017.0,,False,closed,wrds_classroom_sp500_changes,
AGC,AGC,AGC,AMERICAN GENERAL CORP; AMERICAN GENERAL INS CO,48397.0,1976-07-01,2001-08-29,,1976,2001.0,,False,closed,wrds_classroom_sp500_changes,
AGG,"AGG, CEG",AGG|CEG,AGUIRRE CO; CENTRAL AGUIRRE SUGAR CO; CENTRAL AGUIRRE ASSOC,17232.0,1957-03-01,1967-07-19,2003.0,1957,1967.0,,False,closed,wrds_classroom_sp500_changes,
AGL,"AGLT, AGL, ATG, GAS",AGLT|AGL|ATG|GAS,A G L RESOURCES INC; ATLANTA GAS LIGHT CO,15553.0,2011-12-13,2016-06-30,2021.0,2011,2016.0,,False,closed,wrds_classroom_sp500_changes,
AGLT,"AGLT, AGL, ATG, GAS",AGLT|AGL|ATG|GAS,A G L RESOURCES INC; ATLANTA GAS LIGHT CO,15553.0,2011-12-13,2016-06-30,,2011,2016.0,,False,closed,wrds_classroom_sp500_changes,
AGM,AGM,AGM,AMALGAMATED SUGAR CO,24555.0,1957-03-01,1982-10-06,1994.0,1957,1982.0,,False,closed,wrds_classroom_sp500_changes,
AGN,AGN,AGN,ALLERGAN INC,75646.0,1992-02-10,2015-03-20,,1992,2015.0,,False,closed,wrds_classroom_sp500_changes,
AGN,"WPI, WATS, ACT, AGN",WPI|WATS|ACT|AGN,ALLERGAN PLC; ACTAVIS INC; ACTAVIS PLC; WATSON PHARMACEUTICALS INC,78916.0,1999-04-12,2020-05-11,,1999,2020.0,,False,closed,wrds_classroom_sp500_changes,
AGO,"NBR, AGO, AEL",NBR|AGO|AEL,ANGLO LTD; NABORS INDUSTRIES LTD; ANGLO ENERGY INC; ANGLO ENERGY LTD; ANGLO LAUTARO NITRATE CORP; ANGLO LAUTARO NITRATE LTD; NABORS INDUSTRIES INC,29102.0,2000-10-18,2015-03-20,2004.0,2000,2015.0,,False,closed,wrds_classroom_sp500_changes,
AGREA,"AM, AGREA",AM|AGREA,AMERICAN GREETINGS CORP,13056.0,1989-10-05,2004-04-30,,1989,2004.0,,False,closed,wrds_classroom_sp500_changes,
AH,AH,AH,ALLIS CHALMERS MFG CO; ALLIS CHALMERS CORP,10153.0,1957-03-01,1963-03-13,,1957,1963.0,,False,closed,wrds_classroom_sp500_changes,
AH,AH,AH,ALLIS CHALMERS MFG CO; ALLIS CHALMERS CORP,10153.0,1977-06-30,1987-07-08,,1977,1987.0,,False,closed,wrds_classroom_sp500_changes,
AHA,"AHA, AHAA, SWKS",AHA|AHAA|SWKS,Skyworks Solutions,45911.0,2015-03-12,,,2015,,,False,open_unknown_after_source_cutoff,wrds_classroom_sp500_changes;wikipedia_current_sp500,current as of source; WRDS cutoff 2022-12-30; historical alias; current ticker match is SWKS; left date unknown after membership source cutoff
AHAA,"AHA, AHAA, SWKS",AHA|AHAA|SWKS,Skyworks Solutions,45911.0,2015-03-12,,,2015,,,False,open_unknown_after_source_cutoff,wrds_classroom_sp500_changes;wikipedia_current_sp500,current as of source; WRDS cutoff 2022-12-30; historical alias; current ticker match is SWKS; left date unknown after membership source cutoff
AHC,"AHC, HES",AHC|HES,HESS OIL & CHEM CORP; AMERADA HESS CORP; HESS CORP,28484.0,1957-03-01,1976-06-30,,1957,1976.0,,False,closed,wrds_classroom_sp500_changes,
AHC,"AHC, HES",AHC|HES,HESS OIL & CHEM CORP; AMERADA HESS CORP; HESS CORP,28484.0,1984-05-17,2025-07-23,,1984,2025.0,,False,closed,wrds_classroom_sp500_changes,
AHD,AHD,AHD,AMERICAN AGRIC CHEM CO,10209.0,1957-03-01,1963-10-16,,1957,1963.0,,False,closed,wrds_classroom_sp500_changes,
AHM,"AHMN, AHM",AHMN|AHM,AHMANSON H F & CO,56266.0,1973-05-31,1998-09-30,,1973,1998.0,,False,closed,wrds_classroom_sp500_changes,
AHMN,"AHMN, AHM",AHMN|AHM,AHMANSON H F & CO,56266.0,1973-05-31,1998-09-30,,1973,1998.0,,False,closed,wrds_classroom_sp500_changes,
AHP,"AHP, SGI, SGIB, APC",AHP|SGI|SGIB|APC,ALPHA PORTLAND INDS INC; ALPHA PORTLAND CEM CO; SLATTERY GROUP INC,18315.0,1957-03-01,1982-09-15,,1957,1982.0,,False,closed,wrds_classroom_sp500_changes,
AHP,"AHP, WYE, HPT",AHP|WYE|HPT,AMERICAN HOME PRODUCTS CORP; WYETH,15667.0,1957-03-01,2009-10-15,,1957,2009.0,,False,closed,wrds_classroom_sp500_changes,
AHS,AHS,AHS,AMERICAN HOSPITAL SUPPLY CORP,27190.0,1972-09-14,1985-11-20,,1972,1985.0,,False,closed,wrds_classroom_sp500_changes,
AIC,AIC,AIC,AMERICAN INVESTMENT CO IL; AMERICAN INVESTMENT CO,21194.0,1958-04-23,1976-06-30,,1958,1976.0,,False,closed,wrds_classroom_sp500_changes,
AIG,"AIG, AIGR",AIG|AIGR,American International Group,66800.0,1980-02-14,,1973.0,1980,,,True,current,wrds_classroom_sp500_changes;wikipedia_current_sp500,current as of source; WRDS cutoff 2022-12-30
AIGR,"AIG, AIGR",AIG|AIGR,American International Group,66800.0,1980-02-14,,,1980,,,False,open_unknown_after_source_cutoff,wrds_classroom_sp500_changes;wikipedia_current_sp500,current as of source; WRDS cutoff 2022-12-30; historical alias; current ticker match is AIG; left date unknown after membership source cutoff
AIN,"AIN, AM",AIN|AM,ADDRESSOGRAPH MULTIGRAPH CORP; ADDRESSOGRAPH INTL CO; A M INTERNATIONAL INC,18980.0,1957-03-01,1976-06-30,1987.0,1957,1976.0,,False,closed,wrds_classroom_sp500_changes,
AIRC,AIRC,AIRC,APARTMENT INCOME REIT CORP,20191.0,2020-12-15,2020-12-18,,2020,2020.0,,False,closed,wrds_classroom_sp500_changes,
AIT,AIT,AIT,AMERITECH CORP; AMERICAN INFORMATION TECHS CORP,65859.0,1983-12-01,1999-10-08,1980.0,1983,1999.0,,False,closed,wrds_classroom_sp500_changes,
AIV,AIV,AIV,APARTMENT INVESTMENT & MGMT CO,80711.0,2003-03-14,2020-12-18,1994.0,2003,2020.0,,False,closed,wrds_classroom_sp500_changes,
AIZ,AIZ,AIZ,Assurant,90038.0,2007-04-10,,2004.0,2007,,,True,current,wrds_classroom_sp500_changes;wikipedia_current_sp500,current as of source; WRDS cutoff 2022-12-30
AJG,"AJGC, AJG",AJGC|AJG,Arthur J. Gallagher & Co.,38093.0,2016-05-31,,1984.0,2016,,,True,current,wrds_classroom_sp500_changes;wikipedia_current_sp500,current as of source; WRDS cutoff 2022-12-30
AJGC,"AJGC, AJG",AJGC|AJG,Arthur J. Gallagher & Co.,38093.0,2016-05-31,,,2016,,,False,open_unknown_after_source_cutoff,wrds_classroom_sp500_changes;wikipedia_current_sp500,current as of source; WRDS cutoff 2022-12-30; historical alias; current ticker match is AJG; left date unknown after membership source cutoff
AKAM,AKAM,AKAM,Akamai Technologies,87299.0,2007-07-12,,1999.0,2007,,,True,current,wrds_classroom_sp500_changes;wikipedia_current_sp500,current as of source; WRDS cutoff 2022-12-30
AKG,"AKG, ALG, NAE",AKG|ALG|NAE,ARKLA INC; ARKANSAS LA GAS CO; NORAM ENERGY CORP,29196.0,1989-01-05,1997-08-06,,1989,1997.0,,False,closed,wrds_classroom_sp500_changes,
AKS,"AKST, AKS",AKST|AKS,A K STEEL HOLDING CORP,80303.0,2008-07-01,2011-12-16,,2008,2011.0,,False,closed,wrds_classroom_sp500_changes,
AKST,"AKST, AKS",AKST|AKS,A K STEEL HOLDING CORP,80303.0,2008-07-01,2011-12-16,,2008,2011.0,,False,closed,wrds_classroom_sp500_changes,
AL,AL,AL,ALCAN INC; ALCAN ALUMINUM LTD; ALUMINUM LTD,24264.0,1957-03-01,2002-07-19,2011.0,1957,2002.0,,False,closed,wrds_classroom_sp500_changes,
ALA,"ALA, U",ALA|U,USAIR GROUP INC; ALLEGHENY AIRLINES INC; U S AIR INC; U S AIRWAYS GROUP INC,28847.0,1986-12-18,2002-05-14,2000.0,1986,2002.0,2018.0,False,closed,wrds_classroom_sp500_changes,
ALB,ALB,ALB,Albemarle Corporation,80191.0,2016-07-01,,1994.0,2016,,,True,current,wrds_classroom_sp500_changes;wikipedia_current_sp500,current as of source; WRDS cutoff 2022-12-30
ALG,"AKG, ALG, NAE",AKG|ALG|NAE,ARKLA INC; ARKANSAS LA GAS CO; NORAM ENERGY CORP,29196.0,1989-01-05,1997-08-06,1993.0,1989,1997.0,,False,closed,wrds_classroom_sp500_changes,
ALGN,ALGN,ALGN,Align Technology,88860.0,2017-06-19,,2001.0,2017,,,True,current,wrds_classroom_sp500_changes;wikipedia_current_sp500,current as of source; WRDS cutoff 2022-12-30
ALK,ALK,ALK,ALASKA AIRLS INC; ALASKA AIRGROUP INC,28804.0,2016-05-13,2023-12-18,1980.0,2016,2023.0,,False,closed,wrds_classroom_sp500_changes,
ALL,ALL,ALL,Allstate,79323.0,1995-07-13,,1993.0,1995,,,True,current,wrds_classroom_sp500_changes;wikipedia_current_sp500,current as of source; WRDS cutoff 2022-12-30
ALLE,ALLE,ALLE,Allegion,14297.0,2013-12-02,,2013.0,2013,,,True,current,wrds_classroom_sp500_changes;wikipedia_current_sp500,current as of source; WRDS cutoff 2022-12-30
ALS,ALS,ALS,ALLIED STORES CORP; HAHN DEPT STORES INC,17304.0,1957-03-01,1987-01-07,,1957,1987.0,,False,closed,wrds_classroom_sp500_changes,
ALT,"ATI, ALT, TDY",ATI|ALT|TDY,A T I INC; ALLEGHENY TELEDYNE INC; ALLEGHENY TECHNOLOGIES; TELEDYNE INC,43123.0,1978-10-26,2015-07-01,2017.0,1978,2015.0,,False,closed,wrds_classroom_sp500_changes,
ALTR,ALTR,ALTR,ALTERA CORP,75577.0,2000-04-18,2015-12-28,,2000,2015.0,,False,closed,wrds_classroom_sp500_changes,
ALXN,ALXN,ALXN,ALEXION PHARMACEUTICALS INC,83111.0,2012-05-25,2021-07-20,,2012,2021.0,,False,closed,wrds_classroom_sp500_changes,
AM,AM,AM,ARMOUR & CO,10524.0,1925-12-31,1971-01-13,2017.0,1925,1971.0,,False,closed,wrds_classroom_sp500_changes,
AM,"AIN, AM",AIN|AM,ADDRESSOGRAPH MULTIGRAPH CORP; ADDRESSOGRAPH INTL CO; A M INTERNATIONAL INC,18980.0,1957-03-01,1976-06-30,2017.0,1957,1976.0,,False,closed,wrds_classroom_sp500_changes,
AM,"AM, AGREA",AM|AGREA,AMERICAN GREETINGS CORP,13056.0,1989-10-05,2004-04-30,2017.0,1989,2004.0,,False,closed,wrds_classroom_sp500_changes,
AMAT,AMAT,AMAT,Applied Materials,14702.0,1995-03-16,,1980.0,1995,,,True,current,wrds_classroom_sp500_changes;wikipedia_current_sp500,current as of source; WRDS cutoff 2022-12-30
AMB,"AMB, BEAM, AT, FO",AMB|BEAM|AT|FO,FORTUNE BRANDS INC; AMERICAN BRANDS INC; AMERICAN TOB CO; BEAM INC,10225.0,1925-12-31,2014-04-30,,1925,2014.0,,False,closed,wrds_classroom_sp500_changes,
AMB,"AMB, PLD",AMB|PLD,Prologis,85592.0,2003-07-17,,,2003,,,False,open_unknown_after_source_cutoff,wrds_classroom_sp500_changes;wikipedia_current_sp500,current as of source; WRDS cutoff 2022-12-30; historical alias; current ticker match is PLD; left date unknown after membership source cutoff
AMCC,AMCC,AMCC,APPLIED MICRO CIRCUITS CORP,85522.0,2001-01-02,2006-05-17,,2001,2006.0,,False,closed,wrds_classroom_sp500_changes,
AMCR,AMCR,AMCR,Amcor,18724.0,2019-06-07,,2012.0,2019,,,True,current,wrds_classroom_sp500_changes;wikipedia_current_sp500,current as of source; WRDS cutoff 2022-12-30
AMD,"AMDV, AMD",AMDV|AMD,ADVANCED MICRO DEVICES INC,61241.0,1984-06-21,2013-09-20,1980.0,1984,2013.0,,False,closed,wrds_classroom_sp500_changes,
AMD,"AMDV, AMD",AMDV|AMD,Advanced Micro Devices,61241.0,2017-03-20,,1980.0,2017,,,True,current,wrds_classroom_sp500_changes;wikipedia_current_sp500,current as of source; WRDS cutoff 2022-12-30
AMDA,"AMDA, ABW, PFB",AMDA|ABW|PFB,ASSOCIATED BREWING CO; ARMADA CORP; PFEIFFER BREWING CO,19764.0,1966-01-06,1970-03-18,,1966,1970.0,,False,closed,wrds_classroom_sp500_changes,
AMDH,"AMH, AMDH",AMH|AMDH,AMDAHL CORP,60046.0,1986-10-23,1997-09-12,,1986,1997.0,,False,closed,wrds_classroom_sp500_changes,
AMDV,"AMDV, AMD",AMDV|AMD,ADVANCED MICRO DEVICES INC,61241.0,1984-06-21,2013-09-20,,1984,2013.0,,False,closed,wrds_classroom_sp500_changes,
AMDV,"AMDV, AMD",AMDV|AMD,Advanced Micro Devices,61241.0,2017-03-20,,,2017,,,False,open_unknown_after_source_cutoff,wrds_classroom_sp500_changes;wikipedia_current_sp500,current as of source; WRDS cutoff 2022-12-30; historical alias; current ticker match is AMD; left date unknown after membership source cutoff
AME,AME,AME,Ametek,85257.0,2013-09-23,,1984.0,2013,,,True,current,wrds_classroom_sp500_changes;wikipedia_current_sp500,current as of source; WRDS cutoff 2022-12-30
AMER,"TWX, AOL, AMER",TWX|AOL|AMER,A O L TIME WARNER INC; AMERICA ONLINE INC DEL; TIME WARNER INC NEW,77418.0,1999-01-04,2018-06-19,2020.0,1999,2018.0,2022.0,False,closed,wrds_classroom_sp500_changes,
AMF,AMF,AMF,AMERICAN MACH & FDRY CO; A M F INC,15763.0,1957-03-01,1985-10-09,,1957,1985.0,,False,closed,wrds_classroom_sp500_changes,
AMG,AMG,AMG,AFFILIATED MANAGERS GROUP INC,85593.0,2014-07-01,2019-12-20,1997.0,2014,2019.0,,False,closed,wrds_classroom_sp500_changes,
AMGN,AMGN,AMGN,Amgen,14008.0,1992-01-02,,1983.0,1992,,,True,current,wrds_classroom_sp500_changes;wikipedia_current_sp500,current as of source; WRDS cutoff 2022-12-30
AMH,"AMH, AMDH",AMH|AMDH,AMDAHL CORP,60046.0,1986-10-23,1997-09-12,2013.0,1986,1997.0,,False,closed,wrds_classroom_sp500_changes,
AMI,AMI,AMI,AMERICAN MEDICAL INTL INC; AMERICAN MEDICAL ENTERPRISES INC,46754.0,1979-02-08,1989-10-25,,1979,1989.0,,False,closed,wrds_classroom_sp500_changes,
AMO,AMO,AMO,NASH KELVINATOR CORP; AMERICAN MOTORS CORP; NASH MOTORS CO,10321.0,1957-03-01,1987-08-05,,1957,1987.0,,False,closed,wrds_classroom_sp500_changes,
AMP,AMP,AMP,A M P INC,27051.0,1967-04-13,1999-04-01,2005.0,1967,1999.0,,False,closed,wrds_classroom_sp500_changes,
AMP,AMP,AMP,Ameriprise Financial,90880.0,2005-10-03,,2005.0,2005,,,True,current,wrds_classroom_sp500_changes;wikipedia_current_sp500,current as of source; WRDS cutoff 2022-12-30
AMR,"AAL, AMR",AAL|AMR,A M R CORP DEL; AMERICAN AIRLINES GROUP INC; AMERICAN AIRLS INC,21020.0,1944-06-07,2003-03-13,2021.0,1944,2003.0,,False,closed,wrds_classroom_sp500_changes,
AMR,"AAL, AMR",AAL|AMR,A M R CORP DEL; AMERICAN AIRLINES GROUP INC; AMERICAN AIRLS INC,21020.0,2015-03-23,2024-09-23,2021.0,2015,2024.0,,False,closed,wrds_classroom_sp500_changes,
AMSG,"AMSGA, AMSG, EVHC",AMSGA|AMSG|EVHC,ENVISION HEALTHCARE CORP; AMSURG CORP,85675.0,2016-12-02,2018-10-10,,2016,2018.0,,False,closed,wrds_classroom_sp500_changes,
AMSGA,"AMSGA, AMSG, EVHC",AMSGA|AMSG|EVHC,ENVISION HEALTHCARE CORP; AMSURG CORP,85675.0,2016-12-02,2018-10-10,,2016,2018.0,,False,closed,wrds_classroom_sp500_changes,
AMT,"NCM, AMT",NCM|AMT,ACME CLEVELAND CORP NEW; NATIONAL ACME CO; ACME CLEVELAND CORP,10057.0,1957-03-01,1992-07-02,1998.0,1957,1992.0,,False,closed,wrds_classroom_sp500_changes,
AMT,AMT,AMT,American Tower,86111.0,2007-11-19,,1998.0,2007,,,True,current,wrds_classroom_sp500_changes;wikipedia_current_sp500,current as of source; WRDS cutoff 2022-12-30
AMTM,AMTM,AMTM,Amentum,,2024-09-30,2024-12-23,2024.0,2024,2024.0,,False,closed,wikipedia_selected_changes,"S&P 500 constituent Jacobs Solutions spun off its Critical Mission Solutions and Cyber Intelligence business, which merged with private Amentum to create newly publicly traded Amentum Holdings.[26]"
AMX,AMX,AMX,AMERICAN METAL CLIMAX INC; AMERICAN METAL LTD; AMAX INC,10161.0,1957-03-01,1993-11-12,2001.0,1957,1993.0,,False,closed,wrds_classroom_sp500_changes,
AMZN,AMZN,AMZN,Amazon,84788.0,2005-11-18,,1997.0,2005,,,True,current,wrds_classroom_sp500_changes;wikipedia_current_sp500,current as of source; WRDS cutoff 2022-12-30
AN,AN,AN,AIR REDUCTION INC; AIRCO INC,10102.0,1957-03-01,1975-02-05,1990.0,1957,1975.0,,False,closed,wrds_classroom_sp500_changes,
AN,"SN, AN",SN|AN,STANDARD OIL CO IND; AMOCO CORP,19553.0,1957-03-01,1998-12-31,1990.0,1957,1998.0,,False,closed,wrds_classroom_sp500_changes,
AN,"RWIN, RII, AN",RWIN|RII|AN,AUTONATION INC DEL; REPUBLIC WASTE INDUSTRIES INC; REPUBLIC INDUSTRIES INC,76282.0,2003-02-24,2017-08-07,1990.0,2003,2017.0,,False,closed,wrds_classroom_sp500_changes,
ANDV,"INX, ANDV, TSO",INX|ANDV|TSO,INTEX OIL CO; TESORO CORP; ANDEAVOR; TESORO PETROLEUM CORP,37284.0,2007-09-27,2018-09-28,1972.0,2007,2018.0,2018.0,False,closed,wrds_classroom_sp500_changes,
ANDW,ANDW,ANDW,ANDREW CORP,14323.0,1984-11-23,2006-09-29,,1984,2006.0,,False,closed,wrds_classroom_sp500_changes,
ANET,ANET,ANET,Arista Networks,14714.0,2018-08-28,,2014.0,2018,,,True,current,wrds_classroom_sp500_changes;wikipedia_current_sp500,current as of source; WRDS cutoff 2022-12-30
ANF,ANF,ANF,ABERCROMBIE & FITCH CO,83976.0,2007-03-29,2013-12-20,1996.0,2007,2013.0,,False,closed,wrds_classroom_sp500_changes,
ANG,"ANG, ANR",ANG|ANR,AMERICAN NAT GAS CO; AMERICAN NATURAL GAS CO; AMERICAN NATURAL RESOURCE CO,24141.0,1957-03-01,1985-05-22,,1957,1985.0,,False,closed,wrds_classroom_sp500_changes,
ANK,"ANK, AXO",ANK|AXO,AKZONA INC; AMERICAN ENKA CORP,25662.0,1957-03-01,1982-09-15,2010.0,1957,1982.0,2018.0,False,closed,wrds_classroom_sp500_changes,
ANLG,"ANLG, ADI",ANLG|ADI,Analog Devices,60871.0,1999-10-12,,,1999,,,False,open_unknown_after_source_cutoff,wrds_classroom_sp500_changes;wikipedia_current_sp500,current as of source; WRDS cutoff 2022-12-30; historical alias; current ticker match is ADI; left date unknown after membership source cutoff
ANR,"ANG, ANR",ANG|ANR,AMERICAN NAT GAS CO; AMERICAN NATURAL GAS CO; AMERICAN NATURAL RESOURCE CO,24141.0,1957-03-01,1985-05-22,,1957,1985.0,,False,closed,wrds_classroom_sp500_changes,
ANR,ANR,ANR,ALPHA NATURAL RESOURCES INC,90547.0,2011-06-02,2012-10-01,,2011,2012.0,,False,closed,wrds_classroom_sp500_changes,
ANSS,ANSS,ANSS,ANSYS INC,83621.0,2017-06-19,2025-07-18,,2017,2025.0,,False,closed,wrds_classroom_sp500_changes,
ANTM,"ELV, ANTM, WLP, ATH",ELV|ANTM|WLP|ATH,Elevance Health,89179.0,2002-07-25,,,2002,,,False,open_unknown_after_source_cutoff,wrds_classroom_sp500_changes;wikipedia_current_sp500,current as of source; WRDS cutoff 2022-12-30; historical alias; current ticker match is ELV; left date unknown after membership source cutoff
ANV,"LOF, ANV, TNV",LOF|ANV|TNV,AEROQUIP VICKERS INC; LIBBEY OWENS GLASS CO; LIBBEY OWENS FORD GLASS CO; LIBBEY OWENS FORD CO; TRINOVA CORP,18147.0,1957-03-01,1999-04-09,,1957,1999.0,,False,closed,wrds_classroom_sp500_changes,
AOC,"AOC, AON, PMA",AOC|AON|PMA,Aon plc,61735.0,1996-04-23,,,1996,,,False,open_unknown_after_source_cutoff,wrds_classroom_sp500_changes;wikipedia_current_sp500,current as of source; WRDS cutoff 2022-12-30; historical alias; current ticker match is AON; left date unknown after membership source cutoff
AOL,"TWX, AOL, AMER",TWX|AOL|AMER,A O L TIME WARNER INC; AMERICA ONLINE INC DEL; TIME WARNER INC NEW,77418.0,1999-01-04,2018-06-19,,1999,2018.0,,False,closed,wrds_classroom_sp500_changes,
AON,"AOC, AON, PMA",AOC|AON|PMA,Aon plc,61735.0,1996-04-23,,1980.0,1996,,,True,current,wrds_classroom_sp500_changes;wikipedia_current_sp500,current as of source; WRDS cutoff 2022-12-30
AOS,"AOS, SMC",AOS|SMC,A. O. Smith,65402.0,2017-07-26,,1983.0,2017,,,True,current,wrds_classroom_sp500_changes;wikipedia_current_sp500,current as of source; WRDS cutoff 2022-12-30
AP,"AP, CDL, CITA",AP|CDL|CITA,AMERICAN LOCOMOTIVE CO; ALCO PRODUCTS INC; ALCO PRODS INC; CITADEL INDUSTRIES INC,11287.0,1957-03-01,1965-01-06,1973.0,1957,1965.0,,False,closed,wrds_classroom_sp500_changes,
APA,APA,APA,APA Corporation,39490.0,1997-07-28,,1979.0,1997,,,True,current,wrds_classroom_sp500_changes;wikipedia_current_sp500,current as of source; WRDS cutoff 2022-12-30
APC,"AHP, SGI, SGIB, APC",AHP|SGI|SGIB|APC,ALPHA PORTLAND INDS INC; ALPHA PORTLAND CEM CO; SLATTERY GROUP INC,18315.0,1957-03-01,1982-09-15,,1957,1982.0,,False,closed,wrds_classroom_sp500_changes,
APC,APC,APC,ANADARKO PETROLEUM CORP,70332.0,1997-07-28,2019-08-08,,1997,2019.0,,False,closed,wrds_classroom_sp500_changes,
APCC,APCC,APCC,AMERICAN POWER CONVERSION CORP,11970.0,2000-06-01,2007-02-14,,2000,2007.0,,False,closed,wrds_classroom_sp500_changes,
APD,APD,APD,Air Products,28222.0,1985-04-11,,1980.0,1985,,,True,current,wrds_classroom_sp500_changes;wikipedia_current_sp500,current as of source; WRDS cutoff 2022-12-30
APEC,"APEC, LRC, APY, CFS",APEC|LRC|APY|CFS,APECO CORP; AMERICAN PHOTOCOPY EQUIP CO; COMFORCE CORP; LORI CORP,68523.0,1962-02-14,1966-10-12,,1962,1966.0,,False,closed,wrds_classroom_sp500_changes,
APH,APH,APH,Amphenol,84769.0,2008-09-30,,1991.0,2008,,,True,current,wrds_classroom_sp500_changes;wikipedia_current_sp500,current as of source; WRDS cutoff 2022-12-30
APO,APO,APO,AMERICAN POTASH & CHEM CORP,24889.0,1962-02-07,1968-01-03,2011.0,1962,1968.0,,False,closed,wrds_classroom_sp500_changes,
APO,APO,APO,Apollo Global Management,,2024-12-23,,2011.0,2024,,,True,current,wikipedia_selected_changes;wikipedia_current_sp500,Market capitalization change.[23]; current as of source; WRDS cutoff 2022-12-30
APOL,"APOL, APOLA",APOL|APOLA,APOLLO GROUP INC; APOLLO EDUCATION GROUP INC,81138.0,2002-05-15,2013-06-28,,2002,2013.0,,False,closed,wrds_classroom_sp500_changes,
APOLA,"APOL, APOLA",APOL|APOLA,APOLLO GROUP INC; APOLLO EDUCATION GROUP INC,81138.0,2002-05-15,2013-06-28,,2002,2013.0,,False,closed,wrds_classroom_sp500_changes,
APP,APP,APP,AppLovin,,2025-09-22,,2021.0,2025,,,True,current,wikipedia_selected_changes;wikipedia_current_sp500,Market capitalization change.[16]; current as of source; WRDS cutoff 2022-12-30
APTV,"APTV, DLPH",APTV|DLPH,Aptiv,13103.0,2012-12-24,,2011.0,2012,,,True,current,wrds_classroom_sp500_changes;wikipedia_current_sp500,current as of source; WRDS cutoff 2022-12-30
APY,"APEC, LRC, APY, CFS",APEC|LRC|APY|CFS,APECO CORP; AMERICAN PHOTOCOPY EQUIP CO; COMFORCE CORP; LORI CORP,68523.0,1962-02-14,1966-10-12,,1962,1966.0,,False,closed,wrds_classroom_sp500_changes,
APY,"CHX, APY",CHX|APY,APERGY CORP; CHAMPIONX CORP,17783.0,2018-05-09,2018-05-09,,2018,2018.0,,False,closed,wrds_classroom_sp500_changes,
AR,AR,AR,AMERICAN SMLT & REFNG CO; ASARCO INC,10364.0,1925-12-31,1999-10-26,2013.0,1925,1999.0,,False,closed,wrds_classroom_sp500_changes,
ARA,ARA,ARA,A R A SERVICES INC; AUTOMATIC RETAILERS AMER INC,39271.0,1968-09-12,1984-12-26,,1968,1984.0,,False,closed,wrds_classroom_sp500_changes,
ARC,"AFI, ARC",AFI|ARC,ATLANTIC REFNG CO; ATLANTIC RICHFIELD CO,10604.0,1957-03-01,2000-04-17,,1957,2000.0,,False,closed,wrds_classroom_sp500_changes,
ARE,ARE,ARE,Alexandria Real Estate Equities,84767.0,2017-03-20,,1997.0,2017,,,True,current,wrds_classroom_sp500_changes;wikipedia_current_sp500,current as of source; WRDS cutoff 2022-12-30
ARES,ARES,ARES,Ares Management,,2025-12-11,,2014.0,2025,,,True,current,wikipedia_selected_changes;wikipedia_current_sp500,Mars Inc. acquired Kellanova.[12]; current as of source; WRDS cutoff 2022-12-30
ARG,"AGA, ARG",AGA|ARG,AIRGAS INC,70308.0,2009-09-09,2016-05-20,,2009,2016.0,,False,closed,wrds_classroom_sp500_changes,
ARR,"ARR, FAM",ARR|FAM,ARISTAR INC; FAMILY FIN CORP,24088.0,1957-03-01,1976-06-30,2007.0,1957,1976.0,,False,closed,wrds_classroom_sp500_changes,
AS,AS,AS,AMERICAN ROLLING ML CO; ARMCO STL CORP; ARMCO INC,17566.0,1957-03-01,1998-11-23,2024.0,1957,1998.0,,False,closed,wrds_classroom_sp500_changes,
ASA,ASA,ASA,AMERICAN SOUTH AFRICAN INVT LTD; A S A GOLD & PRECIOUS METALS LTD; A S A LTD; A S A BERMUDA LTD,26649.0,1968-08-08,1989-08-02,1978.0,1968,1989.0,,False,closed,wrds_classroom_sp500_changes,
ASC,ASC,ASC,AMERICAN STORES CO; ACME MKTS INC,17558.0,1957-03-01,1979-07-27,2013.0,1957,1979.0,,False,closed,wrds_classroom_sp500_changes,
ASC,"SKG, ASC, SKA",SKG|ASC|SKA,SKAGGS COS INC; SKAGGS DRUG CTRS INC; AMERICAN STORES CO NEW,44652.0,1979-07-30,1999-06-23,2013.0,1979,1999.0,,False,closed,wrds_classroom_sp500_changes,
ASD,"TT, ASD",TT|ASD,TRANE INC; AMERICAN STANDARD COS INC DEL,81285.0,2002-05-13,2008-06-05,,2002,2008.0,,False,closed,wrds_classroom_sp500_changes,
ASF,"SF, ASF",SF|ASF,ATCHISON TOPEKA & SANTA FE RY CO,10575.0,1925-12-31,1968-08-20,,1925,1968.0,,False,closed,wrds_classroom_sp500_changes,
ASH,ASH,ASH,ASHLAND INC 2022; ASHLAND GLOBAL HOLDINGS INC; ASHLAND OIL INC; ASHLAND INC NEW; ASHLAND OIL & REFNG CO; ASHLAND INC,24272.0,1989-08-03,2008-11-13,1980.0,1989,2008.0,,False,closed,wrds_classroom_sp500_changes,
ASHC,"AAS, ASHC, ABC",AAS|ASHC|ABC,AMERISOURCEBERGEN CORP; AMERISOURCE HEALTH CORP,81540.0,2001-08-30,,,2001,,,False,open_unknown_after_source_cutoff,wrds_classroom_sp500_changes,left date unknown after membership source cutoff
ASIX,ASIX,ASIX,ADVANSIX INC,16276.0,2016-10-03,2016-10-03,2016.0,2016,2016.0,,False,closed,wrds_classroom_sp500_changes,
ASN,"IKN, ASN",IKN|ASN,ALCO STANDARD CORP; IKON OFFICE SOLUTIONS INC,48514.0,1988-02-11,2000-06-28,,1988,2000.0,,False,closed,wrds_classroom_sp500_changes,
ASN,"PTR, ASN, PTRAS",PTR|ASN|PTRAS,ARCHSTONE COMMUNITIES TRUST; SECURITY CAPITAL PACIFIC TRUST; ARCHSTONE SMITH TRUST; PROPERTY TRUST AMERICA,64451.0,2004-12-20,2007-10-05,,2004,2007.0,,False,closed,wrds_classroom_sp500_changes,
ASND,ASND,ASND,ASCEND COMMUNICATIONS INC,80506.0,1998-06-12,1999-06-24,2015.0,1998,1999.0,,False,closed,wrds_classroom_sp500_changes,
ASO,"ASO, ASQ, ABNC",ASO|ASQ|ABNC,AMSOUTH BANCORPORATION; ALABAMA BANCORPORATION,62770.0,1999-03-10,2006-11-03,2020.0,1999,2006.0,,False,closed,wrds_classroom_sp500_changes,
ASQ,"ASO, ASQ, ABNC",ASO|ASQ|ABNC,AMSOUTH BANCORPORATION; ALABAMA BANCORPORATION,62770.0,1999-03-10,2006-11-03,2008.0,1999,2006.0,2018.0,False,closed,wrds_classroom_sp500_changes,
ASR,ASR,ASR,AMERICAN SUGAR CO; AMSTAR CORP; AMERICAN SUGAR REFNG CO,10479.0,1957-03-01,1973-02-28,2000.0,1957,1973.0,,False,closed,wrds_classroom_sp500_changes,
ASR,ASR,ASR,AMERICAN SUGAR CO; AMSTAR CORP; AMERICAN SUGAR REFNG CO,10479.0,1978-03-02,1984-02-15,2000.0,1978,1984.0,,False,closed,wrds_classroom_sp500_changes,
AST,AST,AST,AMERICAN RADIATOR CO; AMERICAN STANDARD INC; AMERICAN RADIATOR & STD SAN CORP,10372.0,1947-02-26,1988-04-27,,1947,1988.0,,False,closed,wrds_classroom_sp500_changes,
ASU,"VON, ASU",VON|ASU,A C F BRILL MOTORS CO; VONS COMPANIES INC; A C F WRIGLEY STORES INC; ALLIED SUPERMARKETS INC,22074.0,1957-03-01,1965-06-16,,1957,1965.0,,False,closed,wrds_classroom_sp500_changes,
AT,"AMB, BEAM, AT, FO",AMB|BEAM|AT|FO,FORTUNE BRANDS INC; AMERICAN BRANDS INC; AMERICAN TOB CO; BEAM INC,10225.0,1925-12-31,2014-04-30,,1925,2014.0,,False,closed,wrds_classroom_sp500_changes,
AT,"MID, AT",MID|AT,MID CONTINENT TEL CORP; ALLTEL CORP,41443.0,1994-12-21,2007-11-16,,1994,2007.0,,False,closed,wrds_classroom_sp500_changes,
ATG,"AGLT, AGL, ATG, GAS",AGLT|AGL|ATG|GAS,A G L RESOURCES INC; ATLANTA GAS LIGHT CO,15553.0,2011-12-13,2016-06-30,,2011,2016.0,,False,closed,wrds_classroom_sp500_changes,
ATGE,"DV, DVRY, ATGE",DV|DVRY|ATGE,DEVRY EDUCATION GROUP INC; ADTALEM GLOBAL EDUCATION INC; DEVRY INC DEL,76708.0,2009-06-09,2012-09-28,,2009,2012.0,,False,closed,wrds_classroom_sp500_changes,
ATH,"ELV, ANTM, WLP, ATH",ELV|ANTM|WLP|ATH,Elevance Health,89179.0,2002-07-25,,,2002,,,False,open_unknown_after_source_cutoff,wrds_classroom_sp500_changes;wikipedia_current_sp500,current as of source; WRDS cutoff 2022-12-30; historical alias; current ticker match is ELV; left date unknown after membership source cutoff
ATI,"ATI, ALT, TDY",ATI|ALT|TDY,A T I INC; ALLEGHENY TELEDYNE INC; ALLEGHENY TECHNOLOGIES; TELEDYNE INC,43123.0,1978-10-26,2015-07-01,1999.0,1978,2015.0,,False,closed,wrds_classroom_sp500_changes,
ATI,"ATI, PTW",ATI|PTW,PACTEL CORP; AIRTOUCH COMMUNICATIONS,80094.0,1994-04-06,1999-06-29,1999.0,1994,1999.0,,False,closed,wrds_classroom_sp500_changes,
ATO,"ATO, EGAS",ATO|EGAS,Atmos Energy,32986.0,2019-02-15,,1983.0,2019,,,True,current,wrds_classroom_sp500_changes;wikipedia_current_sp500,current as of source; WRDS cutoff 2022-12-30
ATS,ATS,ATS,ASSOCIATES INVESTMENT CO,20431.0,1957-03-01,1969-07-02,2009.0,1957,1969.0,,False,closed,wrds_classroom_sp500_changes,
ATVI,ATVI,ATVI,ACTIVISION BLIZZARD INC; ACTIVISION INC NEW,79678.0,2015-08-31,2023-10-18,,2015,2023.0,,False,closed,wrds_classroom_sp500_changes,
AUD,AUD,AUD,CHICAGO MAIL ORDER CO; ALDENS INC,19668.0,1957-03-01,1965-01-06,,1957,1965.0,,False,closed,wrds_classroom_sp500_changes,
AUD,"AUD, ADP",AUD|ADP,Automatic Data Processing,44644.0,1981-02-26,,,1981,,,False,open_unknown_after_source_cutoff,wrds_classroom_sp500_changes;wikipedia_current_sp500,current as of source; WRDS cutoff 2022-12-30; historical alias; current ticker match is ADP; left date unknown after membership source cutoff
AUM,"CANT, CNE, AUM",CANT|CNE|AUM,CANTEEN CORP; AUTOMATIC CANTEEN CO AMER,22939.0,1968-09-12,1969-05-14,,1968,1969.0,,False,closed,wrds_classroom_sp500_changes,
AV,AV,AV,AVAYA INC,88587.0,2000-10-02,2007-10-25,,2000,2007.0,,False,closed,wrds_classroom_sp500_changes,
AVB,"BYA, AVB",BYA|AVB,AvalonBay Communities,80381.0,2007-01-10,,1994.0,2007,,,True,current,wrds_classroom_sp500_changes;wikipedia_current_sp500,current as of source; WRDS cutoff 2022-12-30
AVC,"VIS, AVC",VIS|AVC,A V C CORP; AMERICAN VISCOSE CORP,21549.0,1957-03-01,1963-09-04,2007.0,1957,1963.0,2018.0,False,closed,wrds_classroom_sp500_changes,
AVGO,AVGO,AVGO,Broadcom,93002.0,2014-05-08,,2009.0,2014,,,True,current,wrds_classroom_sp500_changes;wikipedia_current_sp500,current as of source; WRDS cutoff 2022-12-30
AVP,AVP,AVP,AVON PRODUCTS INC,40416.0,1967-05-18,2015-03-20,,1967,2015.0,,False,closed,wrds_classroom_sp500_changes,
AVY,AVY,AVY,Avery Dennison,44601.0,1987-12-24,,1973.0,1987,,,True,current,wrds_classroom_sp500_changes;wikipedia_current_sp500,current as of source; WRDS cutoff 2022-12-30
AW,"AWIN, AW",AWIN|AW,ALLIED WASTE INDUSTRIES INC,76887.0,1999-08-02,2008-12-04,,1999,2008.0,,False,closed,wrds_classroom_sp500_changes,
AWC,AWC,AWC,ANACONDA WIRE & CABLE CO,17689.0,1957-03-01,1964-01-15,,1957,1964.0,,False,closed,wrds_classroom_sp500_changes,
AWE,AWE,AWE,A T & T WIRELESS SVCS INC,89001.0,2001-07-09,2004-10-26,,2001,2004.0,,False,closed,wrds_classroom_sp500_changes,
AWIN,"AWIN, AW",AWIN|AW,ALLIED WASTE INDUSTRIES INC,76887.0,1999-08-02,2008-12-04,2023.0,1999,2008.0,,False,closed,wrds_classroom_sp500_changes,
AWK,AWK,AWK,American Water Works,92614.0,2016-03-04,,2008.0,2016,,,True,current,wrds_classroom_sp500_changes;wikipedia_current_sp500,current as of source; WRDS cutoff 2022-12-30
AX,AX,AX,ATLANTIC COAST LINE RR CO,10591.0,1925-12-31,1967-06-28,2005.0,1925,1967.0,,False,closed,wrds_classroom_sp500_changes,
AXO,"ANK, AXO",ANK|AXO,AKZONA INC; AMERICAN ENKA CORP,25662.0,1957-03-01,1982-09-15,,1957,1982.0,,False,closed,wrds_classroom_sp500_changes,
AXON,AXON,AXON,Axon Enterprise,,2023-05-04,,2001.0,2023,,,True,current,wikipedia_selected_changes;wikipedia_current_sp500,The Federal Deposit Insurance Corporation (FDIC) placed First Republic Bank into FDIC Receivership.[38]; current as of source; WRDS cutoff 2022-12-30
AXP,"AEXP, AXP",AEXP|AXP,American Express,59176.0,1976-06-30,,1972.0,1976,,,True,current,wrds_classroom_sp500_changes;wikipedia_current_sp500,current as of source; WRDS cutoff 2022-12-30
AYE,"AYP, AYE",AYP|AYE,WEST PENN ELECTRIC CO; ALLEGHENY ENERGY INC; ALLEGHENY POWER SYSTEMS INC; AMERICAN WATER WORKS & ELEC INC,10137.0,1925-12-31,1976-06-30,,1925,1976.0,,False,closed,wrds_classroom_sp500_changes,
AYE,"AYP, AYE",AYP|AYE,WEST PENN ELECTRIC CO; ALLEGHENY ENERGY INC; ALLEGHENY POWER SYSTEMS INC; AMERICAN WATER WORKS & ELEC INC,10137.0,2000-12-11,2011-02-25,,2000,2011.0,,False,closed,wrds_classroom_sp500_changes,
AYI,AYI,AYI,ACUITY BRANDS INC,89216.0,2016-05-03,2018-06-15,2001.0,2016,2018.0,,False,closed,wrds_classroom_sp500_changes,
AYP,"AYP, AYE",AYP|AYE,WEST PENN ELECTRIC CO; ALLEGHENY ENERGY INC; ALLEGHENY POWER SYSTEMS INC; AMERICAN WATER WORKS & ELEC INC,10137.0,1925-12-31,1976-06-30,2012.0,1925,1976.0,2018.0,False,closed,wrds_classroom_sp500_changes,
AYP,"AYP, AYE",AYP|AYE,WEST PENN ELECTRIC CO; ALLEGHENY ENERGY INC; ALLEGHENY POWER SYSTEMS INC; AMERICAN WATER WORKS & ELEC INC,10137.0,2000-12-11,2011-02-25,2012.0,2000,2011.0,2018.0,False,closed,wrds_classroom_sp500_changes,
AZA,AZA,AZA,ALZA CORP,64856.0,1990-12-12,2001-06-22,,1990,2001.0,,False,closed,wrds_classroom_sp500_changes,
AZO,AZO,AZO,AutoZone,76605.0,1997-01-02,,1991.0,1997,,,True,current,wrds_classroom_sp500_changes;wikipedia_current_sp500,current as of source; WRDS cutoff 2022-12-30
AZP,"PNW, AZP",PNW|AZP,Pinnacle West Capital,27991.0,1999-10-04,,2010.0,1999,,2017.0,False,open_unknown_after_source_cutoff,wrds_classroom_sp500_changes;wikipedia_current_sp500,current as of source; WRDS cutoff 2022-12-30; historical alias; current ticker match is PNW; left date unknown after membership source cutoff
BA,BA,BA,Boeing,,1957-03-04,,1962.0,1957,,,True,current,wikipedia_current_sp500,
BAC,"NCB, NCNB, NB, BAC",NCB|NCNB|NB|BAC,Bank of America,59408.0,1976-06-30,,1973.0,1976,,,True,current,wrds_classroom_sp500_changes;wikipedia_current_sp500,current as of source; WRDS cutoff 2022-12-30
BAC,"BAMR, BAM, BAC",BAMR|BAM|BAC,BANKAMERICA CORP,58827.0,1976-07-01,1998-09-30,1973.0,1976,1998.0,,False,closed,wrds_classroom_sp500_changes,
BALL,"BALL, BLL",BALL|BLL,Ball Corporation,57568.0,1984-10-04,,1973.0,1984,,,True,current,wrds_classroom_sp500_changes;wikipedia_current_sp500,current as of source; WRDS cutoff 2022-12-30
BALY,"BLY, BALY",BLY|BALY,BALLY MANUFACTURING CORP; BALLY ENTERTAINMENT CORP,58480.0,1985-10-10,1996-12-18,2024.0,1985,1996.0,,False,closed,wrds_classroom_sp500_changes,
BAM,"BAMR, BAM, BAC",BAMR|BAM|BAC,BANKAMERICA CORP,58827.0,1976-07-01,1998-09-30,2022.0,1976,1998.0,,False,closed,wrds_classroom_sp500_changes,
BAM,BAM,BAM,BROOKFIELD ASSET MANAGEMENT LTD,23569.0,2022-12-15,2022-12-16,2022.0,2022,2022.0,,False,closed,wrds_classroom_sp500_changes,
BAMR,"BAMR, BAM, BAC",BAMR|BAM|BAC,BANKAMERICA CORP,58827.0,1976-07-01,1998-09-30,,1976,1998.0,,False,closed,wrds_classroom_sp500_changes,
BARL,"BRL, BARL",BRL|BARL,BARR PHARMACEUTICALS INC; BARR LABORATORIES INC,11415.0,2006-02-27,2008-12-22,,2006,2008.0,,False,closed,wrds_classroom_sp500_changes,
BAW,BAW,BAW,BABCOCK & WILCOX CO,24854.0,1957-03-01,1978-04-12,2000.0,1957,1978.0,2020.0,False,closed,wrds_classroom_sp500_changes,
BAX,BAX,BAX,Baxter International,27887.0,1972-09-14,,1981.0,1972,,,True,current,wrds_classroom_sp500_changes;wikipedia_current_sp500,current as of source; WRDS cutoff 2022-12-30
BAY,"WFLT, BAY, BNET",WFLT|BAY|BNET,WELLFLEET COMMUNICATIONS INC; BAY NETWORKS INC,76754.0,1996-02-12,1998-08-28,,1996,1998.0,,False,closed,wrds_classroom_sp500_changes,
BBBY,BBBY,BBBY,BED BATH & BEYOND INC,77659.0,1999-10-01,2017-07-25,2002.0,1999,2017.0,,False,closed,wrds_classroom_sp500_changes,
BBEC,"BBEC, BV, CDSG",BBEC|BV|CDSG,COOK DATA SERVICES INC; BLOCKBUSTER ENTERTAINMENT CORP,27087.0,1991-01-10,1994-09-29,,1991,1994.0,,False,closed,wrds_classroom_sp500_changes,
BBF,"BBI, BNET, BBF",BBI|BNET|BBF,BARNETT BANKS FLA INC; BARNETT BANKS INC,61284.0,1984-10-04,1998-01-09,,1984,1998.0,,False,closed,wrds_classroom_sp500_changes,
BBI,"BBI, BNET, BBF",BBI|BNET|BBF,BARNETT BANKS FLA INC; BARNETT BANKS INC,61284.0,1984-10-04,1998-01-09,,1984,1998.0,,False,closed,wrds_classroom_sp500_changes,
BBK,"BBKS, BBK",BBKS|BBK,BOBBIE BROOKS INC,27836.0,1961-08-09,1974-05-08,,1961,1974.0,,False,closed,wrds_classroom_sp500_changes,
BBK,"TFC, BBK, SNB, SNAT, BBT",TFC|BBK|SNB|SNAT|BBT,Truist Financial,71563.0,1997-12-04,,,1997,,,False,open_unknown_after_source_cutoff,wrds_classroom_sp500_changes;wikipedia_current_sp500,current as of source; WRDS cutoff 2022-12-30; historical alias; current ticker match is TFC; left date unknown after membership source cutoff
BBKS,"BBKS, BBK",BBKS|BBK,BOBBIE BROOKS INC,27836.0,1961-08-09,1974-05-08,,1961,1974.0,,False,closed,wrds_classroom_sp500_changes,
BBL,BBL,BBL,BLUE BELL INC,44273.0,1976-01-15,1984-11-21,,1976,1984.0,,False,closed,wrds_classroom_sp500_changes,
BBT,"TFC, BBK, SNB, SNAT, BBT",TFC|BBK|SNB|SNAT|BBT,Truist Financial,71563.0,1997-12-04,,2000.0,1997,,,False,open_unknown_after_source_cutoff,wrds_classroom_sp500_changes;wikipedia_current_sp500,current as of source; WRDS cutoff 2022-12-30; historical alias; current ticker match is TFC; left date unknown after membership source cutoff
BBUY,"BBUY, BBY",BBUY|BBY,Best Buy,85914.0,1999-06-29,,,1999,,,False,open_unknown_after_source_cutoff,wrds_classroom_sp500_changes;wikipedia_current_sp500,current as of source; WRDS cutoff 2022-12-30; historical alias; current ticker match is BBY; left date unknown after membership source cutoff
BBWI,"LTD, BBWI, LB, LIMT",LTD|BBWI|LB|LIMT,LIMITED STORES INC; BATH & BODY WORKS INC; L BRANDS INC; LIMITED INC; LIMITED BRANDS INC,64282.0,1983-09-15,2024-10-01,1982.0,1983,2024.0,,False,closed,wrds_classroom_sp500_changes,
BBY,"BBUY, BBY",BBUY|BBY,Best Buy,85914.0,1999-06-29,,1985.0,1999,,,True,current,wrds_classroom_sp500_changes;wikipedia_current_sp500,current as of source; WRDS cutoff 2022-12-30
BC,BC,BC,BRUNSWICK CORP; BRUNSWICK BALKE COLLENDER CO,10874.0,1973-03-01,2008-06-20,1981.0,1973,2008.0,,False,closed,wrds_classroom_sp500_changes,
BCC,"BCC, OMX",BCC|OMX,BOISE CASCADE CORP; OFFICEMAX INC NEW,42024.0,1970-04-23,2008-06-20,2013.0,1970,2008.0,,False,closed,wrds_classroom_sp500_changes,
BCMP,"RHII, BCMP, BCP, RHI",RHII|BCMP|BCP|RHI,BOOTHE COMPUTER CORP; BOOTHE FINANCIAL CORP; ROBERT HALF INTL INC; BOOTHE COURIER CORP; ROBERT HALF INTERNATIONAL INC,52230.0,2000-12-05,2024-06-24,,2000,2024.0,,False,closed,wrds_classroom_sp500_changes,
BCO,"PZS, PZB, BCO, PCO",PZS|PZB|BCO|PCO,BRINKS CO; PITTSTON CO,18649.0,1957-07-03,1996-01-19,1996.0,1957,1996.0,,False,closed,wrds_classroom_sp500_changes,
BCP,"RHII, BCMP, BCP, RHI",RHII|BCMP|BCP|RHI,BOOTHE COMPUTER CORP; BOOTHE FINANCIAL CORP; ROBERT HALF INTL INC; BOOTHE COURIER CORP; ROBERT HALF INTERNATIONAL INC,52230.0,2000-12-05,2024-06-24,,2000,2024.0,,False,closed,wrds_classroom_sp500_changes,
BCR,BCR,BCR,BARD C R INC,46877.0,1975-06-12,2018-01-02,,1975,2018.0,,False,closed,wrds_classroom_sp500_changes,
BCW,"BCW, BY",BCW|BY,BUCYRUS ERIE CO; BECOR WESTERN INC,16651.0,1957-03-01,1987-12-09,,1957,1987.0,,False,closed,wrds_classroom_sp500_changes,
BDK,BDK,BDK,BLACK & DECKER CORP; BLACK & DECKER MFG CO,20220.0,1976-01-15,2010-03-12,,1976,2010.0,,False,closed,wrds_classroom_sp500_changes,
BDX,BDX,BDX,Becton Dickinson,39642.0,1972-09-14,,1973.0,1972,,,True,current,wrds_classroom_sp500_changes;wikipedia_current_sp500,current as of source; WRDS cutoff 2022-12-30
BEAM,"AMB, BEAM, AT, FO",AMB|BEAM|AT|FO,FORTUNE BRANDS INC; AMERICAN BRANDS INC; AMERICAN TOB CO; BEAM INC,10225.0,1925-12-31,2014-04-30,2020.0,1925,2014.0,,False,closed,wrds_classroom_sp500_changes,
BEC,BEC,BEC,BECKMAN INSTRUMENTS INC,25697.0,1957-03-01,1974-10-16,2004.0,1957,1974.0,2018.0,False,closed,wrds_classroom_sp500_changes,
BEC,BEC,BEC,BECKMAN INSTRUMENTS INC,25697.0,1977-03-03,1982-03-10,2004.0,1977,1982.0,2018.0,False,closed,wrds_classroom_sp500_changes,
BEL,BEL,BEL,BELDEN CORP,50534.0,1974-02-21,1980-12-17,,1974,1980.0,,False,closed,wrds_classroom_sp500_changes,
BEL,"VZ, BEL",VZ|BEL,Verizon,65875.0,1983-11-30,,,1983,,,False,open_unknown_after_source_cutoff,wrds_classroom_sp500_changes;wikipedia_current_sp500,current as of source; WRDS cutoff 2022-12-30; historical alias; current ticker match is VZ; left date unknown after membership source cutoff
BEM,BEM,BEM,BEAUNIT MLS INC; BEAUNIT CORP,23296.0,1957-03-01,1967-05-17,2000.0,1957,1967.0,2018.0,False,closed,wrds_classroom_sp500_changes,
BEN,"BEN, FRRI",BEN|FRRI,Franklin Resources,37584.0,1998-04-29,,1983.0,1998,,,True,current,wrds_classroom_sp500_changes;wikipedia_current_sp500,current as of source; WRDS cutoff 2022-12-30
BER,"WRB, BER, BKLY",WRB|BER|BKLY,W. R. Berkley Corporation,17743.0,2019-12-05,,,2019,,,False,open_unknown_after_source_cutoff,wrds_classroom_sp500_changes;wikipedia_current_sp500,current as of source; WRDS cutoff 2022-12-30; historical alias; current ticker match is WRB; left date unknown after membership source cutoff
BEV,BEV,BEV,BEVERLY ENTERPRISES,47992.0,1986-06-05,1997-12-03,,1986,1997.0,,False,closed,wrds_classroom_sp500_changes,
BF,BF,BF,BUDD CO; BUDD COMPANY; BUDD EDWARD G MANUFACTURING CO,18331.0,1958-09-24,1978-05-03,,1958,1978.0,,False,closed,wrds_classroom_sp500_changes,
BF,"BF, BFD",BF|BFD,BROWN FORMAN DISTILLERS CORP; BROWN FORMAN CORP; BROWN FORMAN INC,29946.0,1982-10-14,,,1982,,,False,open_unknown_after_source_cutoff,wrds_classroom_sp500_changes,left date unknown after membership source cutoff
BF-B,BF.B,BF-B,Brown–Forman,,1982-10-31,,1980.0,1982,,,True,current,wikipedia_current_sp500,
BFD,"BF, BFD",BF|BFD,BROWN FORMAN DISTILLERS CORP; BROWN FORMAN CORP; BROWN FORMAN INC,29946.0,1982-10-14,,,1982,,,False,open_unknown_after_source_cutoff,wrds_classroom_sp500_changes,left date unknown after membership source cutoff
BFH,"BFH, ADS",BFH|ADS,ALLIANCE DATA SYSTEMS CORP; BREAD FINANCIAL HOLDINGS INC,89002.0,2013-12-23,2020-06-19,2001.0,2013,2020.0,,False,closed,wrds_classroom_sp500_changes,
BFI,BFI,BFI,BROWNING FERRIS INDUSTRIES INC,53786.0,1975-08-14,1999-07-30,,1975,1999.0,,False,closed,wrds_classroom_sp500_changes,
BFO,"BFO, CPC, CFG",BFO|CPC|CFG,CORN PRODUCTS CO; BESTFOODS; C P C INTERNATIONAL INC; CORN PRODUCTS REFINING CO,10989.0,1957-03-01,2000-10-02,,1957,2000.0,,False,closed,wrds_classroom_sp500_changes,
BG,BG,BG,BRIGGS MFG CO,10807.0,1957-03-01,1965-10-20,2001.0,1957,1965.0,,False,closed,wrds_classroom_sp500_changes,
BG,"BWS, CAL, BG",BWS|CAL|BG,BROWN SHOE INC; CALERES INC; BROWN SHOE CO INC NEW; BROWN SHOE CO INC; BROWN GROUP INC,10866.0,1957-03-01,1996-07-19,2001.0,1957,1996.0,,False,closed,wrds_classroom_sp500_changes,
BG,BG,BG,Bunge Global,,2023-03-15,,2001.0,2023,,,True,current,wikipedia_selected_changes;wikipedia_current_sp500,The FDIC placed Signature Bank into FDIC Receivership.[40]; current as of source; WRDS cutoff 2022-12-30
BGE,"CEG, BGE",CEG|BGE,CONSOLIDATED GAS ELEC LT & PWR; BALTIMORE GAS & ELECTRIC CO; CONSTELLATION ENERGY GROUP INC,24221.0,1957-03-01,2012-03-13,2010.0,1957,2012.0,2018.0,False,closed,wrds_classroom_sp500_changes,
BGEN,"BGEN, BGENF",BGEN|BGENF,BIOGEN N V; BIOGEN INC,11983.0,2000-01-31,2003-11-12,,2000,2003.0,,False,closed,wrds_classroom_sp500_changes,
BGENF,"BGEN, BGENF",BGEN|BGENF,BIOGEN N V; BIOGEN INC,11983.0,2000-01-31,2003-11-12,,2000,2003.0,,False,closed,wrds_classroom_sp500_changes,
BGG,BGG,BGG,BRIGGS & STRATTON CORP,17961.0,1968-04-04,2001-04-02,,1968,2001.0,,False,closed,wrds_classroom_sp500_changes,
BGH,"UIS, BGH",UIS|BGH,BURROUGHS ADDING MACH CO; BURROUGHS CORP; UNISYS CORP,10890.0,1954-04-20,2008-11-10,2012.0,1954,2008.0,,False,closed,wrds_classroom_sp500_changes,
BGS,BGS,BGS,BIGELOW SANFORD CARPET CO; BIGELOW SANFORD INC; BIGELOW SANFORD CARPET CORP,19270.0,1957-03-01,1967-04-12,2007.0,1957,1967.0,,False,closed,wrds_classroom_sp500_changes,
BGT,"FIN, BUG, BGT",FIN|BUG|BGT,FINANCIAL CORP AMER; BUDGET INDUSTRIES INC; BUDGET FINANCIAL PLAN INC,29962.0,1968-08-01,1970-03-18,2004.0,1968,1970.0,,False,closed,wrds_classroom_sp500_changes,
BGT,"FIN, BUG, BGT",FIN|BUG|BGT,FINANCIAL CORP AMER; BUDGET INDUSTRIES INC; BUDGET FINANCIAL PLAN INC,29962.0,1983-08-11,1988-04-13,2004.0,1983,1988.0,,False,closed,wrds_classroom_sp500_changes,
BHF,BHF,BHF,BRIGHTHOUSE FINANCIAL INC,16816.0,2017-08-07,2019-04-02,2017.0,2017,2019.0,,False,closed,wrds_classroom_sp500_changes,
BHGE,"BHI, BKR, BHGE",BHI|BKR|BHGE,Baker Hughes,75034.0,1987-04-09,,,1987,,,False,open_unknown_after_source_cutoff,wrds_classroom_sp500_changes;wikipedia_current_sp500,current as of source; WRDS cutoff 2022-12-30; historical alias; current ticker match is BKR; left date unknown after membership source cutoff
BHI,"BHI, BKR, BHGE",BHI|BKR|BHGE,Baker Hughes,75034.0,1987-04-09,,,1987,,,False,open_unknown_after_source_cutoff,wrds_classroom_sp500_changes;wikipedia_current_sp500,current as of source; WRDS cutoff 2022-12-30; historical alias; current ticker match is BKR; left date unknown after membership source cutoff
BHL,BHL,BHL,BOHN ALUM & BRASS CORP,17582.0,1957-03-01,1963-08-28,,1957,1963.0,,False,closed,wrds_classroom_sp500_changes,
BHS,"CHH, EMP, BHS",CHH|EMP|BHS,EMPORIUM CAPWELL CO CA; BROADWAY HALE STORES INC NEW; CARTER HAWLEY HALE STORES INC,40352.0,1973-08-02,1991-02-12,,1973,1991.0,,False,closed,wrds_classroom_sp500_changes,
BI,"BI, NAB",BI|NAB,NABISCO INC; NATIONAL BISCUIT CO,13311.0,1925-12-31,1974-05-08,,1925,1974.0,,False,closed,wrds_classroom_sp500_changes,
BI,"BI, NAB",BI|NAB,NABISCO INC; NATIONAL BISCUIT CO,13311.0,1977-11-03,1981-07-02,,1977,1981.0,,False,closed,wrds_classroom_sp500_changes,
BIG,"BIG, BLI, CNS",BIG|BLI|CNS,BIG LOTS INC; CONSOLIDATED STORES CORP,67467.0,1998-01-20,2013-02-13,,1998,2013.0,,False,closed,wrds_classroom_sp500_changes,
BIIB,"IDPH, BIIB",IDPH|BIIB,Biogen,76841.0,2003-11-13,,1991.0,2003,,,True,current,wrds_classroom_sp500_changes;wikipedia_current_sp500,current as of source; WRDS cutoff 2022-12-30
BIO,BIO,BIO,BIO RAD LABORATORIES INC,61516.0,2020-06-22,2024-09-23,1980.0,2020,2024.0,,False,closed,wrds_classroom_sp500_changes,
BIVV,BIVV,BIVV,BIOVERATIV INC,16544.0,2017-02-02,2017-02-02,2017.0,2017,2017.0,2018.0,False,closed,wrds_classroom_sp500_changes,
BIW,"COG, BIW",COG|BIW,BATH IRON WKS INC; BATH INDS INC; BATH IRON WKS CORP; CONGOLEUM CORP,21434.0,1957-03-01,1968-09-10,2001.0,1957,1968.0,2017.0,False,closed,wrds_classroom_sp500_changes,
BJS,BJS,BJS,B J SERVICES CO,76240.0,2002-05-15,2010-04-29,,2002,2010.0,,False,closed,wrds_classroom_sp500_changes,
BK,BK,BK,BLAW KNOX CO,18841.0,1957-03-01,1968-04-03,1973.0,1957,1968.0,,False,closed,wrds_classroom_sp500_changes,
BK,BK,BK,BNY Mellon,49656.0,1995-03-31,,1973.0,1995,,,True,current,wrds_classroom_sp500_changes;wikipedia_current_sp500,current as of source; WRDS cutoff 2022-12-30
BKB,"FB, BKB",FB|BKB,BANKBOSTON CORP; BANK OF BOSTON CORP; FIRST NATIONAL BOSTON CORP,51772.0,1976-07-01,1999-09-30,,1976,1999.0,,False,closed,wrds_classroom_sp500_changes,
BKI,BKI,BKI,BEKER INDUSTRIES CORP,57488.0,1975-02-06,1985-10-23,,1975,1985.0,,False,closed,wrds_classroom_sp500_changes,
BKLY,"WRB, BER, BKLY",WRB|BER|BKLY,W. R. Berkley Corporation,17743.0,2019-12-05,,,2019,,,False,open_unknown_after_source_cutoff,wrds_classroom_sp500_changes;wikipedia_current_sp500,current as of source; WRDS cutoff 2022-12-30; historical alias; current ticker match is WRB; left date unknown after membership source cutoff
BKNG,"PCLN, BKNG",PCLN|BKNG,Booking Holdings,86783.0,2009-11-06,,1999.0,2009,,,True,current,wrds_classroom_sp500_changes;wikipedia_current_sp500,current as of source; WRDS cutoff 2022-12-30
BKO,BKO,BKO,BAKER INTERNATIONAL CORP; BAKER OIL TOOLS INC,28134.0,1962-01-10,1987-04-08,2014.0,1962,1987.0,2017.0,False,closed,wrds_classroom_sp500_changes,
BKR,"BHI, BKR, BHGE",BHI|BKR|BHGE,Baker Hughes,75034.0,1987-04-09,,1987.0,1987,,,True,current,wrds_classroom_sp500_changes;wikipedia_current_sp500,current as of source; WRDS cutoff 2022-12-30
BLD,BLD,BLD,BULLARD CO,17718.0,1957-03-01,1968-04-03,2015.0,1957,1968.0,,False,closed,wrds_classroom_sp500_changes,
BLDR,BLDR,BLDR,Builders FirstSource,,2023-12-18,,2005.0,2023,,,True,current,wikipedia_selected_changes;wikipedia_current_sp500,Market capitalization change.[32]; current as of source; WRDS cutoff 2022-12-30
BLI,"BIG, BLI, CNS",BIG|BLI|CNS,BIG LOTS INC; CONSOLIDATED STORES CORP,67467.0,1998-01-20,2013-02-13,,1998,2013.0,,False,closed,wrds_classroom_sp500_changes,
BLK,"BLK, BLKR, ESV",BLK|BLKR|ESV,ENERGY SERVICE INC; BLOCKER ENERGY CORP; E N S C O INTERNATIONAL INC; ENERGY SERVICE COMPANY INC,62519.0,2007-01-04,2009-12-22,1999.0,2007,2009.0,,False,closed,wrds_classroom_sp500_changes,
BLK,BLK,BLK,BlackRock,87267.0,2011-04-04,,1999.0,2011,,,True,current,wrds_classroom_sp500_changes;wikipedia_current_sp500,current as of source; WRDS cutoff 2022-12-30
BLKR,"BLK, BLKR, ESV",BLK|BLKR|ESV,ENERGY SERVICE INC; BLOCKER ENERGY CORP; E N S C O INTERNATIONAL INC; ENERGY SERVICE COMPANY INC,62519.0,2007-01-04,2009-12-22,,2007,2009.0,,False,closed,wrds_classroom_sp500_changes,
BLL,"BALL, BLL",BALL|BLL,Ball Corporation,57568.0,1984-10-04,,,1984,,,False,open_unknown_after_source_cutoff,wrds_classroom_sp500_changes;wikipedia_current_sp500,current as of source; WRDS cutoff 2022-12-30; historical alias; current ticker match is BALL; left date unknown after membership source cutoff
BLS,BLS,BLS,BEECH NUT PACKING CO; BEECH NUT LIFE SAVERS INC,10735.0,1957-03-01,1968-01-17,,1957,1968.0,,False,closed,wrds_classroom_sp500_changes,
BLS,BLS,BLS,BELLSOUTH CORP,65883.0,1983-12-01,2007-01-03,,1983,2007.0,,False,closed,wrds_classroom_sp500_changes,
BLY,"BLY, BALY",BLY|BALY,BALLY MANUFACTURING CORP; BALLY ENTERTAINMENT CORP,58480.0,1985-10-10,1996-12-18,2016.0,1985,1996.0,2016.0,False,closed,wrds_classroom_sp500_changes,
BMC,"BMCS, BMC",BMCS|BMC,B M C SOFTWARE INC,11976.0,1998-10-01,2013-09-10,2012.0,1998,2013.0,2022.0,False,closed,wrds_classroom_sp500_changes,
BMCS,"BMCS, BMC",BMCS|BMC,B M C SOFTWARE INC,11976.0,1998-10-01,2013-09-10,2010.0,1998,2013.0,,False,closed,wrds_classroom_sp500_changes,
BMET,BMET,BMET,BIOMET INC,18092.0,1990-08-23,2007-07-11,,1990,2007.0,,False,closed,wrds_classroom_sp500_changes,
BMG,"BMGC, BMG",BMGC|BMG,BATTLE MOUNTAIN GOLD CO,85869.0,1996-07-22,1999-08-06,,1996,1999.0,,False,closed,wrds_classroom_sp500_changes,
BMGC,"BMGC, BMG",BMGC|BMG,BATTLE MOUNTAIN GOLD CO,85869.0,1996-07-22,1999-08-06,,1996,1999.0,,False,closed,wrds_classroom_sp500_changes,
BMS,BMS,BMS,BEMIS CO INC,43772.0,1978-07-20,2014-12-04,1972.0,1978,2014.0,2019.0,False,closed,wrds_classroom_sp500_changes,
BMS,BMS,BMS,BEMIS CO INC,43772.0,2019-06-07,2019-06-10,1972.0,2019,2019.0,2019.0,False,closed,wrds_classroom_sp500_changes,
BMY,BMY,BMY,Bristol Myers Squibb,,1957-03-04,,1972.0,1957,,,True,current,wikipedia_current_sp500,
BN,BN,BN,BORDEN CO; BORDEN INC,16571.0,1957-03-01,1994-12-20,1983.0,1957,1994.0,,False,closed,wrds_classroom_sp500_changes,
BND,"BND, BNDN",BND|BNDN,BOND INDUSTRIES INC; BOND STORES INC,20714.0,1957-03-01,1964-02-19,2007.0,1957,1964.0,,False,closed,wrds_classroom_sp500_changes,
BNDN,"BND, BNDN",BND|BNDN,BOND INDUSTRIES INC; BOND STORES INC,20714.0,1957-03-01,1964-02-19,,1957,1964.0,,False,closed,wrds_classroom_sp500_changes,
BNET,"BBI, BNET, BBF",BBI|BNET|BBF,BARNETT BANKS FLA INC; BARNETT BANKS INC,61284.0,1984-10-04,1998-01-09,1999.0,1984,1998.0,,False,closed,wrds_classroom_sp500_changes,
BNET,"WFLT, BAY, BNET",WFLT|BAY|BNET,WELLFLEET COMMUNICATIONS INC; BAY NETWORKS INC,76754.0,1996-02-12,1998-08-28,1999.0,1996,1998.0,,False,closed,wrds_classroom_sp500_changes,
BNI,BNI,BNI,BURLINGTON NORTHERN SANTA FE CP; BURLINGTON NORTHERN INC,50227.0,1970-03-05,2010-02-12,,1970,2010.0,,False,closed,wrds_classroom_sp500_changes,
BNL,BNL,BNL,BENEFICIAL LN CORP; BENEFICIAL INDL LN CORP; BENEFICIAL FIN CO; BENEFICIAL CORP,19377.0,1957-03-01,1998-06-30,2020.0,1957,1998.0,,False,closed,wrds_classroom_sp500_changes,
BNS,BNS,BNS,BROWN & SHARPE MFG CO; B N S CO,42606.0,1968-04-04,1992-07-02,2002.0,1968,1992.0,,False,closed,wrds_classroom_sp500_changes,
BO,BO,BO,BALTIMORE & OHIO RR CO,27561.0,1925-12-31,1966-12-14,1995.0,1925,1966.0,2018.0,False,closed,wrds_classroom_sp500_changes,
BOAT,BOAT,BOAT,BOATMENS BANCSHARES INC,18551.0,1991-02-13,1997-01-06,2021.0,1991,1997.0,,False,closed,wrds_classroom_sp500_changes,
BOL,BOL,BOL,BAUSCH & LOMB OPTICAL CO; BAUSCH & LOMB INC,26518.0,1986-05-08,2007-10-26,1998.0,1986,2007.0,2018.0,False,closed,wrds_classroom_sp500_changes,
BONE,"BONE, FBGO, ONE",BONE|FBGO|ONE,BANC ONE CORP; BANK ONE CORP; FIRST BANC GROUP OHIO INC,65138.0,1988-04-28,2004-06-30,,1988,2004.0,,False,closed,wrds_classroom_sp500_changes,
BOR,BOR,BOR,BORG WARNER CORP,17590.0,1957-03-01,1987-08-05,1998.0,1957,1987.0,2018.0,False,closed,wrds_classroom_sp500_changes,
BP,"UCC, BP",UCC|BP,UNION BAG CAMP PAPER CORP; UNION BAG & PAPER CORP; UNION CAMP CORP,14883.0,1957-03-01,1999-04-30,1962.0,1957,1999.0,,False,closed,wrds_classroom_sp500_changes,
BPR,"BPR, GGP, BPYU",BPR|GGP|BPYU,GENERAL GROWTH PROPERTIES INC; G G P INC; GENERAL GROWTH PPTYS INC NEW; BROOKFIELD PROPERTY REIT INC,79129.0,2007-07-02,2008-11-12,,2007,2008.0,,False,closed,wrds_classroom_sp500_changes,
BPR,"BPR, GGP, BPYU",BPR|GGP|BPYU,GENERAL GROWTH PROPERTIES INC; G G P INC; GENERAL GROWTH PPTYS INC NEW; BROOKFIELD PROPERTY REIT INC,79129.0,2013-12-10,2018-08-27,,2013,2018.0,,False,closed,wrds_classroom_sp500_changes,
BPYU,"BPR, GGP, BPYU",BPR|GGP|BPYU,GENERAL GROWTH PROPERTIES INC; G G P INC; GENERAL GROWTH PPTYS INC NEW; BROOKFIELD PROPERTY REIT INC,79129.0,2007-07-02,2008-11-12,,2007,2008.0,,False,closed,wrds_classroom_sp500_changes,
BPYU,"BPR, GGP, BPYU",BPR|GGP|BPYU,GENERAL GROWTH PROPERTIES INC; G G P INC; GENERAL GROWTH PPTYS INC NEW; BROOKFIELD PROPERTY REIT INC,79129.0,2013-12-10,2018-08-27,,2013,2018.0,,False,closed,wrds_classroom_sp500_changes,
BR,BR,BR,BURLINGTON RESOURCES INC,75333.0,1993-11-23,2006-03-31,2007.0,1993,2006.0,,False,closed,wrds_classroom_sp500_changes,
BR,BR,BR,Broadridge Financial Solutions,91849.0,2018-06-18,,2007.0,2018,,,True,current,wrds_classroom_sp500_changes;wikipedia_current_sp500,current as of source; WRDS cutoff 2022-12-30
BRCFF,"ABXFF, ABX, GOLD, BRCFF",ABXFF|ABX|GOLD|BRCFF,AMERICAN BARRICK RESOURCES CORP; BARRICK RESOURCES CORP; BARRICK GOLD CORP,71298.0,1993-11-15,2002-07-19,2025.0,1993,2002.0,,False,closed,wrds_classroom_sp500_changes,
BRCM,BRCM,BRCM,BROADCOM CORP,85963.0,2000-07-03,2016-01-29,,2000,2016.0,,False,closed,wrds_classroom_sp500_changes,
BRK,BRK,BRK,BRACH E J & SONS INC,38404.0,1962-09-27,1966-05-18,,1962,1966.0,,False,closed,wrds_classroom_sp500_changes,
BRK,BRK,BRK,BROCKWAY INC NY; BROCKWAY GLASS INC,50737.0,1987-03-26,1988-03-02,,1987,1988.0,,False,closed,wrds_classroom_sp500_changes,
BRK,BRK,BRK,BERKSHIRE HATHAWAY INC DEL,83443.0,2010-02-16,,,2010,,,False,open_unknown_after_source_cutoff,wrds_classroom_sp500_changes,left date unknown after membership source cutoff
BRK-B,BRK.B,BRK-B,Berkshire Hathaway,,2010-02-16,,1996.0,2010,,,True,current,wikipedia_current_sp500,
BRL,"BRL, BARL",BRL|BARL,BARR PHARMACEUTICALS INC; BARR LABORATORIES INC,11415.0,2006-02-27,2008-12-22,,2006,2008.0,,False,closed,wrds_classroom_sp500_changes,
BRNO,BRNO,BRNO,BRUNOS INC,19589.0,1991-05-22,1995-08-17,,1991,1995.0,,False,closed,wrds_classroom_sp500_changes,
BRO,"SAI, BRO, KB",SAI|BRO|KB,BROAD INC; SUNAMERICA INC; KAUFMAN & BROAD BLDG CO; KAUFMAN & BROAD INC,33312.0,1970-04-23,1989-03-07,1981.0,1970,1989.0,,False,closed,wrds_classroom_sp500_changes,
BRO,"SAI, BRO, KB",SAI|BRO|KB,BROAD INC; SUNAMERICA INC; KAUFMAN & BROAD BLDG CO; KAUFMAN & BROAD INC,33312.0,1997-07-17,1998-12-31,1981.0,1997,1998.0,,False,closed,wrds_classroom_sp500_changes,
BRO,"POEA, BRO, POBR, PBR",POEA|BRO|POBR|PBR,Brown & Brown,63467.0,2021-09-20,,1981.0,2021,,,True,current,wrds_classroom_sp500_changes;wikipedia_current_sp500,current as of source; WRDS cutoff 2022-12-30
BRY,BRY,BRY,BEATRICE CREAMERY CO; BEATRICE FOODS CO; BEATRICE CO,17953.0,1957-03-01,1986-04-23,,1957,1986.0,,False,closed,wrds_classroom_sp500_changes,
BS,BS,BS,BETHLEHEM STEEL CORP,10786.0,1925-12-31,2000-12-08,,1925,2000.0,,False,closed,wrds_classroom_sp500_changes,
BSC,BSC,BSC,BEAR STEARNS COMPANIES INC,68304.0,1998-07-01,2008-05-30,,1998,2008.0,,False,closed,wrds_classroom_sp500_changes,
BSE,BSE,BSE,B E C ENERGY; BOSTON EDISON CO,25144.0,1966-12-15,1976-06-30,,1966,1976.0,,False,closed,wrds_classroom_sp500_changes,
BSET,BSET,BSET,BASSETT FURNITURE INDUSTRIES INC,17137.0,1982-04-08,1995-10-31,1980.0,1982,1995.0,,False,closed,wrds_classroom_sp500_changes,
BSX,BSX,BSX,Boston Scientific,77605.0,1995-02-24,,1992.0,1995,,,True,current,wrds_classroom_sp500_changes;wikipedia_current_sp500,current as of source; WRDS cutoff 2022-12-30
BT,BT,BT,BANKERS TRUST NY CORP; BANKERS TRUST CORP,48354.0,1976-07-01,1999-06-03,,1976,1999.0,,False,closed,wrds_classroom_sp500_changes,
BTU,BTU,BTU,PEABODY ENERGY CORP,88991.0,2006-11-20,2014-09-19,2017.0,2006,2014.0,,False,closed,wrds_classroom_sp500_changes,
BU,"KSE, BU",KSE|BU,KEYSPAN ENERGY CORP; BROOKLYN UNION GAS CO,10823.0,1957-03-01,1983-11-30,2025.0,1957,1983.0,,False,closed,wrds_classroom_sp500_changes,
BUD,"ABUD, BUD",ABUD|BUD,ANHEUSER BUSCH INC; ANHEUSER BUSCH COS INC,59184.0,1976-07-01,2008-11-18,2009.0,1976,2008.0,,False,closed,wrds_classroom_sp500_changes,
BUG,"FIN, BUG, BGT",FIN|BUG|BGT,FINANCIAL CORP AMER; BUDGET INDUSTRIES INC; BUDGET FINANCIAL PLAN INC,29962.0,1968-08-01,1970-03-18,2019.0,1968,1970.0,,False,closed,wrds_classroom_sp500_changes,
BUG,"FIN, BUG, BGT",FIN|BUG|BGT,FINANCIAL CORP AMER; BUDGET INDUSTRIES INC; BUDGET FINANCIAL PLAN INC,29962.0,1983-08-11,1988-04-13,2019.0,1983,1988.0,,False,closed,wrds_classroom_sp500_changes,
BUR,BUR,BUR,BURLINGTON MILLS CORP; BURLINGTON INDUSTRIES INC,20677.0,1957-03-01,1987-09-09,2020.0,1957,1987.0,,False,closed,wrds_classroom_sp500_changes,
BV,"BBEC, BV, CDSG",BBEC|BV|CDSG,COOK DATA SERVICES INC; BLOCKBUSTER ENTERTAINMENT CORP,27087.0,1991-01-10,1994-09-29,2018.0,1991,1994.0,,False,closed,wrds_classroom_sp500_changes,
BVSN,BVSN,BVSN,BROADVISION INC,83630.0,2000-11-06,2001-08-31,,2000,2001.0,,False,closed,wrds_classroom_sp500_changes,
BWA,BWA,BWA,BORGWARNER INC; BORG WARNER AUTOMOTIVE INC,79545.0,2011-12-19,2025-03-24,1993.0,2011,2025.0,,False,closed,wrds_classroom_sp500_changes,
BWN,BWN,BWN,BROWN CO,29911.0,1966-05-19,1980-11-19,2000.0,1966,1980.0,2017.0,False,closed,wrds_classroom_sp500_changes,
BWS,"BWS, CAL, BG",BWS|CAL|BG,BROWN SHOE INC; CALERES INC; BROWN SHOE CO INC NEW; BROWN SHOE CO INC; BROWN GROUP INC,10866.0,1957-03-01,1996-07-19,,1957,1996.0,,False,closed,wrds_classroom_sp500_changes,
BX,BX,BX,BENDIX CORP; BENDIX AVIATION CORP; STROMBERG CARBURETOR CO AMER INC,10751.0,1957-03-01,1983-02-02,2007.0,1957,1983.0,,False,closed,wrds_classroom_sp500_changes,
BX,BX,BX,Blackstone Inc.,,2023-09-18,,2007.0,2023,,,True,current,wikipedia_selected_changes;wikipedia_current_sp500,Market capitalization change.[35]; current as of source; WRDS cutoff 2022-12-30
BXLT,BXLT,BXLT,BAXALTA INC,15401.0,2015-07-01,2016-06-02,,2015,2016.0,,False,closed,wrds_classroom_sp500_changes,
BXP,BXP,BXP,BOSTON PROPERTIES INC,85058.0,2006-04-03,,1997.0,2006,,,False,open_unknown_after_source_cutoff,wrds_classroom_sp500_changes,left date unknown after membership source cutoff
BXP,BXP,BXP,"BXP, Inc.",,2006-04-03,,1997.0,2006,,,True,current,wikipedia_current_sp500,
BY,"BCW, BY",BCW|BY,BUCYRUS ERIE CO; BECOR WESTERN INC,16651.0,1957-03-01,1987-12-09,2017.0,1957,1987.0,,False,closed,wrds_classroom_sp500_changes,
BYA,"BYA, AVB",BYA|AVB,AvalonBay Communities,80381.0,2007-01-10,,,2007,,,False,open_unknown_after_source_cutoff,wrds_classroom_sp500_changes;wikipedia_current_sp500,current as of source; WRDS cutoff 2022-12-30; historical alias; current ticker match is AVB; left date unknown after membership source cutoff
BYK,BYK,BYK,BAYUK CIGARS INC,10727.0,1957-03-01,1970-06-24,,1957,1970.0,,False,closed,wrds_classroom_sp500_changes,
C,C,C,CHRYSLER CORP,11260.0,1928-11-26,1998-11-12,1977.0,1928,1998.0,,False,closed,wrds_classroom_sp500_changes,
C,"CCC, C, TRV, CCI, PA",CCC|C|TRV|CCI|PA,Citigroup,70519.0,1988-05-26,,1977.0,1988,,,True,current,wrds_classroom_sp500_changes;wikipedia_current_sp500,current as of source; WRDS cutoff 2022-12-30
CA,"CA, CASI",CA|CASI,C A INC; COMPUTER ASSOCIATES INTL INC,25778.0,1987-07-09,2018-11-05,2023.0,1987,2018.0,,False,closed,wrds_classroom_sp500_changes,
CAF,"CAF, CNA",CAF|CNA,C N A FINANCIAL CORP,47626.0,1976-07-01,1994-03-01,2006.0,1976,1994.0,,False,closed,wrds_classroom_sp500_changes,
CAFE,"LUBY, LUB, CAFE",LUBY|LUB|CAFE,LUBYS CAFETERIAS INC; CAFETERIAS INC; LUBYS INC,64020.0,1985-05-16,1996-12-31,,1985,1996.0,,False,closed,wrds_classroom_sp500_changes,
CAG,"CNAG, CAG",CNAG|CAG,Conagra Brands,56274.0,1983-08-31,,1980.0,1983,,,True,current,wrds_classroom_sp500_changes;wikipedia_current_sp500,current as of source; WRDS cutoff 2022-12-30
CAH,CAH,CAH,CALUMET & HECLA CONS COPPER CO; CALUMET & HECLA INC,11033.0,1961-06-21,1968-05-08,1983.0,1961,1968.0,,False,closed,wrds_classroom_sp500_changes,
CAH,"CDIC, CAH",CDIC|CAH,Cardinal Health,21371.0,1997-05-27,,1983.0,1997,,,True,current,wrds_classroom_sp500_changes;wikipedia_current_sp500,current as of source; WRDS cutoff 2022-12-30
CAL,"BWS, CAL, BG",BWS|CAL|BG,BROWN SHOE INC; CALERES INC; BROWN SHOE CO INC NEW; BROWN SHOE CO INC; BROWN GROUP INC,10866.0,1957-03-01,1996-07-19,1980.0,1957,1996.0,,False,closed,wrds_classroom_sp500_changes,
CALL,"NXTL, CALL",NXTL|CALL,FLEET CALL INC; NEXTEL COMMUNICATIONS INC,77284.0,1998-04-01,2005-08-12,2018.0,1998,2005.0,,False,closed,wrds_classroom_sp500_changes,
CAM,"CRON, RON, CAM",CRON|RON|CAM,COOPER CAMERON CORP; CAMERON INTERNATIONAL CORP,81857.0,2008-01-29,2016-04-01,2025.0,2008,2016.0,,False,closed,wrds_classroom_sp500_changes,
CAMC,"WB, CAMC, FUNC, FTU",WB|CAMC|FUNC|FTU,CAMERON FINANCIAL CORP; FIRST UNION CORP; WACHOVIA CORP 2ND NEW,36469.0,1989-02-09,2008-12-31,,1989,2008.0,,False,closed,wrds_classroom_sp500_changes,
CANT,"CANT, CNE, AUM",CANT|CNE|AUM,CANTEEN CORP; AUTOMATIC CANTEEN CO AMER,22939.0,1968-09-12,1969-05-14,,1968,1969.0,,False,closed,wrds_classroom_sp500_changes,
CAR,"CD, CU, CAR, CUCD",CD|CU|CAR|CUCD,COMP U CARD INTL INC; CENDANT CORP; AVIS BUDGET GROUP INC; C U C INTERNATIONAL INC,25487.0,1995-05-01,2006-07-31,1983.0,1995,2006.0,,False,closed,wrds_classroom_sp500_changes,
CARR,CARR,CARR,Carrier Global,19285.0,2020-04-03,,2020.0,2020,,,True,current,wrds_classroom_sp500_changes;wikipedia_current_sp500,current as of source; WRDS cutoff 2022-12-30
CASI,"CA, CASI",CA|CASI,C A INC; COMPUTER ASSOCIATES INTL INC,25778.0,1987-07-09,2018-11-05,,1987,2018.0,,False,closed,wrds_classroom_sp500_changes,
CASY,CASY,CASY,Casey's,,2026-04-09,,1983.0,2026,,,True,current,wikipedia_selected_changes;wikipedia_current_sp500,Blackstone Inc. and TPG Inc. acquired Hologic.[8]; current as of source; WRDS cutoff 2022-12-30
CAT,CAT,CAT,Caterpillar Inc.,,1957-03-04,,1962.0,1957,,,True,current,wikipedia_current_sp500,
CB,"CB, CHUB",CB|CHUB,CHUBB CORP,59192.0,1976-07-01,2016-01-15,1993.0,1976,2016.0,,False,closed,wrds_classroom_sp500_changes,
CB,"ACL, ACE, CB",ACL|ACE|CB,ACE LTD; CHUBB LTD; ACE LTD NEW,79057.0,2002-01-30,2008-07-17,1993.0,2002,2008.0,,False,closed,wrds_classroom_sp500_changes,
CB,"ACL, ACE, CB",ACL|ACE|CB,Chubb Limited,79057.0,2010-07-15,,1993.0,2010,,,True,current,wrds_classroom_sp500_changes;wikipedia_current_sp500,current as of source; WRDS cutoff 2022-12-30
CBB,"CBB, ROAD",CBB|ROAD,ROADWAY SERVICES INC; CALIBER SYSTEM INC; ROADWAY EXPRESS INC,59432.0,1976-07-01,1998-01-27,,1976,1998.0,,False,closed,wrds_classroom_sp500_changes,
CBE,CBE,CBE,COOPER INDUSTRIES LTD; COOPER INDUSTRIES PLC; COOPER INDUSTRIES INC; COOPER BESSEMER CORP,21979.0,1957-03-01,2009-09-08,1972.0,1957,2009.0,2018.0,False,closed,wrds_classroom_sp500_changes,
CBE,CBE,CBE,COOPER INDUSTRIES LTD; COOPER INDUSTRIES PLC; COOPER INDUSTRIES INC; COOPER BESSEMER CORP,21979.0,2011-11-23,2012-11-30,1972.0,2011,2012.0,2018.0,False,closed,wrds_classroom_sp500_changes,
CBG,"CBRE, CBG",CBRE|CBG,C B R E GROUP INC; C B RICHARD ELLIS GROUP INC,90199.0,2006-11-10,,,2006,,,False,open_unknown_after_source_cutoff,wrds_classroom_sp500_changes,left date unknown after membership source cutoff
CBH,"CBH, COBA",CBH|COBA,COMMERCE BANCORP INC NJ,86845.0,2006-06-06,2008-03-28,,2006,2008.0,,False,closed,wrds_classroom_sp500_changes,
CBK,"CIL, CBK",CIL|CBK,CONTINENTAL ILL CORP; CONTINENTAL BANK CORP,57250.0,1976-07-01,1984-10-03,2025.0,1976,1984.0,,False,closed,wrds_classroom_sp500_changes,
CBL,"CRU, CBL",CRU|CBL,CORROON & BLACK CORP; CORROON REYNOLDS CORP,30912.0,1988-12-22,1990-10-05,2021.0,1988,1990.0,,False,closed,wrds_classroom_sp500_changes,
CBM,CBM,CBM,CHESEBROUGH PONDS INC,28505.0,1967-05-18,1987-02-11,,1967,1987.0,,False,closed,wrds_classroom_sp500_changes,
CBO,"CUC, CBO, GCR",CUC|CBO|GCR,GENERAL CIGAR INC; CULBRO CORP,12044.0,1957-03-01,1970-06-24,,1957,1970.0,,False,closed,wrds_classroom_sp500_changes,
CBOE,CBOE,CBOE,Cboe Global Markets,93429.0,2017-03-01,,2010.0,2017,,,True,current,wrds_classroom_sp500_changes;wikipedia_current_sp500,current as of source; WRDS cutoff 2022-12-30
CBRE,"CBRE, CBG",CBRE|CBG,C B R E GROUP INC; C B RICHARD ELLIS GROUP INC,90199.0,2006-11-10,,2004.0,2006,,,False,open_unknown_after_source_cutoff,wrds_classroom_sp500_changes,left date unknown after membership source cutoff
CBRE,CBRE,CBRE,CBRE Group,,2006-11-10,,2004.0,2006,,,True,current,wikipedia_current_sp500,
CBRNA,"STZ, CDB, CBRNA, WINEA, CDG",STZ|CDB|CBRNA|WINEA|CDG,Constellation Brands,69796.0,2005-07-01,,,2005,,,False,open_unknown_after_source_cutoff,wrds_classroom_sp500_changes;wikipedia_current_sp500,current as of source; WRDS cutoff 2022-12-30; historical alias; current ticker match is STZ; left date unknown after membership source cutoff
CBS,"WX, CBS",WX|CBS,C B S CORP; WESTINGHOUSE ELECTRIC CORP; WESTINGHOUSE ELECTRIC & MFG CO,15368.0,1950-07-03,2000-05-04,,1950,2000.0,,False,closed,wrds_classroom_sp500_changes,
CBS,CBS,CBS,COLUMBIA BROADCASTING SYS INC; C B S INC,20730.0,1957-03-01,1995-11-24,,1957,1995.0,,False,closed,wrds_classroom_sp500_changes,
CBS,"VIA, PARA, VIAC, CBS",VIA|PARA|VIAC|CBS,VIACOM INC; C B S CORP NEW; VIACOMCBS INC; PARAMOUNT GLOBAL,76226.0,1994-09-30,,,1994,,,False,open_unknown_after_source_cutoff,wrds_classroom_sp500_changes,left date unknown after membership source cutoff
CBSS,"CSNB, CBSS",CSNB|CBSS,CENTRAL ST NATL CORP; COMPASS BANCSHARES INC; CENTRAL BANCSHARES SOUTH INC,22032.0,2004-12-20,2007-09-06,,2004,2007.0,,False,closed,wrds_classroom_sp500_changes,
CBTB,"SNV, CBTB",SNV|CBTB,SYNOVUS FINANCIAL CORP; C B & T BANCSHARES INC,20053.0,1997-11-28,2007-12-31,,1997,2007.0,,False,closed,wrds_classroom_sp500_changes,
CC,CC,CC,COMMERCIAL CR CO,11367.0,1954-04-20,1968-08-20,2015.0,1954,1968.0,,False,closed,wrds_classroom_sp500_changes,
CC,"WRD, CC",WRD|CC,CIRCUIT CITY STORES INC; WARDS INC,47175.0,1989-05-11,2008-03-28,2015.0,1989,2008.0,,False,closed,wrds_classroom_sp500_changes,
CCB,CCB,CCB,CAPITAL CITIES ABC INC; CAPITAL CITIES COMMUNICATIONS IN; CAPITAL CITIES BROADCASTING CORP,30330.0,1966-10-06,1996-02-09,2018.0,1966,1996.0,,False,closed,wrds_classroom_sp500_changes,
CCC,"CCC, CH",CCC|CH,CONTINENTAL CAN INC; CONTINENTAL GROUP INC,11447.0,1957-03-01,1984-10-03,2020.0,1957,1984.0,,False,closed,wrds_classroom_sp500_changes,
CCC,"CCC, C, TRV, CCI, PA",CCC|C|TRV|CCI|PA,Citigroup,70519.0,1988-05-26,,2020.0,1988,,,False,open_unknown_after_source_cutoff,wrds_classroom_sp500_changes;wikipedia_current_sp500,current as of source; WRDS cutoff 2022-12-30; historical alias; current ticker match is C; left date unknown after membership source cutoff
CCE,CCE,CCE,COCA COLA ENTERPRISES INC; COCA COLA ENTERPRISES INC NEW,70500.0,1998-10-08,2016-05-27,2019.0,1998,2016.0,2020.0,False,closed,wrds_classroom_sp500_changes,
CCI,"FNC, CCI",FNC|CCI,CITICORP; FIRST NATIONAL CITY CORP,47079.0,1976-07-01,1998-10-07,1998.0,1976,1998.0,,False,closed,wrds_classroom_sp500_changes,
CCI,"CCC, C, TRV, CCI, PA",CCC|C|TRV|CCI|PA,Citigroup,70519.0,1988-05-26,,1998.0,1988,,,False,open_unknown_after_source_cutoff,wrds_classroom_sp500_changes;wikipedia_current_sp500,current as of source; WRDS cutoff 2022-12-30; historical alias; current ticker match is C; left date unknown after membership source cutoff
CCI,"TWRS, CCI",TWRS|CCI,Crown Castle,86339.0,2012-03-14,,1998.0,2012,,,True,current,wrds_classroom_sp500_changes;wikipedia_current_sp500,current as of source; WRDS cutoff 2022-12-30
CCII,"CFC, CCR, CCII",CFC|CCR|CCII,COUNTRYWIDE CREDIT INDS INC; COUNTRYWIDE FINANCIAL CORP,64565.0,1997-06-18,2008-06-30,2025.0,1997,2008.0,,False,closed,wrds_classroom_sp500_changes,
CCK,CCK,CCK,CROWN CORK & SEAL CO INC; CROWN CORK & SEAL INC; CROWN HOLDINGS INC,17726.0,1957-03-01,2000-12-08,1980.0,1957,2000.0,,False,closed,wrds_classroom_sp500_changes,
CCL,CCL,CCL,Carnival Corporation,75154.0,1998-12-22,,1987.0,1998,,,True,current,wrds_classroom_sp500_changes;wikipedia_current_sp500,current as of source; WRDS cutoff 2022-12-30
CCN,CCN,CCN,CHRIS CRAFT INDS INC; NATIONAL AUTOMOTIVE FIBERS INC; NAFI CORP,21282.0,1973-03-01,1976-06-30,,1973,1976.0,,False,closed,wrds_classroom_sp500_changes,
CCR,"CFC, CCR, CCII",CFC|CCR|CCII,COUNTRYWIDE CREDIT INDS INC; COUNTRYWIDE FINANCIAL CORP,64565.0,1997-06-18,2008-06-30,,1997,2008.0,,False,closed,wrds_classroom_sp500_changes,
CCU,"CCU, CLCH",CCU|CLCH,CLEAR CHANNEL COMMUNICATIONS INC,24046.0,1997-09-02,2008-07-30,1992.0,1997,2008.0,,False,closed,wrds_classroom_sp500_changes,
CD,CD,CD,CANADA DRY CORP; CANADA DRY GINGER ALE INC,15835.0,1957-03-01,1968-07-23,2015.0,1957,1968.0,,False,closed,wrds_classroom_sp500_changes,
CD,"CD, CU, CAR, CUCD",CD|CU|CAR|CUCD,COMP U CARD INTL INC; CENDANT CORP; AVIS BUDGET GROUP INC; C U C INTERNATIONAL INC,25487.0,1995-05-01,2006-07-31,2015.0,1995,2006.0,,False,closed,wrds_classroom_sp500_changes,
CDA,"CDA, CEN",CDA|CEN,CONTROL DATA CORP MN; CONTROL DATA CORP DE; CERIDIAN CORP; CERIDIAN CORP NEW,38914.0,1965-01-07,1968-08-20,2009.0,1965,1968.0,2019.0,False,closed,wrds_classroom_sp500_changes,
CDA,"CDA, CEN",CDA|CEN,CONTROL DATA CORP MN; CONTROL DATA CORP DE; CERIDIAN CORP; CERIDIAN CORP NEW,38914.0,1969-05-22,2001-03-30,2009.0,1969,2001.0,2019.0,False,closed,wrds_classroom_sp500_changes,
CDAY,CDAY,CDAY,CERIDIAN H C M HOLDING INC,17700.0,2021-09-20,,,2021,,,False,open_unknown_after_source_cutoff,wrds_classroom_sp500_changes,left date unknown after membership source cutoff
CDB,"STZ, CDB, CBRNA, WINEA, CDG",STZ|CDB|CBRNA|WINEA|CDG,Constellation Brands,69796.0,2005-07-01,,2011.0,2005,,2018.0,False,open_unknown_after_source_cutoff,wrds_classroom_sp500_changes;wikipedia_current_sp500,current as of source; WRDS cutoff 2022-12-30; historical alias; current ticker match is STZ; left date unknown after membership source cutoff
CDD,"MTI, CDD, NOR, TKC, MNP",MTI|CDD|NOR|TKC|MNP,THIOKOL CORP DEL; NORWICH PHARMACAL CO; CORDANT TECHNOLOGIES INC; MORTON NORWICH PRODS INC DEL; MORTON THIOKOL INC,21290.0,1957-03-01,1964-01-29,,1957,1964.0,,False,closed,wrds_classroom_sp500_changes,
CDD,"MTI, CDD, NOR, TKC, MNP",MTI|CDD|NOR|TKC|MNP,THIOKOL CORP DEL; NORWICH PHARMACAL CO; CORDANT TECHNOLOGIES INC; MORTON NORWICH PRODS INC DEL; MORTON THIOKOL INC,21290.0,1987-03-05,1989-06-28,,1987,1989.0,,False,closed,wrds_classroom_sp500_changes,
CDG,"STZ, CDB, CBRNA, WINEA, CDG",STZ|CDB|CBRNA|WINEA|CDG,Constellation Brands,69796.0,2005-07-01,,,2005,,,False,open_unknown_after_source_cutoff,wrds_classroom_sp500_changes;wikipedia_current_sp500,current as of source; WRDS cutoff 2022-12-30; historical alias; current ticker match is STZ; left date unknown after membership source cutoff
CDIC,"CDIC, CAH",CDIC|CAH,Cardinal Health,21371.0,1997-05-27,,2007.0,1997,,2018.0,False,open_unknown_after_source_cutoff,wrds_classroom_sp500_changes;wikipedia_current_sp500,current as of source; WRDS cutoff 2022-12-30; historical alias; current ticker match is CAH; left date unknown after membership source cutoff
CDL,"AP, CDL, CITA",AP|CDL|CITA,AMERICAN LOCOMOTIVE CO; ALCO PRODUCTS INC; ALCO PRODS INC; CITADEL INDUSTRIES INC,11287.0,1957-03-01,1965-01-06,2015.0,1957,1965.0,,False,closed,wrds_classroom_sp500_changes,
CDN,"CDNS, CDNC, ECAD, CDN",CDNS|CDNC|ECAD|CDN,Cadence Design Systems,11403.0,2017-09-18,,,2017,,,False,open_unknown_after_source_cutoff,wrds_classroom_sp500_changes;wikipedia_current_sp500,current as of source; WRDS cutoff 2022-12-30; historical alias; current ticker match is CDNS; left date unknown after membership source cutoff
CDNC,"CDNS, CDNC, ECAD, CDN",CDNS|CDNC|ECAD|CDN,Cadence Design Systems,11403.0,2017-09-18,,,2017,,,False,open_unknown_after_source_cutoff,wrds_classroom_sp500_changes;wikipedia_current_sp500,current as of source; WRDS cutoff 2022-12-30; historical alias; current ticker match is CDNS; left date unknown after membership source cutoff
CDNS,"CDNS, CDNC, ECAD, CDN",CDNS|CDNC|ECAD|CDN,Cadence Design Systems,11403.0,2017-09-18,,1987.0,2017,,,True,current,wrds_classroom_sp500_changes;wikipedia_current_sp500,current as of source; WRDS cutoff 2022-12-30
CDP,CDP,CDP,CERRO DE PASCO COPPER CORP; CERRO DE PASCO CORP; CERRO CORP,11092.0,1957-03-01,1976-03-03,1991.0,1957,1976.0,,False,closed,wrds_classroom_sp500_changes,
CDR,CDR,CDR,CONSOLIDATED CIGAR CORP,11391.0,1957-03-01,1968-01-17,,1957,1968.0,,False,closed,wrds_classroom_sp500_changes,
CDSG,"BBEC, BV, CDSG",BBEC|BV|CDSG,COOK DATA SERVICES INC; BLOCKBUSTER ENTERTAINMENT CORP,27087.0,1991-01-10,1994-09-29,1998.0,1991,1994.0,,False,closed,wrds_classroom_sp500_changes,
CDW,CDW,CDW,C D W CORP NEW,13949.0,2019-09-23,,2013.0,2019,,,False,open_unknown_after_source_cutoff,wrds_classroom_sp500_changes,left date unknown after membership source cutoff
CDW,CDW,CDW,CDW Corporation,,2019-09-23,,2013.0,2019,,,True,current,wikipedia_current_sp500,
CE,"CE, CEFT",CE|CEFT,CONCORD COMPUTING CORP; CONCORD E F S INC,26332.0,2001-04-02,2004-02-26,2005.0,2001,2004.0,,False,closed,wrds_classroom_sp500_changes,
CE,CE,CE,CELANESE CORP DEL,90520.0,2018-12-24,2025-03-24,2005.0,2018,2025.0,,False,closed,wrds_classroom_sp500_changes,
CEFT,"CE, CEFT",CE|CEFT,CONCORD COMPUTING CORP; CONCORD E F S INC,26332.0,2001-04-02,2004-02-26,,2001,2004.0,,False,closed,wrds_classroom_sp500_changes,
CEG,"AGG, CEG",AGG|CEG,AGUIRRE CO; CENTRAL AGUIRRE SUGAR CO; CENTRAL AGUIRRE ASSOC,17232.0,1957-03-01,1967-07-19,2022.0,1957,1967.0,,False,closed,wrds_classroom_sp500_changes,
CEG,"CEG, BGE",CEG|BGE,CONSOLIDATED GAS ELEC LT & PWR; BALTIMORE GAS & ELECTRIC CO; CONSTELLATION ENERGY GROUP INC,24221.0,1957-03-01,2012-03-13,2022.0,1957,2012.0,,False,closed,wrds_classroom_sp500_changes,
CEG,CEG,CEG,Constellation Energy,22623.0,2022-02-02,,2022.0,2022,,,True,current,wrds_classroom_sp500_changes;wikipedia_current_sp500,current as of source; WRDS cutoff 2022-12-30
CEH,"CEH, CH",CEH|CH,CUTLER HAMMER INC; CUTLER HAMMER MFG CO,16758.0,1957-03-01,1979-01-10,,1957,1979.0,,False,closed,wrds_classroom_sp500_changes,
CELG,CELG,CELG,CELGENE CORP,11552.0,2006-11-06,2019-11-20,,2006,2019.0,,False,closed,wrds_classroom_sp500_changes,
CEN,"CDA, CEN",CDA|CEN,CONTROL DATA CORP MN; CONTROL DATA CORP DE; CERIDIAN CORP; CERIDIAN CORP NEW,38914.0,1965-01-07,1968-08-20,,1965,1968.0,,False,closed,wrds_classroom_sp500_changes,
CEN,"CDA, CEN",CDA|CEN,CONTROL DATA CORP MN; CONTROL DATA CORP DE; CERIDIAN CORP; CERIDIAN CORP NEW,38914.0,1969-05-22,2001-03-30,,1969,2001.0,,False,closed,wrds_classroom_sp500_changes,
CEPH,CEPH,CEPH,CEPHALON INC,76625.0,2008-11-17,2011-10-14,,2008,2011.0,,False,closed,wrds_classroom_sp500_changes,
CERN,CERN,CERN,CERNER CORP,10909.0,2010-04-30,2022-06-07,,2010,2022.0,,False,closed,wrds_classroom_sp500_changes,
CEY,"FIS, CEY",FIS|CEY,Fidelity National Information Services,89003.0,2006-11-10,,2017.0,2006,,2022.0,False,open_unknown_after_source_cutoff,wrds_classroom_sp500_changes;wikipedia_current_sp500,current as of source; WRDS cutoff 2022-12-30; historical alias; current ticker match is FIS; left date unknown after membership source cutoff
CF,"CFIP, CF",CFIP|CF,C F & I STEEL CORP; COLORADO FUEL & IRON CORP,86239.0,1957-03-01,1972-01-19,2005.0,1957,1972.0,,False,closed,wrds_classroom_sp500_changes,
CF,"CF, COFI",CF|COFI,CHARTER ONE FINANCIAL INC,10725.0,2000-06-19,2004-08-31,2005.0,2000,2004.0,,False,closed,wrds_classroom_sp500_changes,
CF,CF,CF,CF Industries,90829.0,2008-08-27,,2005.0,2008,,,True,current,wrds_classroom_sp500_changes;wikipedia_current_sp500,current as of source; WRDS cutoff 2022-12-30
CFC,"CFC, CCR, CCII",CFC|CCR|CCII,COUNTRYWIDE CREDIT INDS INC; COUNTRYWIDE FINANCIAL CORP,64565.0,1997-06-18,2008-06-30,2000.0,1997,2008.0,2019.0,False,closed,wrds_classroom_sp500_changes,
CFD,"CFD, HSH, SLE",CFD|HSH|SLE,CONSOLIDATED GROCERS CORP; CONSOLIDATED FOODS CORP; HILLSHIRE BRANDS CO; SARA LEE CORP,22840.0,1981-09-10,2012-06-28,,1981,2012.0,,False,closed,wrds_classroom_sp500_changes,
CFF,"CFF, DEL",CFF|DEL,CALIFORNIA PACKING CORP; DEL MONTE CORP,11658.0,1957-03-01,1979-02-07,,1957,1979.0,,False,closed,wrds_classroom_sp500_changes,
CFG,"BFO, CPC, CFG",BFO|CPC|CFG,CORN PRODUCTS CO; BESTFOODS; C P C INTERNATIONAL INC; CORN PRODUCTS REFINING CO,10989.0,1957-03-01,2000-10-02,2014.0,1957,2000.0,,False,closed,wrds_classroom_sp500_changes,
CFG,CFG,CFG,Citizens Financial Group,14889.0,2016-01-29,,2014.0,2016,,,True,current,wrds_classroom_sp500_changes;wikipedia_current_sp500,current as of source; WRDS cutoff 2022-12-30
CFIP,"CFIP, CF",CFIP|CF,C F & I STEEL CORP; COLORADO FUEL & IRON CORP,86239.0,1957-03-01,1972-01-19,,1957,1972.0,,False,closed,wrds_classroom_sp500_changes,
CFL,"PNBC, PHNA, CFL, CSFN",PNBC|PHNA|CFL|CSFN,P N B CORP; PHILADELPHIA NATIONAL CORP; CORESTATES FINANCIAL CORP,27263.0,1990-12-31,1998-04-28,,1990,1998.0,,False,closed,wrds_classroom_sp500_changes,
CFLI,"CVN, CFLI",CVN|CFLI,COMPUTERVISION CORP,60900.0,1984-03-01,1988-02-10,,1984,1988.0,,False,closed,wrds_classroom_sp500_changes,
CFN,CFN,CFN,CAREFUSION CORP,92988.0,2009-09-01,2015-03-17,,2009,2015.0,,False,closed,wrds_classroom_sp500_changes,
CFS,"APEC, LRC, APY, CFS",APEC|LRC|APY|CFS,APECO CORP; AMERICAN PHOTOCOPY EQUIP CO; COMFORCE CORP; LORI CORP,68523.0,1962-02-14,1966-10-12,,1962,1966.0,,False,closed,wrds_classroom_sp500_changes,
CG,CG,CG,COLUMBIA GAS & ELEC CO; COLUMBIA GAS SYS INC; COLUMBIA ENERGY GROUP,11340.0,1925-12-31,2000-11-01,2012.0,1925,2000.0,,False,closed,wrds_classroom_sp500_changes,
CGEN,"CGEN, CGN",CGEN|CGN,CONNECTICUT GENERAL INS CORP; CONNECTICUT GENERAL CORP,59221.0,1976-07-01,1982-04-07,2000.0,1976,1982.0,,False,closed,wrds_classroom_sp500_changes,
CGG,CGG,CGG,CHICAGO PNEUMATIC TOOL CO,11164.0,1957-03-01,1986-12-17,,1957,1986.0,,False,closed,wrds_classroom_sp500_changes,
CGH,CGH,CGH,CLEVITE CORP; CLEVELAND GRAPHITE BRONZE CO,19684.0,1957-03-01,1969-08-06,1996.0,1957,1969.0,2016.0,False,closed,wrds_classroom_sp500_changes,
CGM,CGM,CGM,CONNECTICUT GENL MG A RLTY INV,50681.0,1973-05-31,1976-06-30,,1973,1976.0,,False,closed,wrds_classroom_sp500_changes,
CGN,"CGEN, CGN",CGEN|CGN,CONNECTICUT GENERAL INS CORP; CONNECTICUT GENERAL CORP,59221.0,1976-07-01,1982-04-07,,1976,1982.0,,False,closed,wrds_classroom_sp500_changes,
CGP,CGP,CGP,COASTAL STS GAS CORP; COASTAL CORP; COASTAL STS GAS PRODUCING CO,38893.0,1985-05-23,2001-01-29,,1985,2001.0,,False,closed,wrds_classroom_sp500_changes,
CGW,CGW,CGW,CHICAGO GREAT WESTN RY CO,21469.0,1958-06-04,1966-12-14,2007.0,1958,1966.0,,False,closed,wrds_classroom_sp500_changes,
CH,"CEH, CH",CEH|CH,CUTLER HAMMER INC; CUTLER HAMMER MFG CO,16758.0,1957-03-01,1979-01-10,,1957,1979.0,,False,closed,wrds_classroom_sp500_changes,
CH,"CCC, CH",CCC|CH,CONTINENTAL CAN INC; CONTINENTAL GROUP INC,11447.0,1957-03-01,1984-10-03,,1957,1984.0,,False,closed,wrds_classroom_sp500_changes,
CHA,"CHA, UPC, PLY",CHA|UPC|PLY,CHAMPION INTERNATIONAL CORP; UNITED STATES PLYWOOD CORP; UNITED STATES PLYWOOD CHAMPION,21397.0,1970-04-23,2000-06-16,2025.0,1970,2000.0,,False,closed,wrds_classroom_sp500_changes,
CHB,"RCB, CHB",RCB|CHB,CHAIN BELT CO; REX CHAINBELT INC; REXNORD INC,21119.0,1957-03-01,1987-05-06,2020.0,1957,1987.0,2024.0,False,closed,wrds_classroom_sp500_changes,
CHD,"CHD, CRCH",CHD|CRCH,Church & Dwight,23393.0,2015-12-29,,1980.0,2015,,,True,current,wrds_classroom_sp500_changes;wikipedia_current_sp500,current as of source; WRDS cutoff 2022-12-30
CHG,CHG,CHG,CHICAGO MILWAUKEE CORP,54009.0,1972-02-22,1972-09-27,,1972,1972.0,,False,closed,wrds_classroom_sp500_changes,
CHH,"CHH, EMP, BHS",CHH|EMP|BHS,EMPORIUM CAPWELL CO CA; BROADWAY HALE STORES INC NEW; CARTER HAWLEY HALE STORES INC,40352.0,1973-08-02,1991-02-12,1996.0,1973,1991.0,,False,closed,wrds_classroom_sp500_changes,
CHI,CHI,CHI,CROUSE HINDS CO,43502.0,1976-03-18,1981-05-13,2002.0,1976,1981.0,,False,closed,wrds_classroom_sp500_changes,
CHIR,CHIR,CHIR,CHIRON CORP,23318.0,2000-11-24,2006-04-19,2018.0,2000,2006.0,2024.0,False,closed,wrds_classroom_sp500_changes,
CHK,"CHK, CSPK",CHK|CSPK,CHESAPEAKE ENERGY CORP,78877.0,2006-03-03,2018-03-16,,2006,2018.0,,False,closed,wrds_classroom_sp500_changes,
CHL,"CMB, JPM, CHL",CMB|JPM|CHL,JPMorgan Chase,47896.0,1975-06-30,,,1975,,,False,open_unknown_after_source_cutoff,wrds_classroom_sp500_changes;wikipedia_current_sp500,current as of source; WRDS cutoff 2022-12-30; historical alias; current ticker match is JPM; left date unknown after membership source cutoff
CHM,CHM,CHM,CHAMPION SPARK PLUG CO,26622.0,1963-08-29,1989-05-10,2007.0,1963,1989.0,2018.0,False,closed,wrds_classroom_sp500_changes,
CHOS,"HCA, CHOS, COL",HCA|CHOS|COL,H C A INC NEW; COLUMBIA HOSPITAL CORP; COLUMBIA HCA HEALTHCARE CORP; H C A HEALTHCARE CO; COLUMBIA HEALTHCARE CORP,76171.0,1993-09-01,2006-11-17,,1993,2006.0,,False,closed,wrds_classroom_sp500_changes,
CHRS,CHRS,CHRS,CHARMING SHOPPES INC,22753.0,1987-02-12,1998-04-07,2014.0,1987,1998.0,,False,closed,wrds_classroom_sp500_changes,
CHRW,CHRW,CHRW,C.H. Robinson,85459.0,2007-03-02,,1997.0,2007,,,True,current,wrds_classroom_sp500_changes;wikipedia_current_sp500,current as of source; WRDS cutoff 2022-12-30
CHTR,CHTR,CHTR,Charter Communications,12308.0,2016-09-08,,2010.0,2016,,,True,current,wrds_classroom_sp500_changes;wikipedia_current_sp500,current as of source; WRDS cutoff 2022-12-30
CHU,"CHUR, CHU",CHUR|CHU,CHURCHS FRIED CHICKEN INC,59205.0,1977-11-17,1989-03-01,,1977,1989.0,,False,closed,wrds_classroom_sp500_changes,
CHUB,"CB, CHUB",CB|CHUB,CHUBB CORP,59192.0,1976-07-01,2016-01-15,,1976,2016.0,,False,closed,wrds_classroom_sp500_changes,
CHUR,"CHUR, CHU",CHUR|CHU,CHURCHS FRIED CHICKEN INC,59205.0,1977-11-17,1989-03-01,,1977,1989.0,,False,closed,wrds_classroom_sp500_changes,
CHX,"CHX, APY",CHX|APY,APERGY CORP; CHAMPIONX CORP,17783.0,2018-05-09,2018-05-09,,2018,2018.0,,False,closed,wrds_classroom_sp500_changes,
CI,CI,CI,CONTINENTAL BAKING CORP; CONTINENTAL BAKING CO,15819.0,1957-03-01,1968-09-10,1982.0,1957,1968.0,,False,closed,wrds_classroom_sp500_changes,
CI,CI,CI,Cigna,64186.0,1976-06-30,,1982.0,1976,,,True,current,wrds_classroom_sp500_changes;wikipedia_current_sp500,current as of source; WRDS cutoff 2022-12-30
CIC,CIC,CIC,CONTINENTAL CORP,46658.0,1976-07-01,1995-05-09,,1976,1995.0,,False,closed,wrds_classroom_sp500_changes,
CID,CID,CID,CORONET INDUSTRIES INC,40432.0,1968-07-18,1971-03-03,2015.0,1968,1971.0,2024.0,False,closed,wrds_classroom_sp500_changes,
CIEN,CIEN,CIEN,CIENA CORP,84519.0,2001-08-30,2009-12-18,1997.0,2001,2009.0,,False,closed,wrds_classroom_sp500_changes,
CIEN,CIEN,CIEN,Ciena,,2026-02-09,,1997.0,2026,,,True,current,wikipedia_selected_changes;wikipedia_current_sp500,Thoma Bravo L.P. acquired Dayforce.[10]; current as of source; WRDS cutoff 2022-12-30
CIL,"CIL, CBK",CIL|CBK,CONTINENTAL ILL CORP; CONTINENTAL BANK CORP,57250.0,1976-07-01,1984-10-03,2015.0,1976,1984.0,,False,closed,wrds_classroom_sp500_changes,
CIN,CIN,CIN,CINCINNATI GAS & ELEC CO; CINERGY CORP,22947.0,1947-02-26,1976-06-30,1988.0,1947,1976.0,2018.0,False,closed,wrds_classroom_sp500_changes,
CIN,CIN,CIN,CINCINNATI GAS & ELEC CO; CINERGY CORP,22947.0,1994-10-25,2006-03-31,1988.0,1994,2006.0,2018.0,False,closed,wrds_classroom_sp500_changes,
CINF,CINF,CINF,Cincinnati Financial,23473.0,1997-12-18,,1980.0,1997,,,True,current,wrds_classroom_sp500_changes;wikipedia_current_sp500,current as of source; WRDS cutoff 2022-12-30
CIT,CIT,CIT,COMMERCIAL INVESTMENT TRUST CO; C I T FINANCIAL CORP,10970.0,1950-07-03,1980-02-13,,1950,1980.0,,False,closed,wrds_classroom_sp500_changes,
CIT,CIT,CIT,C I T GROUP INC,85599.0,2000-07-17,2001-06-01,,2000,2001.0,,False,closed,wrds_classroom_sp500_changes,
CIT,CIT,CIT,C I T GROUP INC NEW,89463.0,2004-10-27,2009-07-24,,2004,2009.0,,False,closed,wrds_classroom_sp500_changes,
CITA,"AP, CDL, CITA",AP|CDL|CITA,AMERICAN LOCOMOTIVE CO; ALCO PRODUCTS INC; ALCO PRODS INC; CITADEL INDUSTRIES INC,11287.0,1957-03-01,1965-01-06,,1957,1965.0,,False,closed,wrds_classroom_sp500_changes,
CITU,"FTR, CITU, CZN",FTR|CITU|CZN,CITIZENS UTILITIES CO DEL; FRONTIER COMMUNICATIONS CORP; CITIZENS COMMUNICATIONS CO,23887.0,2001-02-27,2017-03-17,,2001,2017.0,,False,closed,wrds_classroom_sp500_changes,
CIV,"CIV, DEW",CIV|DEW,DELAWARE POWER & LIGHT CO; DELMARVA POWER & LIGHT CO; CONECTIV INC,24002.0,1957-03-01,1976-06-30,,1957,1976.0,,False,closed,wrds_classroom_sp500_changes,
CK,CK,CK,COLLINS & AIKMAN CO; COLLINS & AIKMAN CORP,15712.0,1982-07-01,1986-12-17,2003.0,1982,1986.0,2018.0,False,closed,wrds_classroom_sp500_changes,
CKL,CKL,CKL,CLARK EQUIPMENT CO,18446.0,1957-03-01,1995-05-19,,1957,1995.0,,False,closed,wrds_classroom_sp500_changes,
CL,CL,CL,Colgate-Palmolive,,1957-03-04,,1973.0,1957,,,True,current,wikipedia_current_sp500,
CLCH,"CCU, CLCH",CCU|CLCH,CLEAR CHANNEL COMMUNICATIONS INC,24046.0,1997-09-02,2008-07-30,,1997,2008.0,,False,closed,wrds_classroom_sp500_changes,
CLF,CLF,CLF,CLEVELAND CLIFFS INC; CLEVELAND CLIFFS IRON CO; CLIFFS NATURAL RESOURCES INC; CLEVELAND CLIFFS INC NEW,27422.0,2009-12-21,2014-04-01,1973.0,2009,2014.0,,False,closed,wrds_classroom_sp500_changes,
CLL,CLL,CLL,CONOCO INC; CONTINENTAL OIL CO; MARLAND OIL CO,11471.0,1957-03-01,1981-10-14,2014.0,1957,1981.0,2022.0,False,closed,wrds_classroom_sp500_changes,
CLN,CLN,CLN,COLEMAN INC,39140.0,1982-10-07,1989-04-26,2001.0,1982,1989.0,2018.0,False,closed,wrds_classroom_sp500_changes,
CLO,CLO,CLO,CELOTEX CO; CELOTEX CORP,17312.0,1957-03-01,1964-09-02,2012.0,1957,1964.0,2016.0,False,closed,wrds_classroom_sp500_changes,
CLO,CLO,CLO,COLECO INDUSTRIES INC,46615.0,1982-08-19,1988-07-13,2012.0,1982,1988.0,2016.0,False,closed,wrds_classroom_sp500_changes,
CLU,CLU,CLU,CLUETT PEABODY & CO INC,11295.0,1957-03-01,1986-01-22,,1957,1986.0,,False,closed,wrds_classroom_sp500_changes,
CLX,CLX,CLX,Clorox,46578.0,1969-01-16,,1973.0,1969,,,True,current,wrds_classroom_sp500_changes;wikipedia_current_sp500,current as of source; WRDS cutoff 2022-12-30
CMA,"CMA, DBKT, DBNK, CMCA",CMA|DBKT|DBNK|CMCA,DETROIT BANK & TRUST CO; DETROITBANK CORP; COMERICA INC,25081.0,1995-12-01,2024-06-24,,1995,2024.0,,False,closed,wrds_classroom_sp500_changes,
CMB,"CMB, JPM, CHL",CMB|JPM|CHL,JPMorgan Chase,47896.0,1975-06-30,,2019.0,1975,,2021.0,False,open_unknown_after_source_cutoff,wrds_classroom_sp500_changes;wikipedia_current_sp500,current as of source; WRDS cutoff 2022-12-30; historical alias; current ticker match is JPM; left date unknown after membership source cutoff
CMB,CMB,CMB,CHASE MANHATTAN CORP; CHASE MANHATTAN BANK NY,41718.0,1976-07-01,1996-03-29,2019.0,1976,1996.0,2021.0,False,closed,wrds_classroom_sp500_changes,
CMCA,"CMA, DBKT, DBNK, CMCA",CMA|DBKT|DBNK|CMCA,DETROIT BANK & TRUST CO; DETROITBANK CORP; COMERICA INC,25081.0,1995-12-01,2024-06-24,,1995,2024.0,,False,closed,wrds_classroom_sp500_changes,
CMCSA,CMCSA,CMCSA,COMCAST CORP,25022.0,1987-10-08,1993-12-10,1980.0,1987,1993.0,,False,closed,wrds_classroom_sp500_changes,
CMCSA,CMCSA,CMCSA,Comcast,89525.0,2002-11-19,,1980.0,2002,,,True,current,wrds_classroom_sp500_changes;wikipedia_current_sp500,current as of source; WRDS cutoff 2022-12-30
CMCSK,CMCSK,CMCSK,COMCAST CORP,11997.0,1993-12-13,2002-11-18,,1993,2002.0,,False,closed,wrds_classroom_sp500_changes,
CMCSK,CMCSK,CMCSK,COMCAST CORP NEW,89565.0,2015-09-21,2015-12-11,,2015,2015.0,,False,closed,wrds_classroom_sp500_changes,
CME,CME,CME,CHICAGO MERCANTILE EXCH HLDG INC; C M E GROUP INC,89626.0,2006-08-11,,2002.0,2006,,,False,open_unknown_after_source_cutoff,wrds_classroom_sp500_changes,left date unknown after membership source cutoff
CME,CME,CME,CME Group,,2006-08-11,,2002.0,2006,,,True,current,wikipedia_current_sp500,
CMG,CMG,CMG,Chipotle Mexican Grill,91068.0,2011-04-28,,2006.0,2011,,,True,current,wrds_classroom_sp500_changes;wikipedia_current_sp500,current as of source; WRDS cutoff 2022-12-30
CMI,"CMI, CUM",CMI|CUM,Cummins,41080.0,1965-01-07,,1973.0,1965,,,True,current,wrds_classroom_sp500_changes;wikipedia_current_sp500,current as of source; WRDS cutoff 2022-12-30
CMI,"CMO, CMI",CMO|CMI,CONTINENTAL MORTGAGE INVESTORS,42091.0,1973-05-31,1975-08-13,1973.0,1973,1975.0,,False,closed,wrds_classroom_sp500_changes,
CMIL,CMIL,CMIL,CANNON MILLS CO,16926.0,1957-03-01,1962-01-10,,1957,1962.0,,False,closed,wrds_classroom_sp500_changes,
CMK,CMK,CMK,CARNATION CO,30365.0,1977-05-19,1985-01-30,,1977,1985.0,,False,closed,wrds_classroom_sp500_changes,
CMO,"CMO, CMI",CMO|CMI,CONTINENTAL MORTGAGE INVESTORS,42091.0,1973-05-31,1975-08-13,,1973,1975.0,,False,closed,wrds_classroom_sp500_changes,
CMPQ,"CMPQ, CPQ",CMPQ|CPQ,COMPAQ COMPUTER CORP,68347.0,1988-02-25,2002-05-03,,1988,2002.0,,False,closed,wrds_classroom_sp500_changes,
CMR,CMR,CMR,CHASE MANHATTAN MTG & RLTY TR,51027.0,1973-05-31,1976-06-30,,1973,1976.0,,False,closed,wrds_classroom_sp500_changes,
CMS,CMS,CMS,CONSUMERS POWER CO; CONSUMERS PWR CO; C M S ENERGY CORP,23229.0,1947-02-26,1976-06-30,1973.0,1947,1976.0,,False,closed,wrds_classroom_sp500_changes,
CMS,CMS,CMS,CMS Energy,23229.0,1957-03-04,,1973.0,1957,,,True,current,wrds_classroom_sp500_changes;wikipedia_current_sp500,current as of source; WRDS cutoff 2022-12-30
CMVT,CMVT,CMVT,COMVERSE TECHNOLOGY INC,10942.0,1999-10-27,2007-01-31,1987.0,1999,2007.0,2013.0,False,closed,wrds_classroom_sp500_changes,
CMX,"CMX, MPTR, MDM",CMX|MPTR|MDM,MEDPARTNERS INC; CAREMARK RX INC; MEDPARTNERS INC NEW; MEDPARTNERS MULLIKIN INC,81262.0,2004-03-25,2007-03-22,2010.0,2004,2007.0,2022.0,False,closed,wrds_classroom_sp500_changes,
CMY,"THY, CMY",THY|CMY,TRANSITIONAL HOSPITALS CORP; COMMUNITY PSYCHIATRIC CENTERS,53401.0,1987-06-25,1996-10-15,,1987,1996.0,,False,closed,wrds_classroom_sp500_changes,
CMZ,"CMZ, MZ",CMZ|MZ,CINCINNATI MILACRON INC; CINCINNATI MILLING MACHINE CO; MILACRON INC,22680.0,1954-04-20,2000-06-28,,1954,2000.0,,False,closed,wrds_classroom_sp500_changes,
CN,CN,CN,NEW YORK CENT RR CO,13434.0,1925-12-31,1968-01-31,2014.0,1925,1968.0,2024.0,False,closed,wrds_classroom_sp500_changes,
CNA,"CAF, CNA",CAF|CNA,C N A FINANCIAL CORP,47626.0,1976-07-01,1994-03-01,1973.0,1976,1994.0,,False,closed,wrds_classroom_sp500_changes,
CNAG,"CNAG, CAG",CNAG|CAG,Conagra Brands,56274.0,1983-08-31,,,1983,,,False,open_unknown_after_source_cutoff,wrds_classroom_sp500_changes;wikipedia_current_sp500,current as of source; WRDS cutoff 2022-12-30; historical alias; current ticker match is CAG; left date unknown after membership source cutoff
CNC,"CNCO, CNC",CNCO|CNC,CONSECO INC,86976.0,1997-01-15,2002-07-24,2001.0,1997,2002.0,,False,closed,wrds_classroom_sp500_changes,
CNC,"CNC, CNTE",CNC|CNTE,Centene Corporation,89269.0,2016-03-30,,2001.0,2016,,,True,current,wrds_classroom_sp500_changes;wikipedia_current_sp500,current as of source; WRDS cutoff 2022-12-30
CNCO,"CNCO, CNC",CNCO|CNC,CONSECO INC,86976.0,1997-01-15,2002-07-24,,1997,2002.0,,False,closed,wrds_classroom_sp500_changes,
CNE,"CANT, CNE, AUM",CANT|CNE|AUM,CANTEEN CORP; AUTOMATIC CANTEEN CO AMER,22939.0,1968-09-12,1969-05-14,2003.0,1968,1969.0,2017.0,False,closed,wrds_classroom_sp500_changes,
CNEO,"CUN, CNEO",CUN|CNEO,CUNEO PRESS INC,21151.0,1957-03-01,1960-12-14,,1957,1960.0,,False,closed,wrds_classroom_sp500_changes,
CNF,"CNW, CNF",CNW|CNF,CONSOLIDATED FREIGHTWAYS INC; C N F INC; CNF TRANSPORTATION INC; CON WAY INC,41929.0,1976-07-01,1996-12-02,2018.0,1976,1996.0,,False,closed,wrds_classroom_sp500_changes,
CNG,CNG,CNG,CONSOLIDATED NATURAL GAS CO,21821.0,1957-03-01,2000-01-28,2011.0,1957,2000.0,2022.0,False,closed,wrds_classroom_sp500_changes,
CNN,"DH, CNN",DH|CNN,CHAMPLAIN NATIONAL CORP; DELAWARE & HUDSON CO,11148.0,1958-06-04,1968-07-03,,1958,1968.0,,False,closed,wrds_classroom_sp500_changes,
CNP,"CNP, REI, HOU",CNP|REI|HOU,CenterPoint Energy,21792.0,1985-07-25,,1962.0,1985,,,True,current,wrds_classroom_sp500_changes;wikipedia_current_sp500,current as of source; WRDS cutoff 2022-12-30
CNR,CNR,CNR,CONTAINER CORP AMER,16723.0,1957-03-01,1968-11-06,2017.0,1957,1968.0,,False,closed,wrds_classroom_sp500_changes,
CNS,"BIG, BLI, CNS",BIG|BLI|CNS,BIG LOTS INC; CONSOLIDATED STORES CORP,67467.0,1998-01-20,2013-02-13,2004.0,1998,2013.0,,False,closed,wrds_classroom_sp500_changes,
CNT,"CTU, CNT, CTX",CTU|CNT|CTX,CENTRAL TEL & UTILS CORP; CENTEL CORP,47052.0,1972-09-28,1983-11-30,2000.0,1972,1983.0,2018.0,False,closed,wrds_classroom_sp500_changes,
CNTE,"CNC, CNTE",CNC|CNTE,Centene Corporation,89269.0,2016-03-30,,2019.0,2016,,2019.0,False,open_unknown_after_source_cutoff,wrds_classroom_sp500_changes;wikipedia_current_sp500,current as of source; WRDS cutoff 2022-12-30; historical alias; current ticker match is CNC; left date unknown after membership source cutoff
CNW,"CNW, CNF",CNW|CNF,CONSOLIDATED FREIGHTWAYS INC; C N F INC; CNF TRANSPORTATION INC; CON WAY INC,41929.0,1976-07-01,1996-12-02,,1976,1996.0,,False,closed,wrds_classroom_sp500_changes,
CNW,"CNWE, CNW",CNWE|CNW,CHICAGO & NORTH WESTN TRANSN CO; C N W CORP,63108.0,1983-12-29,1989-07-19,,1983,1989.0,,False,closed,wrds_classroom_sp500_changes,
CNWE,"CNWE, CNW",CNWE|CNW,CHICAGO & NORTH WESTN TRANSN CO; C N W CORP,63108.0,1983-12-29,1989-07-19,,1983,1989.0,,False,closed,wrds_classroom_sp500_changes,
CNX,CNX,CNX,CONSOL ENERGY INC; C N X RESOURCES CORP,86799.0,2006-06-28,2016-03-03,1999.0,2006,2016.0,,False,closed,wrds_classroom_sp500_changes,
CNXT,CNXT,CNXT,CONEXANT SYSTEMS INC,86496.0,2000-01-31,2002-06-25,2014.0,2000,2002.0,,False,closed,wrds_classroom_sp500_changes,
CO,CO,CO,CHESSIE SYSTEM INC; CHESAPEAKE & OHIO RAILWAY CO,11156.0,1925-12-31,1980-11-05,,1925,1980.0,,False,closed,wrds_classroom_sp500_changes,
COBA,"CBH, COBA",CBH|COBA,COMMERCE BANCORP INC NJ,86845.0,2006-06-06,2008-03-28,2024.0,2006,2008.0,,False,closed,wrds_classroom_sp500_changes,
COC,COC,COC,CONOCO INC,87029.0,1999-08-09,2002-08-30,,1999,2002.0,,False,closed,wrds_classroom_sp500_changes,
COE,COE,COE,CONE MILLS CORP,24707.0,1957-03-01,1984-04-11,2016.0,1957,1984.0,,False,closed,wrds_classroom_sp500_changes,
COF,COF,COF,Capital One,81055.0,1998-07-01,,1994.0,1998,,,True,current,wrds_classroom_sp500_changes;wikipedia_current_sp500,current as of source; WRDS cutoff 2022-12-30
COFI,"CF, COFI",CF|COFI,CHARTER ONE FINANCIAL INC,10725.0,2000-06-19,2004-08-31,,2000,2004.0,,False,closed,wrds_classroom_sp500_changes,
COG,COG,COG,CONGOLEUM NAIRN INC,11375.0,1957-03-01,1960-02-03,,1957,1960.0,,False,closed,wrds_classroom_sp500_changes,
COG,"COG, BIW",COG|BIW,BATH IRON WKS INC; BATH INDS INC; BATH IRON WKS CORP; CONGOLEUM CORP,21434.0,1957-03-01,1968-09-10,,1957,1968.0,,False,closed,wrds_classroom_sp500_changes,
COG,COG,COG,CONGOLEUM NAIRN INC,11375.0,1963-03-14,1968-07-16,,1963,1968.0,,False,closed,wrds_classroom_sp500_changes,
COG,"COG, CTRA",COG|CTRA,COTERRA ENERGY INC; CABOT OIL & GAS CORP,76082.0,2008-06-23,2026-05-07,,2008,2026.0,,False,closed,wrds_classroom_sp500_changes,
COH,"COH, TPR",COH|TPR,"Tapestry, Inc.",88661.0,2004-09-01,,,2004,,,False,open_unknown_after_source_cutoff,wrds_classroom_sp500_changes;wikipedia_current_sp500,current as of source; WRDS cutoff 2022-12-30; historical alias; current ticker match is TPR; left date unknown after membership source cutoff
COHR,COHR,COHR,Coherent Corp.,,2026-03-23,,1987.0,2026,,,True,current,wikipedia_selected_changes;wikipedia_current_sp500,Market capitalization change.[9]; current as of source; WRDS cutoff 2022-12-30
COIN,COIN,COIN,Coinbase,,2025-05-19,,2021.0,2025,,,True,current,wikipedia_selected_changes;wikipedia_current_sp500,S&P 500 constituent Capital One Financial Corp. acquired Discover Financial Services.[21]; current as of source; WRDS cutoff 2022-12-30
COL,"HCA, CHOS, COL",HCA|CHOS|COL,H C A INC NEW; COLUMBIA HOSPITAL CORP; COLUMBIA HCA HEALTHCARE CORP; H C A HEALTHCARE CO; COLUMBIA HEALTHCARE CORP,76171.0,1993-09-01,2006-11-17,2012.0,1993,2006.0,2020.0,False,closed,wrds_classroom_sp500_changes,
COL,COL,COL,ROCKWELL COLLINS INC,89014.0,2001-07-02,2018-11-30,2012.0,2001,2018.0,2020.0,False,closed,wrds_classroom_sp500_changes,
COMS,COMS,COMS,3COM CORP,76129.0,1996-01-02,2000-07-27,2008.0,1996,2000.0,,False,closed,wrds_classroom_sp500_changes,
COO,"COO, EYE, EYES",COO|EYE|EYES,Cooper Companies (The),65541.0,2016-09-23,,1983.0,2016,,,True,current,wrds_classroom_sp500_changes;wikipedia_current_sp500,current as of source; WRDS cutoff 2022-12-30
COOP,"COOP, WAMU, WM, WMIH",COOP|WAMU|WM|WMIH,WASHINGTON MUTUAL SAVINGS BANK; W M I HOLDINGS CORP; WASHINGTON MUTUAL INC; MR COOPER GROUP INC; W M I H CORP,81593.0,1997-07-02,2008-09-29,,1997,2008.0,,False,closed,wrds_classroom_sp500_changes,
COP,COP,COP,ConocoPhillips,,1957-03-04,,1981.0,1957,,,True,current,wikipedia_current_sp500,
COR,COR,COR,Cencora,,2001-08-30,,1995.0,2001,,,True,current,wikipedia_current_sp500,
COST,"PCCW, COST",PCCW|COST,Costco,87055.0,1993-10-01,,1986.0,1993,,,True,current,wrds_classroom_sp500_changes;wikipedia_current_sp500,current as of source; WRDS cutoff 2022-12-30
COT,"FW, COT",FW|COT,PENNSYLVANIA TEXAS CORP; FAIRBANKS WHITNEY CORP; COLT INDUSTRIES INC DE; PENNSYLVANIA COAL & COKE CORP,11332.0,1967-11-30,1970-04-22,,1967,1970.0,,False,closed,wrds_classroom_sp500_changes,
COT,"FW, COT",FW|COT,PENNSYLVANIA TEXAS CORP; FAIRBANKS WHITNEY CORP; COLT INDUSTRIES INC DE; PENNSYLVANIA COAL & COKE CORP,11332.0,1985-10-24,1988-06-08,,1985,1988.0,,False,closed,wrds_classroom_sp500_changes,
COTY,COTY,COTY,COTY INC,13983.0,2016-10-03,2020-09-18,2013.0,2016,2020.0,,False,closed,wrds_classroom_sp500_changes,
COV,"COV, OG",COV|OG,OGDEN CORP; COVANTA ENERGY CORP,34841.0,1987-12-10,1996-08-15,,1987,1996.0,,False,closed,wrds_classroom_sp500_changes,
COV,COV,COV,COVIDIEN LTD; COVIDIEN PLC,92156.0,2007-07-02,2009-06-04,,2007,2009.0,,False,closed,wrds_classroom_sp500_changes,
COV,COV,COV,COVIDIEN LTD; COVIDIEN PLC,92156.0,2011-03-01,2015-01-26,,2011,2015.0,,False,closed,wrds_classroom_sp500_changes,
COVI,"UNIP, FIST, HANS, MNST, COVI",UNIP|FIST|HANS|MNST|COVI,Monster Beverage,88031.0,2012-06-28,,,2012,,,False,open_unknown_after_source_cutoff,wrds_classroom_sp500_changes;wikipedia_current_sp500,current as of source; WRDS cutoff 2022-12-30; historical alias; current ticker match is MNST; left date unknown after membership source cutoff
COX,COX,COX,COX BROADCASTING CORP; COX COMMUNICATION INC,40854.0,1967-07-20,1985-07-31,,1967,1985.0,,False,closed,wrds_classroom_sp500_changes,
CP,CP,CP,CANADIAN PACIFIC RAILWAY CO; CANADIAN PACIFIC LTD,11041.0,1964-10-22,1976-06-30,1983.0,1964,1976.0,,False,closed,wrds_classroom_sp500_changes,
CPAY,CPAY,CPAY,Corpay,,2018-06-20,,2010.0,2018,,,True,current,wikipedia_current_sp500,
CPB,CPB,CPB,Campbell's Company (The),,1957-03-04,,1973.0,1957,,,True,current,wikipedia_current_sp500,
CPC,CPC,CPC,CURTIS PUBLISHING CO,17515.0,1957-03-01,1968-05-22,,1957,1968.0,,False,closed,wrds_classroom_sp500_changes,
CPC,"BFO, CPC, CFG",BFO|CPC|CFG,CORN PRODUCTS CO; BESTFOODS; C P C INTERNATIONAL INC; CORN PRODUCTS REFINING CO,10989.0,1957-03-01,2000-10-02,,1957,2000.0,,False,closed,wrds_classroom_sp500_changes,
CPGX,CPGX,CPGX,COLUMBIA PIPELINE GROUP INC,15404.0,2015-07-02,2016-07-05,,2015,2016.0,,False,closed,wrds_classroom_sp500_changes,
CPH,"PVN, CPH",PVN|CPH,CAPITAL HOLDING CORP; PROVIDIAN CORP,53081.0,1976-07-01,1997-06-10,2016.0,1976,1997.0,2016.0,False,closed,wrds_classroom_sp500_changes,
CPL,"CPL, PGN",CPL|PGN,C P & L ENERGY INC; CAROLINA POWER & LIGHT CO; PROGRESS ENERGY INC,23114.0,1989-08-24,2012-06-29,,1989,2012.0,,False,closed,wrds_classroom_sp500_changes,
CPN,CPN,CPN,CALPINE CORP,83981.0,2000-12-01,2005-12-01,2008.0,2000,2005.0,2018.0,False,closed,wrds_classroom_sp500_changes,
CPP,CPP,CPP,CHAMPION PAPER & FIBRE CO; CHAMPION PAPERS INC,20036.0,1957-03-01,1967-02-21,,1957,1967.0,,False,closed,wrds_classroom_sp500_changes,
CPQ,"CMPQ, CPQ",CMPQ|CPQ,COMPAQ COMPUTER CORP,68347.0,1988-02-25,2002-05-03,2004.0,1988,2002.0,2014.0,False,closed,wrds_classroom_sp500_changes,
CPRI,"CPRI, KORS",CPRI|KORS,MICHAEL KORS HOLDINGS LTD; CAPRI HOLDINGS LTD,13142.0,2013-11-13,2020-05-11,2011.0,2013,2020.0,,False,closed,wrds_classroom_sp500_changes,
CPRT,CPRT,CPRT,Copart,80320.0,2018-07-02,,1994.0,2018,,,True,current,wrds_classroom_sp500_changes;wikipedia_current_sp500,current as of source; WRDS cutoff 2022-12-30
CPS,CPS,CPS,COLUMBIA PICTURES INDS INC; COLUMBIA PICTURES CORP; COLUMBIA PICTURES INDS INC DE,19297.0,1957-03-01,1982-06-23,2010.0,1957,1982.0,,False,closed,wrds_classroom_sp500_changes,
CPT,CPT,CPT,Camden Property Trust,79452.0,2022-04-04,,1993.0,2022,,,True,current,wrds_classroom_sp500_changes;wikipedia_current_sp500,current as of source; WRDS cutoff 2022-12-30
CPWR,CPWR,CPWR,COMPUWARE CORP,78139.0,1999-01-04,2011-12-30,2006.0,1999,2011.0,,False,closed,wrds_classroom_sp500_changes,
CPX,CPX,CPX,COPPER RANGE CO,23894.0,1957-03-01,1975-12-10,,1957,1975.0,,False,closed,wrds_classroom_sp500_changes,
CR,CR,CR,CRANE HOLDINGS CO; CRANE CO,20204.0,1957-03-01,2004-12-17,2023.0,1957,2004.0,,False,closed,wrds_classroom_sp500_changes,
CRAY,"CYR, CRAY",CYR|CRAY,CRAY RESEARCH INC,62164.0,1985-05-09,1996-03-27,,1985,1996.0,,False,closed,wrds_classroom_sp500_changes,
CRCH,"CHD, CRCH",CHD|CRCH,Church & Dwight,23393.0,2015-12-29,,,2015,,,False,open_unknown_after_source_cutoff,wrds_classroom_sp500_changes;wikipedia_current_sp500,current as of source; WRDS cutoff 2022-12-30; historical alias; current ticker match is CHD; left date unknown after membership source cutoff
CRD,CRD,CRD,CREDITHRIFT FINANCIAL CORP; CREDITHRIFT FINANCIAL INC,49592.0,1970-03-19,1976-06-30,,1970,1976.0,,False,closed,wrds_classroom_sp500_changes,
CRF,CRF,CRF,COPELAND REFRIG CORP; COPELAND CORP,27342.0,1965-10-21,1981-08-12,1987.0,1965,1981.0,,False,closed,wrds_classroom_sp500_changes,
CRH,CRH,CRH,CRH plc,,2025-12-22,,1989.0,2025,,,True,current,wikipedia_selected_changes;wikipedia_current_sp500,Market capitalization change.[11]; current as of source; WRDS cutoff 2022-12-30
CRK,CRK,CRK,CAMPBELL RED LAKE MINES LTD,25478.0,1964-01-16,1987-08-19,1987.0,1964,1987.0,,False,closed,wrds_classroom_sp500_changes,
CRL,CRL,CRL,Charles River Laboratories,88281.0,2021-05-14,,2000.0,2021,,,True,current,wrds_classroom_sp500_changes;wikipedia_current_sp500,current as of source; WRDS cutoff 2022-12-30
CRM,CRM,CRM,Salesforce,90215.0,2008-09-15,,2004.0,2008,,,True,current,wrds_classroom_sp500_changes;wikipedia_current_sp500,current as of source; WRDS cutoff 2022-12-30
CRON,"CRON, RON, CAM",CRON|RON|CAM,COOPER CAMERON CORP; CAMERON INTERNATIONAL CORP,81857.0,2008-01-29,2016-04-01,2018.0,2008,2016.0,,False,closed,wrds_classroom_sp500_changes,
CRR,CRR,CRR,CARRIER CORP,22533.0,1960-12-14,1979-07-25,,1960,1979.0,,False,closed,wrds_classroom_sp500_changes,
CRR,CRR,CRR,CONRAIL INC; CONSOLIDATED RAIL CORP,71765.0,1987-07-09,1997-05-23,,1987,1997.0,,False,closed,wrds_classroom_sp500_changes,
CRU,"CRU, CBL",CRU|CBL,CORROON & BLACK CORP; CORROON REYNOLDS CORP,30912.0,1988-12-22,1990-10-05,,1988,1990.0,,False,closed,wrds_classroom_sp500_changes,
CRW,"CRW, MLL",CRW|MLL,MACMILLAN INC; CROWELL COLLIER & MACMILLAN INC; CROWELL COLLIER PUBG CO,27027.0,1960-12-14,1988-11-09,2023.0,1960,1988.0,,False,closed,wrds_classroom_sp500_changes,
CRWD,CRWD,CRWD,CrowdStrike,,2024-06-24,,2019.0,2024,,,True,current,wikipedia_selected_changes;wikipedia_current_sp500,Market capitalization change.[28]; current as of source; WRDS cutoff 2022-12-30
CS,CS,CS,CITIES SERVICE CO,24571.0,1957-03-01,1982-12-08,,1957,1982.0,,False,closed,wrds_classroom_sp500_changes,
CS,"ETS, CS",ETS|CS,CABLETRON SYSTEMS INC; ENTERASYS NETWORKS INC,75625.0,1995-05-22,2001-08-03,,1995,2001.0,,False,closed,wrds_classroom_sp500_changes,
CSC,CSC,CSC,PITTSBURGH COAL CO; PITTSBURGH CONSLDTN COAL CO; CONSOLIDATION COAL INC PA,11439.0,1957-03-01,1966-09-28,,1957,1966.0,,False,closed,wrds_classroom_sp500_changes,
CSC,"CSC, DXC, CSZ",CSC|DXC|CSZ,D X C TECHNOLOGY CO; COMPUTER SCIENCES CORP,40125.0,1981-05-14,2015-11-30,,1981,2015.0,,False,closed,wrds_classroom_sp500_changes,
CSC,"CSC, DXC, CSZ",CSC|DXC|CSZ,D X C TECHNOLOGY CO; COMPUTER SCIENCES CORP,40125.0,2017-04-04,2023-10-03,,2017,2023.0,,False,closed,wrds_classroom_sp500_changes,
CSCO,CSCO,CSCO,Cisco,76076.0,1993-12-01,,1990.0,1993,,,True,current,wrds_classroom_sp500_changes;wikipedia_current_sp500,current as of source; WRDS cutoff 2022-12-30
CSCS,"DXC, PDI, PNDQ, CSCS",DXC|PDI|PNDQ|CSCS,PENN DIXIE INDUSTRIES INC; PENN DIXIE CEM CORP; CONTINENTAL STEEL CORP DE; PENN DIXIE CEMENT CORP; PENNSYLVANIA DIXIE CEM CORP,15915.0,1957-03-01,1977-05-18,2025.0,1957,1977.0,,False,closed,wrds_classroom_sp500_changes,
CSE,CSE,CSE,CASE EQUIPMENT CORP; CASE CORP,80678.0,1996-01-22,1999-11-12,2003.0,1996,1999.0,2014.0,False,closed,wrds_classroom_sp500_changes,
CSFN,"PNBC, PHNA, CFL, CSFN",PNBC|PHNA|CFL|CSFN,P N B CORP; PHILADELPHIA NATIONAL CORP; CORESTATES FINANCIAL CORP,27263.0,1990-12-31,1998-04-28,,1990,1998.0,,False,closed,wrds_classroom_sp500_changes,
CSGP,"CSGP, RIGX",CSGP|RIGX,CoStar Group,86288.0,2022-09-19,,1998.0,2022,,,True,current,wrds_classroom_sp500_changes;wikipedia_current_sp500,current as of source; WRDS cutoff 2022-12-30
CSNB,"CSNB, CBSS",CSNB|CBSS,CENTRAL ST NATL CORP; COMPASS BANCSHARES INC; CENTRAL BANCSHARES SOUTH INC,22032.0,2004-12-20,2007-09-06,,2004,2007.0,,False,closed,wrds_classroom_sp500_changes,
CSP,CSP,CSP,COMBUSTION ENGINEERING INC; COMBUSTION ENGR SUPERHEATER INC; SUPERHEATER CO,18999.0,1957-03-01,1989-12-15,2007.0,1957,1989.0,2018.0,False,closed,wrds_classroom_sp500_changes,
CSPK,"CHK, CSPK",CHK|CSPK,CHESAPEAKE ENERGY CORP,78877.0,2006-03-03,2018-03-16,,2006,2018.0,,False,closed,wrds_classroom_sp500_changes,
CSR,CSR,CSR,CENTRAL & SOUTH WEST CORP,23851.0,1957-03-01,2000-06-15,1997.0,1957,2000.0,,False,closed,wrds_classroom_sp500_changes,
CSRA,CSRA,CSRA,C S R A INC,15797.0,2015-11-30,2018-04-03,2015.0,2015,2018.0,2018.0,False,closed,wrds_classroom_sp500_changes,
CSU,"NTS, CSU",NTS|CSU,CUBAN AMERICAN SUGAR CO; NORTH AMERICAN SUGAR INDS INC,13565.0,1957-03-01,1961-08-16,,1957,1961.0,,False,closed,wrds_classroom_sp500_changes,
CSX,CSX,CSX,CSX Corporation,,1957-03-04,,1980.0,1957,,,True,current,wikipedia_current_sp500,
CSX,CSX,CSX,C S X CORP,62148.0,1980-11-06,,1980.0,1980,,,False,open_unknown_after_source_cutoff,wrds_classroom_sp500_changes,left date unknown after membership source cutoff
CSY,CSY,CSY,CENTRAL SOYA INC,27158.0,1960-07-13,1970-04-22,2010.0,1960,1970.0,2018.0,False,closed,wrds_classroom_sp500_changes,
CSZ,"CSC, DXC, CSZ",CSC|DXC|CSZ,D X C TECHNOLOGY CO; COMPUTER SCIENCES CORP,40125.0,1981-05-14,2015-11-30,2000.0,1981,2015.0,2016.0,False,closed,wrds_classroom_sp500_changes,
CSZ,"CSC, DXC, CSZ",CSC|DXC|CSZ,D X C TECHNOLOGY CO; COMPUTER SCIENCES CORP,40125.0,2017-04-04,2023-10-03,2000.0,2017,2023.0,2016.0,False,closed,wrds_classroom_sp500_changes,
CTAS,CTAS,CTAS,Cintas,23660.0,2001-03-01,,1983.0,2001,,,True,current,wrds_classroom_sp500_changes;wikipedia_current_sp500,current as of source; WRDS cutoff 2022-12-30
CTB,CTB,CTB,COOPER TIRE & RUBBER CO,27430.0,1990-05-25,2006-07-17,,1990,2006.0,,False,closed,wrds_classroom_sp500_changes,
CTC,"CTC, CTH",CTC|CTH,CONTINENTAL TELECOM INC; CONTEL CORP; CONTINENTAL INDEPENDENT TEL CO; CONTINENTAL TELEPHONE CORP; CONTINENTAL TELEPHONE CO,39335.0,1972-09-28,1983-11-30,2012.0,1972,1983.0,2022.0,False,closed,wrds_classroom_sp500_changes,
CTCO,"CTCO, KEAR",CTCO|KEAR,KEARNEY & TRECKER CORP; CROSS & TRECKER CORP,27749.0,1982-08-12,1991-10-31,,1982,1991.0,,False,closed,wrds_classroom_sp500_changes,
CTH,"CTC, CTH",CTC|CTH,CONTINENTAL TELECOM INC; CONTEL CORP; CONTINENTAL INDEPENDENT TEL CO; CONTINENTAL TELEPHONE CORP; CONTINENTAL TELEPHONE CO,39335.0,1972-09-28,1983-11-30,2020.0,1972,1983.0,2020.0,False,closed,wrds_classroom_sp500_changes,
CTL,"CTL, LUMN",CTL|LUMN,CENTURYTEL INC; CENTURY TELEPHONE ENTRPRS INC; LUMEN TECHOLOGIES INC; CENTURYLINK INC,60599.0,1999-03-25,2023-03-20,,1999,2023.0,,False,closed,wrds_classroom_sp500_changes,
CTLT,CTLT,CTLT,CATALENT INC,14763.0,2020-09-21,2024-12-23,,2020,2024.0,,False,closed,wrds_classroom_sp500_changes,
CTN,CTN,CTN,NATIONAL CYLINDER GAS CO; CHEMETRON CORP,20992.0,1958-04-09,1975-02-05,1999.0,1958,1975.0,2018.0,False,closed,wrds_classroom_sp500_changes,
CTRA,"COG, CTRA",COG|CTRA,COTERRA ENERGY INC; CABOT OIL & GAS CORP,76082.0,2008-06-23,2026-05-07,1990.0,2008,2026.0,,False,closed,wrds_classroom_sp500_changes,
CTSH,CTSH,CTSH,Cognizant,86158.0,2006-11-17,,1998.0,2006,,,True,current,wrds_classroom_sp500_changes;wikipedia_current_sp500,current as of source; WRDS cutoff 2022-12-30
CTU,"CTU, CNT, CTX",CTU|CNT|CTX,CENTRAL TEL & UTILS CORP; CENTEL CORP,47052.0,1972-09-28,1983-11-30,,1972,1983.0,,False,closed,wrds_classroom_sp500_changes,
CTVA,CTVA,CTVA,Corteva,18592.0,2019-06-03,,2019.0,2019,,,True,current,wrds_classroom_sp500_changes;wikipedia_current_sp500,current as of source; WRDS cutoff 2022-12-30
CTX,"CTU, CNT, CTX",CTU|CNT|CTX,CENTRAL TEL & UTILS CORP; CENTEL CORP,47052.0,1972-09-28,1983-11-30,,1972,1983.0,,False,closed,wrds_classroom_sp500_changes,
CTX,CTX,CTX,CENTEX CORP,53831.0,1977-03-31,2009-08-18,,1977,2009.0,,False,closed,wrds_classroom_sp500_changes,
CTXS,CTXS,CTXS,CITRIX SYSTEMS INC,82686.0,1999-12-01,2022-09-30,,1999,2022.0,,False,closed,wrds_classroom_sp500_changes,
CU,"CD, CU, CAR, CUCD",CD|CU|CAR|CUCD,COMP U CARD INTL INC; CENDANT CORP; AVIS BUDGET GROUP INC; C U C INTERNATIONAL INC,25487.0,1995-05-01,2006-07-31,2000.0,1995,2006.0,2015.0,False,closed,wrds_classroom_sp500_changes,
CUC,"CUC, CBO, GCR",CUC|CBO|GCR,GENERAL CIGAR INC; CULBRO CORP,12044.0,1957-03-01,1970-06-24,,1957,1970.0,,False,closed,wrds_classroom_sp500_changes,
CUCD,"CD, CU, CAR, CUCD",CD|CU|CAR|CUCD,COMP U CARD INTL INC; CENDANT CORP; AVIS BUDGET GROUP INC; C U C INTERNATIONAL INC,25487.0,1995-05-01,2006-07-31,,1995,2006.0,,False,closed,wrds_classroom_sp500_changes,
CUD,CUD,CUD,CUDAHY CO; CUDAHY PACKING CO,11543.0,1957-03-01,1971-08-18,2011.0,1957,1971.0,2016.0,False,closed,wrds_classroom_sp500_changes,
CUE,"CUE, DR",CUE|DR,NATIONAL DISTILLERS & CHEM CORP; QUANTUM CHEMICAL CORP; NATIONAL DISTILLERS PRODS CORP,13354.0,1957-03-01,1993-09-30,2018.0,1957,1993.0,,False,closed,wrds_classroom_sp500_changes,
CUL,"CULC, CUL, CULD",CULC|CUL|CULD,CULLINANE DATABASE SYS INC; CULLINET SOFTWARE INC; CULLINANE CORP,64207.0,1984-05-03,1989-09-13,,1984,1989.0,,False,closed,wrds_classroom_sp500_changes,
CULC,"CULC, CUL, CULD",CULC|CUL|CULD,CULLINANE DATABASE SYS INC; CULLINET SOFTWARE INC; CULLINANE CORP,64207.0,1984-05-03,1989-09-13,,1984,1989.0,,False,closed,wrds_classroom_sp500_changes,
CULD,"CULC, CUL, CULD",CULC|CUL|CULD,CULLINANE DATABASE SYS INC; CULLINET SOFTWARE INC; CULLINANE CORP,64207.0,1984-05-03,1989-09-13,,1984,1989.0,,False,closed,wrds_classroom_sp500_changes,
CUM,"CMI, CUM",CMI|CUM,Cummins,41080.0,1965-01-07,,2000.0,1965,,2017.0,False,open_unknown_after_source_cutoff,wrds_classroom_sp500_changes;wikipedia_current_sp500,current as of source; WRDS cutoff 2022-12-30; historical alias; current ticker match is CMI; left date unknown after membership source cutoff
CUN,"CUN, CNEO",CUN|CNEO,CUNEO PRESS INC,21151.0,1957-03-01,1960-12-14,,1957,1960.0,,False,closed,wrds_classroom_sp500_changes,
CV,CV,CV,COMMERCIAL SOLVENTS CORP,15528.0,1957-03-01,1965-06-16,2025.0,1957,1965.0,,False,closed,wrds_classroom_sp500_changes,
CVC,CVC,CVC,CABLEVISION SYSTEMS CORP,68857.0,2010-12-20,2016-06-23,,2010,2016.0,,False,closed,wrds_classroom_sp500_changes,
CVET,CVET,CVET,COVETRUS INC,18327.0,2019-02-08,2019-02-08,,2019,2019.0,,False,closed,wrds_classroom_sp500_changes,
CVG,CVG,CVG,CONVERGYS CORP,86305.0,2000-06-13,2009-12-18,1998.0,2000,2009.0,,False,closed,wrds_classroom_sp500_changes,
CVH,"CVH, CVTY",CVH|CVTY,COVENTRY HEALTH CARE INC; COVENTRY CORP,76619.0,2005-08-30,2013-05-08,,2005,2013.0,,False,closed,wrds_classroom_sp500_changes,
CVN,"CVN, CFLI",CVN|CFLI,COMPUTERVISION CORP,60900.0,1984-03-01,1988-02-10,,1984,1988.0,,False,closed,wrds_classroom_sp500_changes,
CVN,CVN,CVN,C & S SOVRAN CORP,76285.0,1990-09-04,1991-12-31,,1990,1991.0,,False,closed,wrds_classroom_sp500_changes,
CVNA,CVNA,CVNA,Carvana,,2025-12-22,,2017.0,2025,,,True,current,wikipedia_selected_changes;wikipedia_current_sp500,Market capitalization change.[11]; current as of source; WRDS cutoff 2022-12-30
CVS,CVS,CVS,CVS Health,,1957-03-04,,1973.0,1957,,,True,current,wikipedia_current_sp500,
CVTY,"CVH, CVTY",CVH|CVTY,COVENTRY HEALTH CARE INC; COVENTRY CORP,76619.0,2005-08-30,2013-05-08,,2005,2013.0,,False,closed,wrds_classroom_sp500_changes,
CVX,CVX,CVX,CLEVELAND ELECTRIC ILLUM CO,23210.0,1947-07-16,1976-06-30,1962.0,1947,1976.0,,False,closed,wrds_classroom_sp500_changes,
CVX,CVX,CVX,Chevron Corporation,,1957-03-04,,1962.0,1957,,,True,current,wikipedia_current_sp500,
CW,CW,CW,CURTISS WRIGHT CORP,18091.0,1957-03-01,1970-04-22,1980.0,1957,1970.0,,False,closed,wrds_classroom_sp500_changes,
CWE,"CWE, UCM",CWE|UCM,COMMONWEALTH EDISON CO; UNICOM CORP HOLDING CO,20853.0,1941-08-20,2000-10-20,1999.0,1941,2000.0,2017.0,False,closed,wrds_classroom_sp500_changes,
CXO,CXO,CXO,CONCHO RESOURCES INC,92239.0,2016-02-22,2021-01-20,,2016,2021.0,,False,closed,wrds_classroom_sp500_changes,
CYM,CYM,CYM,CYPRUS MINES CORP,42657.0,1977-01-20,1979-10-10,,1977,1979.0,,False,closed,wrds_classroom_sp500_changes,
CYM,"CYPM, CYM",CYPM|CYM,CYPRUS AMAX MINERALS CO; CYPRUS MINERALS CO,87127.0,1989-08-24,1999-10-15,,1989,1999.0,,False,closed,wrds_classroom_sp500_changes,
CYPM,"CYPM, CYM",CYPM|CYM,CYPRUS AMAX MINERALS CO; CYPRUS MINERALS CO,87127.0,1989-08-24,1999-10-15,,1989,1999.0,,False,closed,wrds_classroom_sp500_changes,
CYR,"CYR, CRAY",CYR|CRAY,CRAY RESEARCH INC,62164.0,1985-05-09,1996-03-27,,1985,1996.0,,False,closed,wrds_classroom_sp500_changes,
CZ,CZ,CZ,CELANESE CORP; CELANESE CORP AMER,19027.0,1944-06-07,1987-02-25,,1944,1987.0,,False,closed,wrds_classroom_sp500_changes,
CZN,"FTR, CITU, CZN",FTR|CITU|CZN,CITIZENS UTILITIES CO DEL; FRONTIER COMMUNICATIONS CORP; CITIZENS COMMUNICATIONS CO,23887.0,2001-02-27,2017-03-17,2007.0,2001,2017.0,2017.0,False,closed,wrds_classroom_sp500_changes,
CZR,"CZR, ERI",CZR|ERI,CAESARS ENTERTAINMENT INC DE; ELDORADO RESORTS INC,14882.0,2021-03-22,2025-09-22,2014.0,2021,2025.0,,False,closed,wrds_classroom_sp500_changes,
CZT,"RX, CZT",RX|CZT,I M S HEALTH INC; COGNIZANT CORP,84020.0,1996-11-01,2010-02-26,2000.0,1996,2010.0,2018.0,False,closed,wrds_classroom_sp500_changes,
D,D,D,DOUGLAS AIRCRAFT INC,19203.0,1957-03-01,1967-04-26,1980.0,1957,1967.0,,False,closed,wrds_classroom_sp500_changes,
D,D,D,Dominion Energy,64936.0,1983-05-20,,1980.0,1983,,,True,current,wrds_classroom_sp500_changes;wikipedia_current_sp500,current as of source; WRDS cutoff 2022-12-30
DAL,DAL,DAL,DELTA AIR LINES INC,26112.0,1968-02-01,2005-08-18,2007.0,1968,2005.0,,False,closed,wrds_classroom_sp500_changes,
DAL,DAL,DAL,Delta Air Lines,91926.0,2013-09-11,,2007.0,2013,,,True,current,wrds_classroom_sp500_changes;wikipedia_current_sp500,current as of source; WRDS cutoff 2022-12-30
DAPT,"DPT, DAPT",DPT|DAPT,DATAPOINT CORP,59707.0,1981-06-25,1991-04-01,,1981,1991.0,,False,closed,wrds_classroom_sp500_changes,
DASH,DASH,DASH,DoorDash,,2025-03-24,,2020.0,2025,,,True,current,wikipedia_selected_changes;wikipedia_current_sp500,Market capitalization change.[22]; current as of source; WRDS cutoff 2022-12-30
DAY,DAY,DAY,DAYCO CORP; DAYTON RUBBER CO; DAY INTERNATIONAL; DAYTON RUBBER MFG CO,22699.0,1957-03-01,1965-06-16,,1957,1965.0,,False,closed,wrds_classroom_sp500_changes,
DBKT,"CMA, DBKT, DBNK, CMCA",CMA|DBKT|DBNK|CMCA,DETROIT BANK & TRUST CO; DETROITBANK CORP; COMERICA INC,25081.0,1995-12-01,2024-06-24,,1995,2024.0,,False,closed,wrds_classroom_sp500_changes,
DBNK,"CMA, DBKT, DBNK, CMCA",CMA|DBKT|DBNK|CMCA,DETROIT BANK & TRUST CO; DETROITBANK CORP; COMERICA INC,25081.0,1995-12-01,2024-06-24,,1995,2024.0,,False,closed,wrds_classroom_sp500_changes,
DCN,DCN,DCN,SPICER MFG CO; DANA CORP,11607.0,1957-03-01,2006-03-02,1995.0,1957,2006.0,2017.0,False,closed,wrds_classroom_sp500_changes,
DCO,DCO,DCO,DIVCO WAYNE CORP; DIVCO CORP,23456.0,1957-03-01,1968-01-17,1973.0,1957,1968.0,,False,closed,wrds_classroom_sp500_changes,
DCS,"VO, DCS",VO|DCS,DISTILLERS CORP SEAGRAMS LTD; SEAGRAM LTD,19916.0,1957-03-01,2000-12-08,,1957,2000.0,,False,closed,wrds_classroom_sp500_changes,
DD,DD,DD,DU PONT E I DE NEMOURS & CO,11703.0,1957-03-01,2017-08-31,1972.0,1957,2017.0,,False,closed,wrds_classroom_sp500_changes,
DD,"DD, DWDP",DD|DWDP,DuPont,16851.0,2017-09-01,,1972.0,2017,,,True,current,wrds_classroom_sp500_changes;wikipedia_current_sp500,current as of source; WRDS cutoff 2022-12-30
DDOG,DDOG,DDOG,Datadog,,2025-07-09,,2019.0,2025,,,True,current,wikipedia_selected_changes;wikipedia_current_sp500,S&P 500 constituent Hewlett Packard Enterprise Co. acquired Juniper Networks.[20]; current as of source; WRDS cutoff 2022-12-30
DDR,"DDR, SITC",DDR|SITC,D D R CORP; DEVELOPERS DIVERSIFIED RLTY CORP; SITE CENTERS CORP,78927.0,2007-03-23,2009-03-27,1993.0,2007,2009.0,2021.0,False,closed,wrds_classroom_sp500_changes,
DDS,DDS,DDS,DILLARDS INC; DILLARD DEPARTMENT STORES INC,49429.0,1986-10-02,2008-10-21,1980.0,1986,2008.0,,False,closed,wrds_classroom_sp500_changes,
DE,DE,DE,Deere & Company,,1957-03-04,,1972.0,1957,,,True,current,wikipedia_current_sp500,
DEC,DEC,DEC,DIGITAL EQUIPMENT CORP,43916.0,1975-10-16,1998-06-11,2021.0,1975,1998.0,,False,closed,wrds_classroom_sp500_changes,
DECK,DECK,DECK,Deckers Brands,,2024-03-18,,1993.0,2024,,,True,current,wikipedia_selected_changes;wikipedia_current_sp500,Market capitalization change.[31]; current as of source; WRDS cutoff 2022-12-30
DEL,"CFF, DEL",CFF|DEL,CALIFORNIA PACKING CORP; DEL MONTE CORP,11658.0,1957-03-01,1979-02-07,1996.0,1957,1979.0,2018.0,False,closed,wrds_classroom_sp500_changes,
DELL,DELL,DELL,DELL COMPUTER CORP; DELL INC,11081.0,1996-09-06,2013-10-28,2016.0,1996,2013.0,,False,closed,wrds_classroom_sp500_changes,
DELL,DELL,DELL,Dell Technologies,,2024-09-23,,2016.0,2024,,,True,current,wikipedia_selected_changes;wikipedia_current_sp500,Market capitalization change.[27]; current as of source; WRDS cutoff 2022-12-30
DELX,"DELX, DLX",DELX|DLX,DELUXE CHECK PRINTERS INC; DELUXE CORP,61743.0,1986-04-24,2004-12-17,,1986,2004.0,,False,closed,wrds_classroom_sp500_changes,
DEN,"DRI, DEN",DRI|DEN,DENNYS RESTAURANTS INC; DENNYS INC,42526.0,1972-09-14,1985-01-30,,1972,1985.0,,False,closed,wrds_classroom_sp500_changes,
DENRF,"DNR, NNEXF, DENRF",DNR|NNEXF|DENRF,NEWSCOPE RESOURCES LTD; DENBURY RESOURCES INC,82196.0,2009-04-02,2015-03-20,,2009,2015.0,,False,closed,wrds_classroom_sp500_changes,
DEW,"CIV, DEW",CIV|DEW,DELAWARE POWER & LIGHT CO; DELMARVA POWER & LIGHT CO; CONECTIV INC,24002.0,1957-03-01,1976-06-30,2006.0,1957,1976.0,,False,closed,wrds_classroom_sp500_changes,
DF,"SWZA, SZA, DF",SWZA|SZA|DF,DEAN FOODS CO NEW; SUIZA FOODS CORP,83421.0,2006-04-03,2013-05-23,,2006,2013.0,,False,closed,wrds_classroom_sp500_changes,
DFC,DFC,DFC,DIAL CORP; DIAL FINL CORP,47386.0,1969-03-27,1972-09-20,,1969,1972.0,,False,closed,wrds_classroom_sp500_changes,
DFS,DFS,DFS,DISCOVER FINANCIAL SERVICES,92121.0,2007-07-02,2025-05-19,,2007,2025.0,,False,closed,wrds_classroom_sp500_changes,
DG,DG,DG,ASSOCIATED DRY GOODS CORP,10559.0,1957-03-01,1986-10-08,2009.0,1957,1986.0,,False,closed,wrds_classroom_sp500_changes,
DG,"DG, DOLR",DG|DOLR,DOLLAR GENERAL CORP,30382.0,1998-07-16,2007-07-06,2009.0,1998,2007.0,,False,closed,wrds_classroom_sp500_changes,
DG,DG,DG,Dollar General,93096.0,2012-12-03,,2009.0,2012,,,True,current,wrds_classroom_sp500_changes;wikipedia_current_sp500,current as of source; WRDS cutoff 2022-12-30
DGN,DGN,DGN,DATA GENERAL CORP,57592.0,1981-06-25,1999-10-12,2014.0,1981,1999.0,2017.0,False,closed,wrds_classroom_sp500_changes,
DGR,DGR,DGR,DENVER & RIO GRANDE WESTN RR CO,23237.0,1957-03-01,1970-12-16,2014.0,1957,1970.0,2017.0,False,closed,wrds_classroom_sp500_changes,
DGX,DGX,DGX,Quest Diagnostics,84373.0,2002-12-12,,1996.0,2002,,,True,current,wrds_classroom_sp500_changes;wikipedia_current_sp500,current as of source; WRDS cutoff 2022-12-30
DH,"DH, CNN",DH|CNN,CHAMPLAIN NATIONAL CORP; DELAWARE & HUDSON CO,11148.0,1958-06-04,1968-07-03,2021.0,1958,1968.0,,False,closed,wrds_classroom_sp500_changes,
DH,"DH, TGT",DH|TGT,Target Corporation,49154.0,1976-12-09,,2021.0,1976,,,False,open_unknown_after_source_cutoff,wrds_classroom_sp500_changes;wikipedia_current_sp500,current as of source; WRDS cutoff 2022-12-30; historical alias; current ticker match is TGT; left date unknown after membership source cutoff
DHI,"IQ, DHI",IQ|DHI,DUNHILL INTERNATIONAL INC; QUESTOR CORP,16336.0,1973-03-01,1982-10-20,1992.0,1973,1982.0,,False,closed,wrds_classroom_sp500_changes,
DHI,"DRHI, DHI",DRHI|DHI,D. R. Horton,77661.0,2005-06-22,,1992.0,2005,,,True,current,wrds_classroom_sp500_changes;wikipedia_current_sp500,current as of source; WRDS cutoff 2022-12-30
DHR,"DHR, DMG",DHR|DMG,D M G INC; DIVERSIFIED MTG INVS; DIVERSIFIED MTG INVS INC FLA; DANAHER CORP,49680.0,1973-05-31,1975-08-13,1978.0,1973,1975.0,,False,closed,wrds_classroom_sp500_changes,
DHR,"DHR, DMG",DHR|DMG,Danaher Corporation,49680.0,1998-11-18,,1978.0,1998,,,True,current,wrds_classroom_sp500_changes;wikipedia_current_sp500,current as of source; WRDS cutoff 2022-12-30
DI,DI,DI,DRESSER INDUSTRIES INC; DRESSER MANUFACTURING CO; DRESSER S R MANUFACTURING CO,19254.0,1957-03-01,1998-09-30,,1957,1998.0,,False,closed,wrds_classroom_sp500_changes,
DIA,"MXS, DIA",MXS|DIA,DIAMOND ALKALI CO; MAXUS ENERGY CORP; DIAMOND SHAMROCK CORP,24715.0,1984-10-04,1995-03-30,1998.0,1984,1995.0,,False,closed,wrds_classroom_sp500_changes,
DIGI,DIGI,DIGI,D S C COMMUNICATIONS CORP; DIGITAL SWITCH CORP,30067.0,1984-08-16,1998-08-27,2010.0,1984,1998.0,,False,closed,wrds_classroom_sp500_changes,
DIN,DIN,DIN,DIANA STORES CORP,23907.0,1957-03-01,1964-02-19,1991.0,1957,1964.0,,False,closed,wrds_classroom_sp500_changes,
DINO,"HFC, HOC, DINO",HFC|HOC|DINO,H F SINCLAIR CORP; HOLLY CORP; HOLLYFRONTIER CORP,32803.0,2018-06-18,2021-06-03,1980.0,2018,2021.0,,False,closed,wrds_classroom_sp500_changes,
DIS,DIS,DIS,Walt Disney Company (The),26403.0,1976-06-30,,1962.0,1976,,,True,current,wrds_classroom_sp500_changes;wikipedia_current_sp500,current as of source; WRDS cutoff 2022-12-30
DISCA,DISCA,DISCA,DISCOVERY INC; DISCOVERY COMMUNICATIONS INC; DISCOVERY HOLDING CO,90805.0,2010-03-01,2022-04-08,,2010,2022.0,,False,closed,wrds_classroom_sp500_changes,
DISCK,DISCK,DISCK,DISCOVERY INC; DISCOVERY COMMUNICATIONS INC,92778.0,2014-08-07,2022-04-08,,2014,2022.0,,False,closed,wrds_classroom_sp500_changes,
DISH,DISH,DISH,ECHOSTAR COMMUNICATIONS CORP NEW; DISH NETWORK CORP,81696.0,2017-03-13,2023-06-20,,2017,2023.0,,False,closed,wrds_classroom_sp500_changes,
DJ,"DJ, DOWJ",DJ|DOWJ,DOW JONES & CO INC,58990.0,1978-05-04,2007-12-13,,1978,2007.0,,False,closed,wrds_classroom_sp500_changes,
DKI,"KRA, DKI",KRA|DKI,DART & KRAFT INC; KRAFT INC NEW,61970.0,1980-09-29,1988-12-07,2025.0,1980,1988.0,,False,closed,wrds_classroom_sp500_changes,
DL,"G, DL, VVI",G|DL|VVI,GREYHOUND DIAL CORP; DIAL CORP DEL; DIAL CORP ARIZ; VIAD CORP; GREYHOUND CORP,19721.0,1989-08-24,1996-08-15,,1989,1996.0,,False,closed,wrds_classroom_sp500_changes,
DLPH,"APTV, DLPH",APTV|DLPH,Aptiv,13103.0,2012-12-24,,,2012,,,False,open_unknown_after_source_cutoff,wrds_classroom_sp500_changes;wikipedia_current_sp500,current as of source; WRDS cutoff 2022-12-30; historical alias; current ticker match is APTV; left date unknown after membership source cutoff
DLR,DLR,DLR,Digital Realty,90373.0,2016-05-18,,2004.0,2016,,,True,current,wrds_classroom_sp500_changes;wikipedia_current_sp500,current as of source; WRDS cutoff 2022-12-30
DLTR,DLTR,DLTR,Dollar Tree,81481.0,2011-12-19,,1995.0,2011,,,True,current,wrds_classroom_sp500_changes;wikipedia_current_sp500,current as of source; WRDS cutoff 2022-12-30
DLX,"DELX, DLX",DELX|DLX,DELUXE CHECK PRINTERS INC; DELUXE CORP,61743.0,1986-04-24,2004-12-17,1980.0,1986,2004.0,,False,closed,wrds_classroom_sp500_changes,
DM,DM,DM,DOME MINES LTD,11690.0,1957-03-01,1987-08-19,,1957,1987.0,,False,closed,wrds_classroom_sp500_changes,
DMG,"DHR, DMG",DHR|DMG,D M G INC; DIVERSIFIED MTG INVS; DIVERSIFIED MTG INVS INC FLA; DANAHER CORP,49680.0,1973-05-31,1975-08-13,2014.0,1973,1975.0,2017.0,False,closed,wrds_classroom_sp500_changes,
DMG,"DHR, DMG",DHR|DMG,Danaher Corporation,49680.0,1998-11-18,,2014.0,1998,,2017.0,False,open_unknown_after_source_cutoff,wrds_classroom_sp500_changes;wikipedia_current_sp500,current as of source; WRDS cutoff 2022-12-30; historical alias; current ticker match is DHR; left date unknown after membership source cutoff
DML,DML,DML,DAN RIVER MLS INC; DAN RIVER INC,25689.0,1957-03-01,1972-09-20,2003.0,1957,1972.0,2018.0,False,closed,wrds_classroom_sp500_changes,
DN,DN,DN,DIAMOND INTERNATIONAL CORP; DIAMOND MATCH CO; DIAMOND NATIONAL CORP; DIAMOND GARDNER CORP,16029.0,1968-11-07,1982-11-17,,1968,1982.0,,False,closed,wrds_classroom_sp500_changes,
DNB,"MCO, DNB",MCO|DNB,DUN & BRADSTREET CORP; DUN & BRADSTREET COS INC; MOODYS CORP; DUN & BRADSTREET CORP DEL; DUN & BRADSTREET INC,48506.0,1979-12-27,,,1979,,,False,open_unknown_after_source_cutoff,wrds_classroom_sp500_changes,left date unknown after membership source cutoff
DNB,DNB,DNB,DUN & BRADSTREET CORP DEL NEW,88590.0,2008-12-02,2017-04-04,,2008,2017.0,,False,closed,wrds_classroom_sp500_changes,
DNR,"DNR, NNEXF, DENRF",DNR|NNEXF|DENRF,NEWSCOPE RESOURCES LTD; DENBURY RESOURCES INC,82196.0,2009-04-02,2015-03-20,,2009,2015.0,,False,closed,wrds_classroom_sp500_changes,
DNY,"RRD, DNY, DON",RRD|DNY|DON,DONNELLEY R R & SONS CO,38682.0,1984-07-19,2012-12-11,,1984,2012.0,,False,closed,wrds_classroom_sp500_changes,
DO,DO,DO,DIAMOND OFFSHORE DRILLING INC,82298.0,2009-02-26,2016-09-30,,2009,2016.0,,False,closed,wrds_classroom_sp500_changes,
DOC,DOC,DOC,DOCTOR PEPPER CO,22648.0,1957-03-01,1984-02-29,1985.0,1957,1984.0,,False,closed,wrds_classroom_sp500_changes,
DOC,DOC,DOC,Healthpeak Properties,,2008-03-31,,1985.0,2008,,,True,current,wikipedia_current_sp500,
DOLR,"DG, DOLR",DG|DOLR,DOLLAR GENERAL CORP,30382.0,1998-07-16,2007-07-06,,1998,2007.0,,False,closed,wrds_classroom_sp500_changes,
DON,"RRD, DNY, DON",RRD|DNY|DON,DONNELLEY R R & SONS CO,38682.0,1984-07-19,2012-12-11,2006.0,1984,2012.0,,False,closed,wrds_classroom_sp500_changes,
DOSK,"AEX, DOSKV, DOSK, FBAI, AEIC, FDB",AEX|DOSKV|DOSK|FBAI|AEIC|FDB,FOODBRANDS AMERICA INC; AMERICAN EXPORT ISBRANDTSEN CO; AMERICAN EXPORT INDS INC; DOSKOCIL COMPANIES INC; AEICOR INC,41515.0,1965-02-15,1970-04-22,,1965,1970.0,,False,closed,wrds_classroom_sp500_changes,
DOSKV,"AEX, DOSKV, DOSK, FBAI, AEIC, FDB",AEX|DOSKV|DOSK|FBAI|AEIC|FDB,FOODBRANDS AMERICA INC; AMERICAN EXPORT ISBRANDTSEN CO; AMERICAN EXPORT INDS INC; DOSKOCIL COMPANIES INC; AEICOR INC,41515.0,1965-02-15,1970-04-22,,1965,1970.0,,False,closed,wrds_classroom_sp500_changes,
DOV,DOV,DOV,Dover Corporation,25953.0,1985-10-24,,1980.0,1985,,,True,current,wrds_classroom_sp500_changes;wikipedia_current_sp500,current as of source; WRDS cutoff 2022-12-30
DOW,DOW,DOW,DOW CHEMICAL CO,20626.0,1954-04-20,2017-08-31,2019.0,1954,2017.0,,False,closed,wrds_classroom_sp500_changes,
DOW,DOW,DOW,Dow Inc.,18428.0,2019-04-01,,2019.0,2019,,,True,current,wrds_classroom_sp500_changes;wikipedia_current_sp500,current as of source; WRDS cutoff 2022-12-30
DOWJ,"DJ, DOWJ",DJ|DOWJ,DOW JONES & CO INC,58990.0,1978-05-04,2007-12-13,,1978,2007.0,,False,closed,wrds_classroom_sp500_changes,
DOYL,"DOYL, OMC, OMCM",DOYL|OMC|OMCM,Omnicom Group,30681.0,1997-12-24,,,1997,,,False,open_unknown_after_source_cutoff,wrds_classroom_sp500_changes;wikipedia_current_sp500,current as of source; WRDS cutoff 2022-12-30; historical alias; current ticker match is OMC; left date unknown after membership source cutoff
DPH,DPH,DPH,DELPHI CORP; DELPHI AUTOMOTIVE SYSTEMS CORP,86591.0,1999-05-28,2005-10-10,,1999,2005.0,,False,closed,wrds_classroom_sp500_changes,
DPL,DPL,DPL,D P L INC; DAYTON POWER & LIGHT CO,22859.0,1947-02-26,1976-06-30,,1947,1976.0,,False,closed,wrds_classroom_sp500_changes,
DPS,DPS,DPS,DR PEPPER SNAPPLE GROUP INC,92618.0,2008-10-07,2018-06-29,,2008,2018.0,,False,closed,wrds_classroom_sp500_changes,
DPT,"DPT, DAPT",DPT|DAPT,DATAPOINT CORP,59707.0,1981-06-25,1991-04-01,2016.0,1981,1991.0,2016.0,False,closed,wrds_classroom_sp500_changes,
DPZ,DPZ,DPZ,DOMINOS PIZZA INC,90248.0,2020-05-12,,2004.0,2020,,,False,open_unknown_after_source_cutoff,wrds_classroom_sp500_changes,left date unknown after membership source cutoff
DPZ,DPZ,DPZ,Domino's,,2020-05-12,,2004.0,2020,,,True,current,wikipedia_current_sp500,
DQE,"DQU, DQE",DQU|DQE,D Q E INC; DUQUESNE LT CO; DUQUESNE LIGHT HOLDINGS INC; DUQUESNE LIGHT CO,25072.0,1957-03-01,1976-06-30,,1957,1976.0,,False,closed,wrds_classroom_sp500_changes,
DQU,"DQU, DQE",DQU|DQE,D Q E INC; DUQUESNE LT CO; DUQUESNE LIGHT HOLDINGS INC; DUQUESNE LIGHT CO,25072.0,1957-03-01,1976-06-30,2000.0,1957,1976.0,2016.0,False,closed,wrds_classroom_sp500_changes,
DR,"CUE, DR",CUE|DR,NATIONAL DISTILLERS & CHEM CORP; QUANTUM CHEMICAL CORP; NATIONAL DISTILLERS PRODS CORP,13354.0,1957-03-01,1993-09-30,,1957,1993.0,,False,closed,wrds_classroom_sp500_changes,
DRAM,"DRAM, MCRN, MU",DRAM|MCRN|MU,Micron Technology,53613.0,1994-09-27,,,1994,,,False,open_unknown_after_source_cutoff,wrds_classroom_sp500_changes;wikipedia_current_sp500,current as of source; WRDS cutoff 2022-12-30; historical alias; current ticker match is MU; left date unknown after membership source cutoff
DRE,DRE,DRE,DREWRYS LTD USA INC,25339.0,1960-10-26,1966-01-05,,1960,1966.0,,False,closed,wrds_classroom_sp500_changes,
DRE,DRE,DRE,DUKE WEEKS REALTY CORP; DUKE REALTY INVESTMENTS INC; DUKE REALTY CORP,75341.0,2017-07-26,2022-09-30,,2017,2022.0,,False,closed,wrds_classroom_sp500_changes,
DRHI,"DRHI, DHI",DRHI|DHI,D. R. Horton,77661.0,2005-06-22,,,2005,,,False,open_unknown_after_source_cutoff,wrds_classroom_sp500_changes;wikipedia_current_sp500,current as of source; WRDS cutoff 2022-12-30; historical alias; current ticker match is DHI; left date unknown after membership source cutoff
DRI,"DRI, DEN",DRI|DEN,DENNYS RESTAURANTS INC; DENNYS INC,42526.0,1972-09-14,1985-01-30,1995.0,1972,1985.0,,False,closed,wrds_classroom_sp500_changes,
DRI,DRI,DRI,Darden Restaurants,81655.0,1995-05-30,,1995.0,1995,,,True,current,wrds_classroom_sp500_changes;wikipedia_current_sp500,current as of source; WRDS cutoff 2022-12-30
DRX,DRX,DRX,DREXEL ENTERPRISES INC,40758.0,1964-07-16,1968-07-16,2024.0,1964,1968.0,,False,closed,wrds_classroom_sp500_changes,
DTE,DTE,DTE,DTE Energy,,1957-03-04,,1962.0,1957,,,True,current,wikipedia_current_sp500,
DTV,"HS, DTV",HS|DTV,DIRECTV GROUP INC; DIRECTV; HUGHES ELECTRONICS CORP,89954.0,2006-12-04,2015-07-28,,2006,2015.0,,False,closed,wrds_classroom_sp500_changes,
DUK,DUK,DUK,Duke Energy,27959.0,1976-06-30,,1980.0,1976,,,True,current,wrds_classroom_sp500_changes;wikipedia_current_sp500,current as of source; WRDS cutoff 2022-12-30
DURI,"FLS, DURI",FLS|DURI,DURCO INTERNATIONAL INC; FLOWSERVE CORP; DURIRON INC,30940.0,2008-10-02,2021-03-19,,2008,2021.0,,False,closed,wrds_classroom_sp500_changes,
DV,"DV, DVRY, ATGE",DV|DVRY|ATGE,DEVRY EDUCATION GROUP INC; ADTALEM GLOBAL EDUCATION INC; DEVRY INC DEL,76708.0,2009-06-09,2012-09-28,2021.0,2009,2012.0,,False,closed,wrds_classroom_sp500_changes,
DVA,"TRL, DVA",TRL|DVA,DaVita,82307.0,2008-07-31,,1995.0,2008,,,True,current,wrds_classroom_sp500_changes;wikipedia_current_sp500,current as of source; WRDS cutoff 2022-12-30
DVMT,DVMT,DVMT,DELL TECHNOLOGIES INC,16267.0,2016-09-07,2016-09-07,2016.0,2016,2016.0,2018.0,False,closed,wrds_classroom_sp500_changes,
DVN,DVN,DVN,Devon Energy,87137.0,2000-08-30,,1985.0,2000,,,True,current,wrds_classroom_sp500_changes;wikipedia_current_sp500,current as of source; WRDS cutoff 2022-12-30
DVRY,"DV, DVRY, ATGE",DV|DVRY|ATGE,DEVRY EDUCATION GROUP INC; ADTALEM GLOBAL EDUCATION INC; DEVRY INC DEL,76708.0,2009-06-09,2012-09-28,,2009,2012.0,,False,closed,wrds_classroom_sp500_changes,
DWD,DWD,DWD,DEAN WITTER DISCOVER & CO,78946.0,1993-07-13,1997-05-30,2013.0,1993,1997.0,2017.0,False,closed,wrds_classroom_sp500_changes,
DWDP,"DD, DWDP",DD|DWDP,DuPont,16851.0,2017-09-01,,,2017,,,False,open_unknown_after_source_cutoff,wrds_classroom_sp500_changes;wikipedia_current_sp500,current as of source; WRDS cutoff 2022-12-30; historical alias; current ticker match is DD; left date unknown after membership source cutoff
DWG,"DWG, TRY, WEN",DWG|TRY|WEN,DEISEL WEMMER GILBERT CORP; D W G CORP; D W G CIGAR CORP; WENDYS ARBYS GROUP INC; WENDYS CO; TRIARC COMPANIES INC,19828.0,1957-03-01,1967-11-08,,1957,1967.0,,False,closed,wrds_classroom_sp500_changes,
DXC,"DXC, PDI, PNDQ, CSCS",DXC|PDI|PNDQ|CSCS,PENN DIXIE INDUSTRIES INC; PENN DIXIE CEM CORP; CONTINENTAL STEEL CORP DE; PENN DIXIE CEMENT CORP; PENNSYLVANIA DIXIE CEM CORP,15915.0,1957-03-01,1977-05-18,1981.0,1957,1977.0,,False,closed,wrds_classroom_sp500_changes,
DXC,"CSC, DXC, CSZ",CSC|DXC|CSZ,D X C TECHNOLOGY CO; COMPUTER SCIENCES CORP,40125.0,1981-05-14,2015-11-30,1981.0,1981,2015.0,,False,closed,wrds_classroom_sp500_changes,
DXC,"CSC, DXC, CSZ",CSC|DXC|CSZ,D X C TECHNOLOGY CO; COMPUTER SCIENCES CORP,40125.0,2017-04-04,2023-10-03,1981.0,2017,2023.0,,False,closed,wrds_classroom_sp500_changes,
DXCM,DXCM,DXCM,Dexcom,90664.0,2020-05-12,,2005.0,2020,,,True,current,wrds_classroom_sp500_changes;wikipedia_current_sp500,current as of source; WRDS cutoff 2022-12-30
DYN,DYN,DYN,DYNEGY INC NEW DEL; DYNEGY INC NEW; DYNEGY INC DEL,90352.0,2000-10-03,2009-12-18,2020.0,2000,2009.0,,False,closed,wrds_classroom_sp500_changes,
E,"TPIP, E, TSCO",TPIP|E|TSCO,TRANSCO ENERGY CO; TRANSCONTINENTAL GAS PIPE LN COR; TRANSCO COMPANIES INC,58472.0,1991-04-17,1994-01-17,1995.0,1991,1994.0,,False,closed,wrds_classroom_sp500_changes,
EA,"ERTS, EA",ERTS|EA,Electronic Arts,75828.0,2002-07-22,,1989.0,2002,,,True,current,wrds_classroom_sp500_changes;wikipedia_current_sp500,current as of source; WRDS cutoff 2022-12-30
EAF,"EMY, EAF",EMY|EAF,EMERY AIR FGHT CORP,31659.0,1976-07-01,1989-04-05,2018.0,1976,1989.0,,False,closed,wrds_classroom_sp500_changes,
EAL,EAL,EAL,EASTERN AIR LINES INC,20976.0,1957-03-01,1976-06-30,2016.0,1957,1976.0,2016.0,False,closed,wrds_classroom_sp500_changes,
EAS,"NGE, NEG, EAS",NGE|NEG|EAS,ENERGY EAST CORP; NEW YORK ST ELEC & GAS CORP,24096.0,1957-03-01,1976-06-30,,1957,1976.0,,False,closed,wrds_classroom_sp500_changes,
EBAY,EBAY,EBAY,eBay Inc.,86356.0,2002-07-22,,1998.0,2002,,,True,current,wrds_classroom_sp500_changes;wikipedia_current_sp500,current as of source; WRDS cutoff 2022-12-30
EC,EC,EC,ENGELHARD CORP,62834.0,1983-07-07,2006-06-05,2008.0,1983,2006.0,,False,closed,wrds_classroom_sp500_changes,
ECAD,"CDNS, CDNC, ECAD, CDN",CDNS|CDNC|ECAD|CDN,Cadence Design Systems,11403.0,2017-09-18,,,2017,,,False,open_unknown_after_source_cutoff,wrds_classroom_sp500_changes;wikipedia_current_sp500,current as of source; WRDS cutoff 2022-12-30; historical alias; current ticker match is CDNS; left date unknown after membership source cutoff
ECH,ECH,ECH,ECHLIN MANUFACTURING CO; ECHLIN INC,31536.0,1973-11-15,1998-07-09,2007.0,1973,1998.0,,False,closed,wrds_classroom_sp500_changes,
ECK,ECK,ECK,ECKERD DRUGS FLA INC; ECKERD JACK CORP,40141.0,1975-12-11,1986-05-07,,1975,1986.0,,False,closed,wrds_classroom_sp500_changes,
ECL,"ECL, ECON",ECL|ECON,Ecolab,70578.0,1989-01-12,,1973.0,1989,,,True,current,wrds_classroom_sp500_changes;wikipedia_current_sp500,current as of source; WRDS cutoff 2022-12-30
ECO,ECO,ECO,ECHO BAY MINES LTD,65568.0,1990-03-05,1998-01-16,2023.0,1990,1998.0,,False,closed,wrds_classroom_sp500_changes,
ECON,"ECL, ECON",ECL|ECON,Ecolab,70578.0,1989-01-12,,2010.0,1989,,,False,open_unknown_after_source_cutoff,wrds_classroom_sp500_changes;wikipedia_current_sp500,current as of source; WRDS cutoff 2022-12-30; historical alias; current ticker match is ECL; left date unknown after membership source cutoff
ED,ED,ED,Consolidated Edison,,1957-03-04,,1962.0,1957,,,True,current,wikipedia_current_sp500,
EDS,EDS,EDS,ELECTRONIC DATA SYS CORP,52070.0,1981-06-25,1984-10-24,,1981,1984.0,,False,closed,wrds_classroom_sp500_changes,
EDS,EDS,EDS,ELECTRONIC DATA SYS CORP NEW,83596.0,1998-08-11,2008-08-26,,1998,2008.0,,False,closed,wrds_classroom_sp500_changes,
EFU,EFU,EFU,EASTERN ENTERPRISES; EASTERN GAS & FUEL ASSOCIATE,26075.0,1966-09-29,2000-11-01,2007.0,1966,2000.0,,False,closed,wrds_classroom_sp500_changes,
EFX,"EFX, RCR",EFX|RCR,Equifax,52476.0,1997-06-19,,1980.0,1997,,,True,current,wrds_classroom_sp500_changes;wikipedia_current_sp500,current as of source; WRDS cutoff 2022-12-30
EG,EG,EG,Everest Group,,2017-06-19,,1995.0,2017,,,True,current,wikipedia_current_sp500,
EGAS,"ATO, EGAS",ATO|EGAS,Atmos Energy,32986.0,2019-02-15,,,2019,,,False,open_unknown_after_source_cutoff,wrds_classroom_sp500_changes;wikipedia_current_sp500,current as of source; WRDS cutoff 2022-12-30; historical alias; current ticker match is ATO; left date unknown after membership source cutoff
EGG,"EGG, PKI",EGG|PKI,PERKINELMER INC; EDGERTON GERMES & GRIER INC; E G & G INC,42200.0,1985-05-09,,2025.0,1985,,,False,open_unknown_after_source_cutoff,wrds_classroom_sp500_changes,left date unknown after membership source cutoff
EGRP,"ET, EGRP, ETFC",ET|EGRP|ETFC,E TRADE FINANCIAL CORP; E TRADE GROUP INC,83862.0,2004-04-01,2020-10-06,,2004,2020.0,,False,closed,wrds_classroom_sp500_changes,
EHC,"EHC, HLS, HSRC, HRC",EHC|HLS|HSRC|HRC,HEALTHSOUTH REHABILITATION CORP; HEALTHSOUTH CORP; ENCOMPASS HEALTH CORP,10693.0,1997-01-07,2003-03-20,1986.0,1997,2003.0,,False,closed,wrds_classroom_sp500_changes,
EIX,EIX,EIX,Edison International,,1957-03-04,,1973.0,1957,,,True,current,wikipedia_current_sp500,
EJN,EJN,EJN,ENDICOTT JOHNSON CORP,11826.0,1957-03-01,1970-06-24,,1957,1970.0,,False,closed,wrds_classroom_sp500_changes,
EK,EK,EK,EASTMAN KODAK CO,11754.0,1925-12-31,2010-12-17,,1925,2010.0,,False,closed,wrds_classroom_sp500_changes,
EL,EL,EL,Estée Lauder Companies (The),82642.0,2006-01-05,,1995.0,2006,,,True,current,wrds_classroom_sp500_changes;wikipedia_current_sp500,current as of source; WRDS cutoff 2022-12-30
ELG,ELG,ELG,EL PASO CO; EL PASO NATURAL GAS CO,20239.0,1957-03-01,1983-11-30,2007.0,1957,1983.0,2017.0,False,closed,wrds_classroom_sp500_changes,
ELV,"ELV, ANTM, WLP, ATH",ELV|ANTM|WLP|ATH,Elevance Health,89179.0,2002-07-25,,2001.0,2002,,,True,current,wrds_classroom_sp500_changes;wikipedia_current_sp500,current as of source; WRDS cutoff 2022-12-30
EMC,"EMC, EMCS",EMC|EMCS,E M C CORP MA,10147.0,1996-03-28,2016-09-07,2023.0,1996,2016.0,,False,closed,wrds_classroom_sp500_changes,
EMCS,"EMC, EMCS",EMC|EMCS,E M C CORP MA,10147.0,1996-03-28,2016-09-07,2018.0,1996,2016.0,,False,closed,wrds_classroom_sp500_changes,
EME,EME,EME,Emcor,,2025-09-22,,1995.0,2025,,,True,current,wikipedia_selected_changes;wikipedia_current_sp500,Market capitalization change.[16]; current as of source; WRDS cutoff 2022-12-30
EMN,EMN,EMN,EASTMAN CHEMICAL CO,80080.0,1994-01-04,2025-11-04,1993.0,1994,2025.0,,False,closed,wrds_classroom_sp500_changes,
EMP,"CHH, EMP, BHS",CHH|EMP|BHS,EMPORIUM CAPWELL CO CA; BROADWAY HALE STORES INC NEW; CARTER HAWLEY HALE STORES INC,40352.0,1973-08-02,1991-02-12,,1973,1991.0,,False,closed,wrds_classroom_sp500_changes,
EMR,EMR,EMR,Emerson Electric,22103.0,1965-01-07,,1972.0,1965,,,True,current,wrds_classroom_sp500_changes;wikipedia_current_sp500,current as of source; WRDS cutoff 2022-12-30
EMY,"EMY, EAF",EMY|EAF,EMERY AIR FGHT CORP,31659.0,1976-07-01,1989-04-05,2007.0,1976,1989.0,2018.0,False,closed,wrds_classroom_sp500_changes,
ENDP,ENDP,ENDP,ENDO INTERNATIONAL PLC; ENDO HEALTH SOLUTIONS INC; ENDO PHARMACEUTICALS HLDGS INC,88436.0,2015-01-27,2017-03-01,,2015,2017.0,,False,closed,wrds_classroom_sp500_changes,
ENE,"INI, NNG, ENE",INI|NNG|ENE,INTERNORTH INC; NORTHERN NAT GAS CO; ENRON CORP,23317.0,1951-09-06,2001-11-29,,1951,2001.0,,False,closed,wrds_classroom_sp500_changes,
ENG,"ENG, PSB, PB, SB",ENG|PSB|PB|SB,ENGELHARD INDUSTRIES INC; PHIBRO SALOMON INC; SALOMON INC; PHIBRO CORP; ENGELHARD MINERALS & CHEMS CORP,27596.0,1968-01-18,1997-11-26,,1968,1997.0,,False,closed,wrds_classroom_sp500_changes,
ENGY,"WFT, WFRD, EVI, ENGY",WFT|WFRD|EVI|ENGY,ENERGY VENTURES INC; WEATHERFORD INTERNATIONAL PLC; WEATHERFORD INTL INC NEW; WEATHERFORD INTL LTD; E V I WEATHERFORD INC; WEATHERFORD INTL LTD NEW; E V I INC,32791.0,2005-07-22,2009-02-25,2004.0,2005,2009.0,,False,closed,wrds_classroom_sp500_changes,
ENPH,ENPH,ENPH,ENPHASE ENERGY INC,13323.0,2021-01-07,2025-09-22,2012.0,2021,2025.0,,False,closed,wrds_classroom_sp500_changes,
ENS,"ENS, LSG",ENS|LSG,LONE STAR GAS CO; ENSERCH CORP,25056.0,1957-03-01,1997-08-05,2004.0,1957,1997.0,,False,closed,wrds_classroom_sp500_changes,
EOG,EOG,EOG,EOG Resources,75825.0,2000-11-02,,1989.0,2000,,,True,current,wrds_classroom_sp500_changes;wikipedia_current_sp500,current as of source; WRDS cutoff 2022-12-30
EOP,EOP,EOP,EQUITY OFFICE PROPERTIES TRUST,85238.0,2001-10-10,2007-02-09,,2001,2007.0,,False,closed,wrds_classroom_sp500_changes,
EP,"EP, EPG",EP|EPG,EL PASO NATURAL GAS CO; EL PASO CORP; EL PASO ENERGY CORP DEL,77481.0,1999-10-26,2012-05-24,1999.0,1999,2012.0,,False,closed,wrds_classroom_sp500_changes,
EPAM,EPAM,EPAM,EPAM Systems,13210.0,2021-12-14,,2012.0,2021,,,True,current,wrds_classroom_sp500_changes;wikipedia_current_sp500,current as of source; WRDS cutoff 2022-12-30
EPG,"EP, EPG",EP|EPG,EL PASO NATURAL GAS CO; EL PASO CORP; EL PASO ENERGY CORP DEL,77481.0,1999-10-26,2012-05-24,2008.0,1999,2012.0,2018.0,False,closed,wrds_classroom_sp500_changes,
EQ,EQ,EQ,EMBARQ CORP,91218.0,2006-05-18,2009-06-30,2018.0,2006,2009.0,,False,closed,wrds_classroom_sp500_changes,
EQIX,EQIX,EQIX,Equinix,89617.0,2015-03-20,,2000.0,2015,,,True,current,wrds_classroom_sp500_changes;wikipedia_current_sp500,current as of source; WRDS cutoff 2022-12-30
EQR,EQR,EQR,Equity Residential,79547.0,2001-12-03,,1993.0,2001,,,True,current,wrds_classroom_sp500_changes;wikipedia_current_sp500,current as of source; WRDS cutoff 2022-12-30
EQT,EQT,EQT,EQUITABLE GAS CO; E Q T CORP; EQUITABLE RESOURCES INC,24328.0,1957-03-01,1976-06-30,1980.0,1957,1976.0,,False,closed,wrds_classroom_sp500_changes,
EQT,EQT,EQT,EQUITABLE GAS CO; E Q T CORP; EQUITABLE RESOURCES INC,24328.0,2008-12-19,2018-11-12,1980.0,2008,2018.0,,False,closed,wrds_classroom_sp500_changes,
EQT,EQT,EQT,EQUITABLE GAS CO; E Q T CORP; EQUITABLE RESOURCES INC,24328.0,2022-10-03,,1980.0,2022,,,False,open_unknown_after_source_cutoff,wrds_classroom_sp500_changes,left date unknown after membership source cutoff
EQT,EQT,EQT,EQT Corporation,,2022-10-03,,1980.0,2022,,,True,current,wikipedia_current_sp500,
EQU,"WFI, EQU",WFI|EQU,WHEELABRATOR FRYE INC; EQUITY CORP,38041.0,1975-08-14,1983-02-02,,1975,1983.0,,False,closed,wrds_classroom_sp500_changes,
ERI,"CZR, ERI",CZR|ERI,CAESARS ENTERTAINMENT INC DE; ELDORADO RESORTS INC,14882.0,2021-03-22,2025-09-22,,2021,2025.0,,False,closed,wrds_classroom_sp500_changes,
ERIE,ERIE,ERIE,Erie Indemnity,,2024-09-23,,1995.0,2024,,,True,current,wikipedia_selected_changes;wikipedia_current_sp500,Market capitalization change.[27]; current as of source; WRDS cutoff 2022-12-30
ERP,ERP,ERP,EMERSON RADIO & PHONOGRAPH CORP,22242.0,1957-03-01,1966-05-25,,1957,1966.0,,False,closed,wrds_classroom_sp500_changes,
ERTS,"ERTS, EA",ERTS|EA,Electronic Arts,75828.0,2002-07-22,,,2002,,,False,open_unknown_after_source_cutoff,wrds_classroom_sp500_changes;wikipedia_current_sp500,current as of source; WRDS cutoff 2022-12-30; historical alias; current ticker match is EA; left date unknown after membership source cutoff
ES,"ES, NU",ES|NU,Eversource Energy,44206.0,2009-03-17,,1973.0,2009,,,True,current,wrds_classroom_sp500_changes;wikipedia_current_sp500,current as of source; WRDS cutoff 2022-12-30
ESB,ESB,ESB,ELECTRIC STORAGE BATTERY CO; E S B INC,11746.0,1963-06-27,1973-11-14,,1963,1973.0,,False,closed,wrds_classroom_sp500_changes,
ESM,"SWX, ESM",SWX|ESM,SWIFT & CO; ESMARK INC,19713.0,1957-03-01,1984-08-15,,1957,1984.0,,False,closed,wrds_classroom_sp500_changes,
ESRX,ESRX,ESRX,EXPRESS SCRIPTS HOLDING CO; EXPRESS SCRIPTS INC,77668.0,2003-09-26,2018-12-21,1992.0,2003,2018.0,2018.0,False,closed,wrds_classroom_sp500_changes,
ESS,ESS,ESS,Essex Property Trust,80681.0,2014-04-02,,1994.0,2014,,,True,current,wrds_classroom_sp500_changes;wikipedia_current_sp500,current as of source; WRDS cutoff 2022-12-30
ESV,"BLK, BLKR, ESV",BLK|BLKR|ESV,ENERGY SERVICE INC; BLOCKER ENERGY CORP; E N S C O INTERNATIONAL INC; ENERGY SERVICE COMPANY INC,62519.0,2007-01-04,2009-12-22,,2007,2009.0,,False,closed,wrds_classroom_sp500_changes,
ESV,"VAL, ESV",VAL|ESV,E N S C O ROWAN PLC; E N S C O PLC NEW; VALARIS PLC,93159.0,2012-07-31,2016-03-29,,2012,2016.0,,False,closed,wrds_classroom_sp500_changes,
ESY,"LTE, ESY",LTE|ESY,E SYSTEMS INC; L T V ELECTROSYSTEMS INC,43342.0,1985-11-14,1995-04-28,,1985,1995.0,,False,closed,wrds_classroom_sp500_changes,
ET,"ET, MLT",ET|MLT,MERGENTHALER LINOTYPE CO; ELTRA CORP; MERGANTHALER LINOTYPE CO,24619.0,1957-03-01,1960-12-14,2006.0,1957,1960.0,,False,closed,wrds_classroom_sp500_changes,
ET,ET,ET,ELECTRIC AUTOLITE CO,11770.0,1957-03-01,1963-06-26,2006.0,1957,1963.0,,False,closed,wrds_classroom_sp500_changes,
ET,"ET, EGRP, ETFC",ET|EGRP|ETFC,E TRADE FINANCIAL CORP; E TRADE GROUP INC,83862.0,2004-04-01,2020-10-06,2006.0,2004,2020.0,,False,closed,wrds_classroom_sp500_changes,
ETFC,"ET, EGRP, ETFC",ET|EGRP|ETFC,E TRADE FINANCIAL CORP; E TRADE GROUP INC,83862.0,2004-04-01,2020-10-06,,2004,2020.0,,False,closed,wrds_classroom_sp500_changes,
ETN,ETN,ETN,Eaton Corporation,,1957-03-04,,1972.0,1957,,,True,current,wikipedia_current_sp500,
ETR,ETR,ETR,Entergy,,1957-03-04,,1972.0,1957,,,True,current,wikipedia_current_sp500,
ETS,"ETS, CS",ETS|CS,CABLETRON SYSTEMS INC; ENTERASYS NETWORKS INC,75625.0,1995-05-22,2001-08-03,2025.0,1995,2001.0,,False,closed,wrds_classroom_sp500_changes,
ETSY,ETSY,ETSY,ETSY INC,15291.0,2020-09-21,2024-09-23,2015.0,2020,2024.0,,False,closed,wrds_classroom_sp500_changes,
EVHC,"AMSGA, AMSG, EVHC",AMSGA|AMSG|EVHC,ENVISION HEALTHCARE CORP; AMSURG CORP,85675.0,2016-12-02,2018-10-10,2013.0,2016,2018.0,2018.0,False,closed,wrds_classroom_sp500_changes,
EVI,"WFT, WFRD, EVI, ENGY",WFT|WFRD|EVI|ENGY,ENERGY VENTURES INC; WEATHERFORD INTERNATIONAL PLC; WEATHERFORD INTL INC NEW; WEATHERFORD INTL LTD; E V I WEATHERFORD INC; WEATHERFORD INTL LTD NEW; E V I INC,32791.0,2005-07-22,2009-02-25,1990.0,2005,2009.0,,False,closed,wrds_classroom_sp500_changes,
EVRG,"EVRG, WR, KAN",EVRG|WR|KAN,Evergy,24053.0,2018-06-05,,1973.0,2018,,,True,current,wrds_classroom_sp500_changes;wikipedia_current_sp500,current as of source; WRDS cutoff 2022-12-30
EVT,EVT,EVT,ENVIROTECH CORP,55386.0,1975-08-14,1982-03-10,2003.0,1975,1982.0,,False,closed,wrds_classroom_sp500_changes,
EVY,EVY,EVY,EVANS PRODUCTS CO; EVANS AUTO LOADING INC,17435.0,1970-04-23,1984-04-11,1999.0,1970,1984.0,,False,closed,wrds_classroom_sp500_changes,
EW,EW,EW,Edwards Lifesciences,87657.0,2011-04-01,,2000.0,2011,,,True,current,wrds_classroom_sp500_changes;wikipedia_current_sp500,current as of source; WRDS cutoff 2022-12-30
EWB,EWB,EWB,BLISS E W CO,22808.0,1957-03-01,1968-01-17,,1957,1968.0,,False,closed,wrds_classroom_sp500_changes,
EXC,EXC,EXC,Exelon,,1957-03-04,,1973.0,1957,,,True,current,wikipedia_current_sp500,
EXC,EXC,EXC,ESSEX INTERNATIONAL INC; ESSEX WIRE CORP,41785.0,1968-05-09,1974-02-20,1973.0,1968,1974.0,,False,closed,wrds_classroom_sp500_changes,
EXE,EXE,EXE,Expand Energy,,2025-03-24,,2021.0,2025,,,True,current,wikipedia_selected_changes;wikipedia_current_sp500,Market capitalization change.[22]; current as of source; WRDS cutoff 2022-12-30
EXPD,EXPD,EXPD,Expeditors International,87717.0,2007-10-10,,1984.0,2007,,,True,current,wrds_classroom_sp500_changes;wikipedia_current_sp500,current as of source; WRDS cutoff 2022-12-30
EXPE,EXPE,EXPE,Expedia Group,90808.0,2007-10-02,,2005.0,2007,,,True,current,wrds_classroom_sp500_changes;wikipedia_current_sp500,current as of source; WRDS cutoff 2022-12-30
EXR,EXR,EXR,Extra Space Storage,90305.0,2016-01-19,,2004.0,2016,,,True,current,wrds_classroom_sp500_changes;wikipedia_current_sp500,current as of source; WRDS cutoff 2022-12-30
EY,"EY, NEU",EY|NEU,NEWMARKET CORP; ETHYL CORP,42550.0,1987-02-26,1994-03-10,,1987,1994.0,,False,closed,wrds_classroom_sp500_changes,
EYE,"COO, EYE, EYES",COO|EYE|EYES,Cooper Companies (The),65541.0,2016-09-23,,2017.0,2016,,,False,open_unknown_after_source_cutoff,wrds_classroom_sp500_changes;wikipedia_current_sp500,current as of source; WRDS cutoff 2022-12-30; historical alias; current ticker match is COO; left date unknown after membership source cutoff
EYES,"COO, EYE, EYES",COO|EYE|EYES,Cooper Companies (The),65541.0,2016-09-23,,,2016,,,False,open_unknown_after_source_cutoff,wrds_classroom_sp500_changes;wikipedia_current_sp500,current as of source; WRDS cutoff 2022-12-30; historical alias; current ticker match is COO; left date unknown after membership source cutoff
F,F,F,Ford Motor Company,,1957-03-04,,1972.0,1957,,,True,current,wikipedia_current_sp500,
FABC,"RGBK, FABC, RF",RGBK|FABC|RF,Regions Financial Corporation,35044.0,1998-08-28,,2003.0,1998,,,False,open_unknown_after_source_cutoff,wrds_classroom_sp500_changes;wikipedia_current_sp500,current as of source; WRDS cutoff 2022-12-30; historical alias; current ticker match is RF; left date unknown after membership source cutoff
FAC,FAC,FAC,FACTOR MAX & CO,27852.0,1967-05-18,1973-02-28,,1967,1973.0,,False,closed,wrds_classroom_sp500_changes,
FAL,"FAL, FALB",FAL|FALB,FALSTAFF BREWING CORP,23683.0,1957-03-01,1975-06-11,2016.0,1957,1975.0,2017.0,False,closed,wrds_classroom_sp500_changes,
FALB,"FAL, FALB",FAL|FALB,FALSTAFF BREWING CORP,23683.0,1957-03-01,1975-06-11,,1957,1975.0,,False,closed,wrds_classroom_sp500_changes,
FAM,"ARR, FAM",ARR|FAM,ARISTAR INC; FAMILY FIN CORP,24088.0,1957-03-01,1976-06-30,,1957,1976.0,,False,closed,wrds_classroom_sp500_changes,
FANG,FANG,FANG,Diamondback Energy,13641.0,2018-12-03,,2012.0,2018,,,True,current,wrds_classroom_sp500_changes;wikipedia_current_sp500,current as of source; WRDS cutoff 2022-12-30
FAST,FAST,FAST,Fastenal,11618.0,2008-09-15,,1987.0,2008,,,True,current,wrds_classroom_sp500_changes;wikipedia_current_sp500,current as of source; WRDS cutoff 2022-12-30
FB,"FB, BKB",FB|BKB,BANKBOSTON CORP; BANK OF BOSTON CORP; FIRST NATIONAL BOSTON CORP,51772.0,1976-07-01,1999-09-30,2025.0,1976,1999.0,,False,closed,wrds_classroom_sp500_changes,
FB,"FB, META",FB|META,Meta Platforms,13407.0,2013-12-23,,2025.0,2013,,,False,open_unknown_after_source_cutoff,wrds_classroom_sp500_changes;wikipedia_current_sp500,current as of source; WRDS cutoff 2022-12-30; historical alias; current ticker match is META; left date unknown after membership source cutoff
FBAI,"AEX, DOSKV, DOSK, FBAI, AEIC, FDB",AEX|DOSKV|DOSK|FBAI|AEIC|FDB,FOODBRANDS AMERICA INC; AMERICAN EXPORT ISBRANDTSEN CO; AMERICAN EXPORT INDS INC; DOSKOCIL COMPANIES INC; AEICOR INC,41515.0,1965-02-15,1970-04-22,,1965,1970.0,,False,closed,wrds_classroom_sp500_changes,
FBD,"FPP, FBD",FPP|FBD,FIBREBOARD PAPER PRODS CORP; PABCO PRODS INC; FIBREBOARD CORP; PARAFFINE COS INC,19879.0,1957-12-04,1978-07-19,2000.0,1957,1978.0,2016.0,False,closed,wrds_classroom_sp500_changes,
FBF,"FLT, INB, FNG, FBF",FLT|INB|FNG|FBF,FLEETBOSTON FINANCIAL CORP; INDUSTRIAL NATIONAL CORP; FLEET FINANCIAL GROUP INC NEW; INDUSTRIAL BANCORP; FLEET FINANCIAL GROUP INC; FLEET BOSTON CORP; FLEET NORSTAR FINANCIAL GRP INC,47159.0,1988-11-10,2004-03-31,,1988,2004.0,,False,closed,wrds_classroom_sp500_changes,
FBG,"FBG, RYT",FBG|RYT,FABERGE INC; RAYETTE INC; RAYETTE FABERGE INC,31763.0,1967-07-20,1984-08-08,2012.0,1967,1984.0,2016.0,False,closed,wrds_classroom_sp500_changes,
FBGO,"BONE, FBGO, ONE",BONE|FBGO|ONE,BANC ONE CORP; BANK ONE CORP; FIRST BANC GROUP OHIO INC,65138.0,1988-04-28,2004-06-30,,1988,2004.0,,False,closed,wrds_classroom_sp500_changes,
FBHS,"FBHS, FBIN",FBHS|FBIN,FORTUNE BRANDS INNOVATIONS INC; FORTUNE BRANDS HOME & SECUR INC,12981.0,2016-06-24,2022-12-16,,2016,2022.0,,False,closed,wrds_classroom_sp500_changes,
FBIN,"FBHS, FBIN",FBHS|FBIN,FORTUNE BRANDS INNOVATIONS INC; FORTUNE BRANDS HOME & SECUR INC,12981.0,2016-06-24,2022-12-16,2011.0,2016,2022.0,,False,closed,wrds_classroom_sp500_changes,
FBKS,"FBKS, FBS, USB",FBKS|FBS|USB,U.S. Bancorp,66157.0,1995-10-23,,,1995,,,False,open_unknown_after_source_cutoff,wrds_classroom_sp500_changes;wikipedia_current_sp500,current as of source; WRDS cutoff 2022-12-30; historical alias; current ticker match is USB; left date unknown after membership source cutoff
FBO,FBO,FBO,FEDERAL PAPER BOARD INC,25371.0,1957-03-01,1996-03-12,,1957,1996.0,,False,closed,wrds_classroom_sp500_changes,
FBS,"FBKS, FBS, USB",FBKS|FBS|USB,U.S. Bancorp,66157.0,1995-10-23,,,1995,,,False,open_unknown_after_source_cutoff,wrds_classroom_sp500_changes;wikipedia_current_sp500,current as of source; WRDS cutoff 2022-12-30; historical alias; current ticker match is USB; left date unknown after membership source cutoff
FCF,FCF,FCF,FIRST CHARTER FINL CORP,27297.0,1965-06-17,1983-08-10,1992.0,1965,1983.0,,False,closed,wrds_classroom_sp500_changes,
FCI,FCI,FCI,FAIRCHILD CAMERA & INSTR CORP,28169.0,1976-12-09,1979-07-25,,1976,1979.0,,False,closed,wrds_classroom_sp500_changes,
FCMB,"KEY, KEYB, FCMB",KEY|KEYB|FCMB,KeyCorp,64995.0,1994-03-01,,,1994,,,False,open_unknown_after_source_cutoff,wrds_classroom_sp500_changes;wikipedia_current_sp500,current as of source; WRDS cutoff 2022-12-30; historical alias; current ticker match is KEY; left date unknown after membership source cutoff
FCN,"FCN, NBKD, NBD",FCN|NBKD|NBD,NATIONAL BANK DETROIT MICH; N B D BANCORP INC; FIRST CHICAGO N B D CORP; NATIONAL DETROIT CORP,56450.0,1987-04-23,1998-10-01,1996.0,1987,1998.0,,False,closed,wrds_classroom_sp500_changes,
FCPT,FCPT,FCPT,FOUR CORNERS PROPERTY TRUST INC,15719.0,2015-11-10,2015-11-10,2015.0,2015,2015.0,,False,closed,wrds_classroom_sp500_changes,
FCX,FCX,FCX,Freeport-McMoRan,81774.0,1995-07-31,,1995.0,1995,,,True,current,wrds_classroom_sp500_changes;wikipedia_current_sp500,current as of source; WRDS cutoff 2022-12-30
FD,"FD, M",FD|M,FEDERATED DEPARTMENT STRS INC NE; FEDERATED DEPT STORES INC DEL; MACYS INC,77462.0,1995-12-01,2020-04-03,,1995,2020.0,,False,closed,wrds_classroom_sp500_changes,
FDB,"AEX, DOSKV, DOSK, FBAI, AEIC, FDB",AEX|DOSKV|DOSK|FBAI|AEIC|FDB,FOODBRANDS AMERICA INC; AMERICAN EXPORT ISBRANDTSEN CO; AMERICAN EXPORT INDS INC; DOSKOCIL COMPANIES INC; AEICOR INC,41515.0,1965-02-15,1970-04-22,,1965,1970.0,,False,closed,wrds_classroom_sp500_changes,
FDC,FDC,FDC,FIRST DATA CORP,77546.0,1994-09-27,2007-09-24,,1994,2007.0,,False,closed,wrds_classroom_sp500_changes,
FDO,FDO,FDO,FAMILY DOLLAR STORES INC,53866.0,2001-08-06,2015-07-08,,2001,2015.0,,False,closed,wrds_classroom_sp500_changes,
FDP,"FPC, FDP",FPC|FDP,FLORIDA PWR CORP; FLORIDA PROGRESS CORP,22496.0,1957-03-01,1976-06-30,1997.0,1957,1976.0,,False,closed,wrds_classroom_sp500_changes,
FDP,"FPC, FDP",FPC|FDP,FLORIDA PWR CORP; FLORIDA PROGRESS CORP,22496.0,1999-06-22,2000-11-30,1997.0,1999,2000.0,,False,closed,wrds_classroom_sp500_changes,
FDS,FDS,FDS,FEDERATED DEPARTMENT STORES INC,18550.0,1957-03-01,1988-05-04,1996.0,1957,1988.0,,False,closed,wrds_classroom_sp500_changes,
FDS,FDS,FDS,FactSet,83597.0,2021-12-20,,1996.0,2021,,,True,current,wrds_classroom_sp500_changes;wikipedia_current_sp500,current as of source; WRDS cutoff 2022-12-30
FDSH,"FDSH, FLIF",FDSH|FLIF,FDS HOLDING CO; FRANKLIN LIFE INSURANCE CO,80411.0,1976-07-01,1979-02-28,,1976,1979.0,,False,closed,wrds_classroom_sp500_changes,
FDX,"FEDX, FDX",FEDX|FDX,FedEx,60628.0,1980-11-06,,1978.0,1980,,,True,current,wrds_classroom_sp500_changes;wikipedia_current_sp500,current as of source; WRDS cutoff 2022-12-30
FE,FE,FE,FirstEnergy,,1997-11-28,,1997.0,1997,,,True,current,wikipedia_current_sp500,
FEDX,"FEDX, FDX",FEDX|FDX,FedEx,60628.0,1980-11-06,,2020.0,1980,,2022.0,False,open_unknown_after_source_cutoff,wrds_classroom_sp500_changes;wikipedia_current_sp500,current as of source; WRDS cutoff 2022-12-30; historical alias; current ticker match is FDX; left date unknown after membership source cutoff
FEMP,"FEMP, FES, MTB",FEMP|FES|MTB,M&T Bank,35554.0,2004-02-23,,,2004,,,False,open_unknown_after_source_cutoff,wrds_classroom_sp500_changes;wikipedia_current_sp500,current as of source; WRDS cutoff 2022-12-30; historical alias; current ticker match is MTB; left date unknown after membership source cutoff
FES,"FEMP, FES, MTB",FEMP|FES|MTB,M&T Bank,35554.0,2004-02-23,,,2004,,,False,open_unknown_after_source_cutoff,wrds_classroom_sp500_changes;wikipedia_current_sp500,current as of source; WRDS cutoff 2022-12-30; historical alias; current ticker match is MTB; left date unknown after membership source cutoff
FFB,"FNS, FFB",FNS|FFB,FIRST FIDELITY BANCORP NEW; FIRST NATIONAL ST BANCORPORATION; FIRST FIDELITY BANCORPORATION,52505.0,1988-06-09,1995-12-29,,1988,1995.0,,False,closed,wrds_classroom_sp500_changes,
FFI,FFI,FFI,FINANCIAL FEDERATION INC,28177.0,1965-06-17,1973-05-30,,1965,1973.0,,False,closed,wrds_classroom_sp500_changes,
FFIV,FFIV,FFIV,F 5 NETWORKS INC; F 5 INC,86964.0,2010-12-20,,1999.0,2010,,,False,open_unknown_after_source_cutoff,wrds_classroom_sp500_changes,left date unknown after membership source cutoff
FFIV,FFIV,FFIV,"F5, Inc.",,2010-12-20,,1999.0,2010,,,True,current,wikipedia_current_sp500,
FFS,FFS,FFS,UNION PREMIER FOOD STORES INC; FOOD FAIR STORES INC; FOOD FAIR INC,21346.0,1957-03-01,1978-10-04,,1957,1978.0,,False,closed,wrds_classroom_sp500_changes,
FG,FG,FG,U S F & G CORP; UNITED STATES FID & GTY CO,50956.0,1976-07-01,1998-04-24,2022.0,1976,1998.0,,False,closed,wrds_classroom_sp500_changes,
FHI,"FHI, FII",FHI|FII,FEDERATED HERMES INC; FEDERATED INVESTORS INC PA,86102.0,2003-04-16,2012-12-31,1998.0,2003,2012.0,,False,closed,wrds_classroom_sp500_changes,
FHN,"FTEN, FHN, FTN",FTEN|FHN|FTN,FIRST TENNESSEE NATIONAL CORP; FIRST HORIZON CORP; FIRST HORIZON NATIONAL CORP,36397.0,2002-05-06,2013-06-21,1980.0,2002,2013.0,,False,closed,wrds_classroom_sp500_changes,
FHP,FHP,FHP,FORT HOWARD CORP; FORT HOWARD PAPER CO,54754.0,1985-09-26,1988-08-10,,1985,1988.0,,False,closed,wrds_classroom_sp500_changes,
FIB,"FIB, FIBN, IFC",FIB|FIBN|IFC,INTERFIRST CORP; FIRST INTL BANCSHARES INC,56805.0,1976-07-01,1987-04-22,,1976,1987.0,,False,closed,wrds_classroom_sp500_changes,
FIBN,"FIB, FIBN, IFC",FIB|FIBN|IFC,INTERFIRST CORP; FIRST INTL BANCSHARES INC,56805.0,1976-07-01,1987-04-22,,1976,1987.0,,False,closed,wrds_classroom_sp500_changes,
FICO,FICO,FICO,Fair Isaac,,2023-03-20,,1987.0,2023,,,True,current,wikipedia_selected_changes;wikipedia_current_sp500,Market capitalization change.[39]; current as of source; WRDS cutoff 2022-12-30
FII,"FHI, FII",FHI|FII,FEDERATED HERMES INC; FEDERATED INVESTORS INC PA,86102.0,2003-04-16,2012-12-31,,2003,2012.0,,False,closed,wrds_classroom_sp500_changes,
FIM,"FMIF, GACC, FMTG, FIM",FMIF|GACC|FMTG|FIM,GREAT AMERICAN COMMUNICATIONS CO; FIRST MORTGAGE INVS; F M I FINANCIAL CORP,50403.0,1973-05-31,1975-08-13,2002.0,1973,1975.0,2017.0,False,closed,wrds_classroom_sp500_changes,
FIN,"FIN, BUG, BGT",FIN|BUG|BGT,FINANCIAL CORP AMER; BUDGET INDUSTRIES INC; BUDGET FINANCIAL PLAN INC,29962.0,1968-08-01,1970-03-18,,1968,1970.0,,False,closed,wrds_classroom_sp500_changes,
FIN,"FIN, BUG, BGT",FIN|BUG|BGT,FINANCIAL CORP AMER; BUDGET INDUSTRIES INC; BUDGET FINANCIAL PLAN INC,29962.0,1983-08-11,1988-04-13,,1983,1988.0,,False,closed,wrds_classroom_sp500_changes,
FIR,FIR,FIR,FIRESTONE INC; FIRESTONE TIRE & RUBBER CO,18569.0,1957-03-01,1988-05-04,2018.0,1957,1988.0,2022.0,False,closed,wrds_classroom_sp500_changes,
FIS,"FIS, CEY",FIS|CEY,Fidelity National Information Services,89003.0,2006-11-10,,2001.0,2006,,,True,current,wrds_classroom_sp500_changes;wikipedia_current_sp500,current as of source; WRDS cutoff 2022-12-30
FIST,"UNIP, FIST, HANS, MNST, COVI",UNIP|FIST|HANS|MNST|COVI,Monster Beverage,88031.0,2012-06-28,,,2012,,,False,open_unknown_after_source_cutoff,wrds_classroom_sp500_changes;wikipedia_current_sp500,current as of source; WRDS cutoff 2022-12-30; historical alias; current ticker match is MNST; left date unknown after membership source cutoff
FISV,FISV,FISV,Fiserv,10696.0,2001-04-02,,1986.0,2001,,,True,current,wrds_classroom_sp500_changes;wikipedia_current_sp500,current as of source; WRDS cutoff 2022-12-30
FITB,FITB,FITB,Fifth Third Bancorp,34746.0,1996-03-08,,1980.0,1996,,,True,current,wrds_classroom_sp500_changes;wikipedia_current_sp500,current as of source; WRDS cutoff 2022-12-30
FIX,FIX,FIX,Comfort Systems USA,,2025-12-22,,1997.0,2025,,,True,current,wikipedia_selected_changes;wikipedia_current_sp500,Market capitalization change.[11]; current as of source; WRDS cutoff 2022-12-30
FJ,"FJ, JRIV, JR",FJ|JRIV|JR,JAMES RIVER CORP VA; FORT JAMES CORP,61583.0,1986-05-08,2000-11-22,,1986,2000.0,,False,closed,wrds_classroom_sp500_changes,
FJC,"FJC, FJQ",FJC|FJQ,FEDDERS CORP; FEDDERS QUIGAN CORP,23552.0,1963-01-17,1994-04-05,2007.0,1963,1994.0,2016.0,False,closed,wrds_classroom_sp500_changes,
FJQ,"FJC, FJQ",FJC|FJQ,FEDDERS CORP; FEDDERS QUIGAN CORP,23552.0,1963-01-17,1994-04-05,,1963,1994.0,,False,closed,wrds_classroom_sp500_changes,
FL,"Z, FL",Z|FL,FOOT LOCKER INC; VENATOR GROUP INC; WOOLWORTH CORP; WOOLWORTH F W CO,15456.0,1925-12-31,1998-12-31,,1925,1998.0,,False,closed,wrds_classroom_sp500_changes,
FL,"Z, FL",Z|FL,FOOT LOCKER INC; VENATOR GROUP INC; WOOLWORTH CORP; WOOLWORTH F W CO,15456.0,2016-04-04,2019-08-08,,2016,2019.0,,False,closed,wrds_classroom_sp500_changes,
FLA,FLA,FLA,FLORIDA EAST COAST IND INC; FLORIDA EAST COAST RY CO,27748.0,1971-06-24,1972-09-27,2010.0,1971,1972.0,2016.0,False,closed,wrds_classroom_sp500_changes,
FLC,"RB, FLC",RB|FLC,R & B FALCON CORP; READING & BATES OFFSHORE DRILL; READING & BATES CORP,46228.0,1972-01-20,1989-08-23,2003.0,1972,1989.0,,False,closed,wrds_classroom_sp500_changes,
FLE,FLE,FLE,FLEETWOOD ENTERPRISES INC,46295.0,1974-05-09,2000-01-28,,1974,2000.0,,False,closed,wrds_classroom_sp500_changes,
FLIF,"FDSH, FLIF",FDSH|FLIF,FDS HOLDING CO; FRANKLIN LIFE INSURANCE CO,80411.0,1976-07-01,1979-02-28,,1976,1979.0,,False,closed,wrds_classroom_sp500_changes,
FLIR,FLIR,FLIR,FLIR SYSTEMS INC,79265.0,2009-01-02,2021-05-13,,2009,2021.0,,False,closed,wrds_classroom_sp500_changes,
FLM,FLM,FLM,FLEMING INC; FLEMING COMPANIES INC,47271.0,1987-12-10,1997-12-23,2009.0,1987,1997.0,,False,closed,wrds_classroom_sp500_changes,
FLR,"FLR, MEE",FLR|MEE,MASSEY ENERGY CO; FLUOR CORP; FLUOR LTD,26382.0,1980-01-17,2000-12-21,2000.0,1980,2000.0,,False,closed,wrds_classroom_sp500_changes,
FLR,FLR,FLR,FLUOR CORP NEW,88853.0,2000-12-22,2019-06-03,2000.0,2000,2019.0,,False,closed,wrds_classroom_sp500_changes,
FLR,"FLR, MEE",FLR|MEE,MASSEY ENERGY CO; FLUOR CORP; FLUOR LTD,26382.0,2008-06-23,2011-06-01,2000.0,2008,2011.0,,False,closed,wrds_classroom_sp500_changes,
FLS,"FLS, DURI",FLS|DURI,DURCO INTERNATIONAL INC; FLOWSERVE CORP; DURIRON INC,30940.0,2008-10-02,2021-03-19,1980.0,2008,2021.0,,False,closed,wrds_classroom_sp500_changes,
FLT,"FLT, INB, FNG, FBF",FLT|INB|FNG|FBF,FLEETBOSTON FINANCIAL CORP; INDUSTRIAL NATIONAL CORP; FLEET FINANCIAL GROUP INC NEW; INDUSTRIAL BANCORP; FLEET FINANCIAL GROUP INC; FLEET BOSTON CORP; FLEET NORSTAR FINANCIAL GRP INC,47159.0,1988-11-10,2004-03-31,,1988,2004.0,,False,closed,wrds_classroom_sp500_changes,
FLT,FLT,FLT,FLEETCOR TECHNOLOGIES INC,12449.0,2018-06-20,,,2018,,,False,open_unknown_after_source_cutoff,wrds_classroom_sp500_changes,left date unknown after membership source cutoff
FLY,"TGR, FLY",TGR|FLY,TIGER INTERNATIONAL INC; FLYING TIGER CORP,17340.0,1980-12-11,1989-02-08,2025.0,1980,1989.0,,False,closed,wrds_classroom_sp500_changes,
FMC,FMC,FMC,FOOD MACHY CORP; F M C CORP; FOOD MACHY & CHEM CORP,19166.0,1964-02-20,2001-12-31,1980.0,1964,2001.0,,False,closed,wrds_classroom_sp500_changes,
FMC,FMC,FMC,FOOD MACHY CORP; F M C CORP; FOOD MACHY & CHEM CORP,19166.0,2009-08-19,2025-03-24,1980.0,2009,2025.0,,False,closed,wrds_classroom_sp500_changes,
FMIF,"FMIF, GACC, FMTG, FIM",FMIF|GACC|FMTG|FIM,GREAT AMERICAN COMMUNICATIONS CO; FIRST MORTGAGE INVS; F M I FINANCIAL CORP,50403.0,1973-05-31,1975-08-13,,1973,1975.0,,False,closed,wrds_classroom_sp500_changes,
FMIS,"FMIS, FRM",FMIS|FRM,FIRST MISSISSIPPI CORP,58296.0,1975-02-06,1995-10-20,,1975,1995.0,,False,closed,wrds_classroom_sp500_changes,
FMO,FMO,FMO,FEDERAL MOGUL BOWER BEARINGS INC; FEDERAL MOGUL CORP,21338.0,1964-01-23,1973-11-14,2004.0,1964,1973.0,,False,closed,wrds_classroom_sp500_changes,
FMTG,"FMIF, GACC, FMTG, FIM",FMIF|GACC|FMTG|FIM,GREAT AMERICAN COMMUNICATIONS CO; FIRST MORTGAGE INVS; F M I FINANCIAL CORP,50403.0,1973-05-31,1975-08-13,,1973,1975.0,,False,closed,wrds_classroom_sp500_changes,
FMY,"FMY, MEYR",FMY|MEYR,MEYER FRED INC DEL,76563.0,1998-07-10,1999-05-27,2005.0,1998,1999.0,,False,closed,wrds_classroom_sp500_changes,
FN,FN,FN,ST LOUIS SAN FRANCISCO RY CO,23130.0,1959-12-16,1980-12-10,2010.0,1959,1980.0,,False,closed,wrds_classroom_sp500_changes,
FNAC,"FNAC, STB, STRZ, FSR",FNAC|STB|STRZ|FSR,FIRST NATL BK CINCINNTI OHIO; FIRST NATL CINCINNATI CORP; STAR BANC CORP; FIRSTAR CORP NEW WIS,36127.0,1999-01-04,2001-02-26,,1999,2001.0,,False,closed,wrds_classroom_sp500_changes,
FNB,FNB,FNB,FIRST CHICAGO CORP,53858.0,1976-07-01,1995-11-30,1986.0,1976,1995.0,,False,closed,wrds_classroom_sp500_changes,
FNC,"FNC, CCI",FNC|CCI,CITICORP; FIRST NATIONAL CITY CORP,47079.0,1976-07-01,1998-10-07,,1976,1998.0,,False,closed,wrds_classroom_sp500_changes,
FNG,"FLT, INB, FNG, FBF",FLT|INB|FNG|FBF,FLEETBOSTON FINANCIAL CORP; INDUSTRIAL NATIONAL CORP; FLEET FINANCIAL GROUP INC NEW; INDUSTRIAL BANCORP; FLEET FINANCIAL GROUP INC; FLEET BOSTON CORP; FLEET NORSTAR FINANCIAL GRP INC,47159.0,1988-11-10,2004-03-31,2017.0,1988,2004.0,2019.0,False,closed,wrds_classroom_sp500_changes,
FNM,FNM,FNM,FEDERAL NATIONAL MORTGAGE ASSN,51043.0,1988-08-11,2008-09-10,,1988,2008.0,,False,closed,wrds_classroom_sp500_changes,
FNP,"LIZ, LIZC, FNP, KATE",LIZ|LIZC|FNP|KATE,LIZ CLAIBORNE INC; FIFTH & PACIFIC COMPANIES INC; KATE SPADE & CO,49905.0,1984-10-25,2008-12-01,,1984,2008.0,,False,closed,wrds_classroom_sp500_changes,
FNS,"FNS, FFB",FNS|FFB,FIRST FIDELITY BANCORP NEW; FIRST NATIONAL ST BANCORPORATION; FIRST FIDELITY BANCORPORATION,52505.0,1988-06-09,1995-12-29,,1988,1995.0,,False,closed,wrds_classroom_sp500_changes,
FO,"AMB, BEAM, AT, FO",AMB|BEAM|AT|FO,FORTUNE BRANDS INC; AMERICAN BRANDS INC; AMERICAN TOB CO; BEAM INC,10225.0,1925-12-31,2014-04-30,2001.0,1925,2014.0,2020.0,False,closed,wrds_classroom_sp500_changes,
FO,FO,FO,FLINTKOTE CO,20167.0,1957-03-01,1980-01-16,2001.0,1957,1980.0,2020.0,False,closed,wrds_classroom_sp500_changes,
FON,"FON, S, UT",FON|S|UT,UNITED UTILITIES INC; UNITED TELECOMMUNICATIONS INC; SPRINT CORP; SPRINT NEXTEL CORP,39087.0,1972-09-28,1983-11-30,2018.0,1972,1983.0,2018.0,False,closed,wrds_classroom_sp500_changes,
FON,"FON, S, UT",FON|S|UT,UNITED UTILITIES INC; UNITED TELECOMMUNICATIONS INC; SPRINT CORP; SPRINT NEXTEL CORP,39087.0,1989-07-27,2013-07-08,2018.0,1989,2013.0,2018.0,False,closed,wrds_classroom_sp500_changes,
FOR,"FOR, MCK",FOR|MCK,MCKESSON CORP; FOREMOST DAIRIES INC; FOREMOST MC KESSON INC,25646.0,1957-03-01,1967-07-12,2007.0,1957,1967.0,,False,closed,wrds_classroom_sp500_changes,
FOR,"FOR, MCK",FOR|MCK,MCKESSON CORP; FOREMOST DAIRIES INC; FOREMOST MC KESSON INC,25646.0,1988-02-11,1994-09-26,2007.0,1988,1994.0,,False,closed,wrds_classroom_sp500_changes,
FOSL,FOSL,FOSL,FOSSIL INC; FOSSIL GROUP INC,79089.0,2012-04-04,2016-01-04,1993.0,2012,2016.0,,False,closed,wrds_classroom_sp500_changes,
FOX,"FOX, AAV, NII",FOX|AAV|NII,AVATEX CORP; FOXMEYER HEALTH CORP; NATIONAL INTERGROUP INC,17278.0,1983-09-13,1994-09-26,2019.0,1983,1994.0,,False,closed,wrds_classroom_sp500_changes,
FOX,"TFCF, FOX, NWS",TFCF|FOX|NWS,TWENTY FIRST CENTURY FOX INC; NEWS CORP,90442.0,2015-09-21,2019-03-19,2019.0,2015,2019.0,,False,closed,wrds_classroom_sp500_changes,
FOX,FOX,FOX,Fox Corporation (Class B),18421.0,2019-03-19,,2019.0,2019,,,True,current,wrds_classroom_sp500_changes;wikipedia_current_sp500,current as of source; WRDS cutoff 2022-12-30
FOXA,"NWSA, FOXA, TFCFA, NWS",NWSA|FOXA|TFCFA|NWS,TWENTY FIRST CENTURY FOX INC; NEWS CORP,90441.0,2004-12-20,2019-03-19,2019.0,2004,2019.0,,False,closed,wrds_classroom_sp500_changes,
FOXA,FOXA,FOXA,Fox Corporation (Class A),18420.0,2019-03-19,,2019.0,2019,,,True,current,wrds_classroom_sp500_changes;wikipedia_current_sp500,current as of source; WRDS cutoff 2022-12-30
FPA,FPA,FPA,FIRST PENNSYLVANIA CORP,53903.0,1976-07-01,1987-04-22,2011.0,1976,1987.0,,False,closed,wrds_classroom_sp500_changes,
FPC,"FPC, FDP",FPC|FDP,FLORIDA PWR CORP; FLORIDA PROGRESS CORP,22496.0,1957-03-01,1976-06-30,2016.0,1957,1976.0,2022.0,False,closed,wrds_classroom_sp500_changes,
FPC,"FPC, FDP",FPC|FDP,FLORIDA PWR CORP; FLORIDA PROGRESS CORP,22496.0,1999-06-22,2000-11-30,2016.0,1999,2000.0,2022.0,False,closed,wrds_classroom_sp500_changes,
FPL,"FPL, NEE",FPL|NEE,NextEra Energy,24205.0,1976-06-30,,,1976,,,False,open_unknown_after_source_cutoff,wrds_classroom_sp500_changes;wikipedia_current_sp500,current as of source; WRDS cutoff 2022-12-30; historical alias; current ticker match is NEE; left date unknown after membership source cutoff
FPP,"FPP, FBD",FPP|FBD,FIBREBOARD PAPER PRODS CORP; PABCO PRODS INC; FIBREBOARD CORP; PARAFFINE COS INC,19879.0,1957-12-04,1978-07-19,,1957,1978.0,,False,closed,wrds_classroom_sp500_changes,
FRBC,"FRBC, FRC",FRBC|FRC,FIRST REPUBLIC BANK S F; FIRST REPUBLIC BANCORP INC,10623.0,1987-04-23,1988-04-13,,1987,1988.0,,False,closed,wrds_classroom_sp500_changes,
FRC,"FRBC, FRC",FRBC|FRC,FIRST REPUBLIC BANK S F; FIRST REPUBLIC BANCORP INC,10623.0,1987-04-23,1988-04-13,,1987,1988.0,,False,closed,wrds_classroom_sp500_changes,
FRC,FRC,FRC,FIRST REPUBLIC BANK S F NEW,12448.0,2019-01-02,2023-05-04,,2019,2023.0,,False,closed,wrds_classroom_sp500_changes,
FRE,FRE,FRE,FEDERAL HOME LOAN MORTGAGE CORP,75789.0,1992-01-02,2008-09-10,,1992,2008.0,,False,closed,wrds_classroom_sp500_changes,
FRM,"FMIS, FRM",FMIS|FRM,FIRST MISSISSIPPI CORP,58296.0,1975-02-06,1995-10-20,2017.0,1975,1995.0,2020.0,False,closed,wrds_classroom_sp500_changes,
FRO,"FRO, RTC",FRO|RTC,FRONTIER CORP; ROCHESTER TELEPHONE CORP,26737.0,1962-10-18,1976-06-30,2001.0,1962,1976.0,,False,closed,wrds_classroom_sp500_changes,
FRO,"FRO, RTC",FRO|RTC,FRONTIER CORP; ROCHESTER TELEPHONE CORP,26737.0,1997-01-02,1999-09-28,2001.0,1997,1999.0,,False,closed,wrds_classroom_sp500_changes,
FRRI,"BEN, FRRI",BEN|FRRI,Franklin Resources,37584.0,1998-04-29,,,1998,,,False,open_unknown_after_source_cutoff,wrds_classroom_sp500_changes;wikipedia_current_sp500,current as of source; WRDS cutoff 2022-12-30; historical alias; current ticker match is BEN; left date unknown after membership source cutoff
FRT,FRT,FRT,Federal Realty Investment Trust,58413.0,2016-02-01,,1973.0,2016,,,True,current,wrds_classroom_sp500_changes;wikipedia_current_sp500,current as of source; WRDS cutoff 2022-12-30
FRX,FRX,FRX,FOREST LABS INC,45241.0,2000-11-22,2014-06-30,,2000,2014.0,,False,closed,wrds_classroom_sp500_changes,
FSH,FSH,FSH,FISHER SCIENTIFIC INTL INC,77150.0,2004-08-03,2006-11-09,2007.0,2004,2006.0,2017.0,False,closed,wrds_classroom_sp500_changes,
FSL,FSL,FSL,FREESCALE SEMICONDUCTOR INC,90435.0,2004-12-03,2006-12-01,,2004,2006.0,,False,closed,wrds_classroom_sp500_changes,
FSLR,FSLR,FSLR,FIRST SOLAR INC,91611.0,2009-10-16,2017-03-17,2006.0,2009,2017.0,,False,closed,wrds_classroom_sp500_changes,
FSLR,FSLR,FSLR,First Solar,91611.0,2022-12-19,,2006.0,2022,,,True,current,wrds_classroom_sp500_changes;wikipedia_current_sp500,current as of source; WRDS cutoff 2022-12-30
FSR,"FNAC, STB, STRZ, FSR",FNAC|STB|STRZ|FSR,FIRST NATL BK CINCINNTI OHIO; FIRST NATL CINCINNATI CORP; STAR BANC CORP; FIRSTAR CORP NEW WIS,36127.0,1999-01-04,2001-02-26,,1999,2001.0,,False,closed,wrds_classroom_sp500_changes,
FST,FST,FST,FIRST NATIONAL STORES INC,11949.0,1957-03-01,1973-05-30,,1957,1973.0,,False,closed,wrds_classroom_sp500_changes,
FT,FT,FT,FREEPORT SULPHUR CO; FREEPORT MINERALS CO; FREEPORT TEX CO,11981.0,1957-03-01,1972-09-13,1988.0,1957,1972.0,,False,closed,wrds_classroom_sp500_changes,
FTEN,"FTEN, FHN, FTN",FTEN|FHN|FTN,FIRST TENNESSEE NATIONAL CORP; FIRST HORIZON CORP; FIRST HORIZON NATIONAL CORP,36397.0,2002-05-06,2013-06-21,,2002,2013.0,,False,closed,wrds_classroom_sp500_changes,
FTI,FTI,FTI,F M C TECHNOLOGIES INC,89004.0,2009-06-05,2017-01-13,2001.0,2009,2017.0,,False,closed,wrds_classroom_sp500_changes,
FTI,FTI,FTI,TECHNIPFMC PLC,16538.0,2017-01-17,2021-02-11,2001.0,2017,2021.0,,False,closed,wrds_classroom_sp500_changes,
FTL,FTL,FTL,FRUIT OF THE LOOM INC,71984.0,1995-05-30,1999-09-30,2010.0,1995,1999.0,2018.0,False,closed,wrds_classroom_sp500_changes,
FTN,"FTEN, FHN, FTN",FTEN|FHN|FTN,FIRST TENNESSEE NATIONAL CORP; FIRST HORIZON CORP; FIRST HORIZON NATIONAL CORP,36397.0,2002-05-06,2013-06-21,,2002,2013.0,,False,closed,wrds_classroom_sp500_changes,
FTNT,FTNT,FTNT,Fortinet,93132.0,2018-10-11,,2009.0,2018,,,True,current,wrds_classroom_sp500_changes;wikipedia_current_sp500,current as of source; WRDS cutoff 2022-12-30
FTR,FTR,FTR,FRUEHAUF TRAILER CO; FRUEHAUF CORP,21522.0,1957-03-01,1986-10-22,,1957,1986.0,,False,closed,wrds_classroom_sp500_changes,
FTR,"FTR, CITU, CZN",FTR|CITU|CZN,CITIZENS UTILITIES CO DEL; FRONTIER COMMUNICATIONS CORP; CITIZENS COMMUNICATIONS CO,23887.0,2001-02-27,2017-03-17,,2001,2017.0,,False,closed,wrds_classroom_sp500_changes,
FTU,"WB, CAMC, FUNC, FTU",WB|CAMC|FUNC|FTU,CAMERON FINANCIAL CORP; FIRST UNION CORP; WACHOVIA CORP 2ND NEW,36469.0,1989-02-09,2008-12-31,,1989,2008.0,,False,closed,wrds_classroom_sp500_changes,
FTV,FTV,FTV,Fortive,16087.0,2016-07-01,,2016.0,2016,,,True,current,wrds_classroom_sp500_changes;wikipedia_current_sp500,current as of source; WRDS cutoff 2022-12-30
FUNC,"WB, CAMC, FUNC, FTU",WB|CAMC|FUNC|FTU,CAMERON FINANCIAL CORP; FIRST UNION CORP; WACHOVIA CORP 2ND NEW,36469.0,1989-02-09,2008-12-31,1992.0,1989,2008.0,,False,closed,wrds_classroom_sp500_changes,
FW,"FW, COT",FW|COT,PENNSYLVANIA TEXAS CORP; FAIRBANKS WHITNEY CORP; COLT INDUSTRIES INC DE; PENNSYLVANIA COAL & COKE CORP,11332.0,1967-11-30,1970-04-22,2018.0,1967,1970.0,2018.0,False,closed,wrds_classroom_sp500_changes,
FW,"FW, COT",FW|COT,PENNSYLVANIA TEXAS CORP; FAIRBANKS WHITNEY CORP; COLT INDUSTRIES INC DE; PENNSYLVANIA COAL & COKE CORP,11332.0,1985-10-24,1988-06-08,2018.0,1985,1988.0,2018.0,False,closed,wrds_classroom_sp500_changes,
FW,"FW, WB",FW|WB,WACHOVIA CORP; FIRST WACHOVIA CORP; WACHOVIA CORP NEW,50200.0,1993-10-01,2001-08-31,2018.0,1993,2001.0,2018.0,False,closed,wrds_classroom_sp500_changes,
FWC,"FWLT, FWC",FWLT|FWC,FOSTER WHEELER CORP; FOSTER WHEELER LTD; FOSTER WHEELER AG,18112.0,1957-03-01,2000-01-28,2013.0,1957,2000.0,2017.0,False,closed,wrds_classroom_sp500_changes,
FWLT,"FWLT, FWC",FWLT|FWC,FOSTER WHEELER CORP; FOSTER WHEELER LTD; FOSTER WHEELER AG,18112.0,1957-03-01,2000-01-28,,1957,2000.0,,False,closed,wrds_classroom_sp500_changes,
G,"G, GS",G|GS,GILLETTE SAFETY RAZOR CO; GILLETTE CO,16424.0,1960-10-26,2005-09-30,2007.0,1960,2005.0,,False,closed,wrds_classroom_sp500_changes,
G,"G, DL, VVI",G|DL|VVI,GREYHOUND DIAL CORP; DIAL CORP DEL; DIAL CORP ARIZ; VIAD CORP; GREYHOUND CORP,19721.0,1989-08-24,1996-08-15,2007.0,1989,1996.0,,False,closed,wrds_classroom_sp500_changes,
GAC,GAC,GAC,GENERAL ACCEPTANCE CORP; G A C CORP,25515.0,1963-09-19,1976-01-14,2006.0,1963,1976.0,2017.0,False,closed,wrds_classroom_sp500_changes,
GACC,"FMIF, GACC, FMTG, FIM",FMIF|GACC|FMTG|FIM,GREAT AMERICAN COMMUNICATIONS CO; FIRST MORTGAGE INVS; F M I FINANCIAL CORP,50403.0,1973-05-31,1975-08-13,,1973,1975.0,,False,closed,wrds_classroom_sp500_changes,
GAF,GAF,GAF,G A F CORP; GENERAL ANILINE & FILM CORP,41953.0,1965-06-17,1975-02-05,,1965,1975.0,,False,closed,wrds_classroom_sp500_changes,
GAO,GAO,GAO,GENERAL AMERICAN OIL CO TX,26120.0,1963-01-17,1983-03-09,,1963,1983.0,,False,closed,wrds_classroom_sp500_changes,
GAP,GAP,GAP,GREAT ATLANTIC & PAC TEA INC,26657.0,1958-12-10,2000-08-29,1980.0,1958,2000.0,,False,closed,wrds_classroom_sp500_changes,
GAPS,"GPS, GAPS",GPS|GAPS,GAP STORES INC; GAP INC,59010.0,1986-08-21,2022-02-02,,1986,2022.0,,False,closed,wrds_classroom_sp500_changes,
GART,"GART, IT",GART|IT,Gartner,79698.0,2017-04-05,,,2017,,,False,open_unknown_after_source_cutoff,wrds_classroom_sp500_changes;wikipedia_current_sp500,current as of source; WRDS cutoff 2022-12-30; historical alias; current ticker match is IT; left date unknown after membership source cutoff
GAS,GAS,GAS,NORTHERN ILL GAS CO; NICOR INC,48274.0,1989-08-03,2011-12-12,,1989,2011.0,,False,closed,wrds_classroom_sp500_changes,
GAS,"AGLT, AGL, ATG, GAS",AGLT|AGL|ATG|GAS,A G L RESOURCES INC; ATLANTA GAS LIGHT CO,15553.0,2011-12-13,2016-06-30,,2011,2016.0,,False,closed,wrds_classroom_sp500_changes,
GATE,"GTW, GATE",GTW|GATE,GATEWAY 2000 INC; GATEWAY INC,79973.0,1998-04-27,2006-07-31,,1998,2006.0,,False,closed,wrds_classroom_sp500_changes,
GBG,"GBG, GH",GBG|GH,GENERAL BAKING CO; GENERAL HOST CORP,19174.0,1957-03-01,1971-08-18,,1957,1971.0,,False,closed,wrds_classroom_sp500_changes,
GBL,GBL,GBL,GOEBEL BREWING CO,19967.0,1957-03-01,1962-10-24,,1957,1962.0,,False,closed,wrds_classroom_sp500_changes,
GBLX,"GX, GBLX",GX|GBLX,GLOBAL CROSSING LTD,86326.0,1999-09-29,2001-10-09,2003.0,1999,2001.0,,False,closed,wrds_classroom_sp500_changes,
GCI,"TGNA, GCI",TGNA|GCI,GANNETT CO INC; TEGNA INC,47941.0,1975-12-11,2017-06-01,,1975,2017.0,,False,closed,wrds_classroom_sp500_changes,
GCN,"GCN, H",GCN|H,HARCOURT GENERAL INC; GENERAL CINEMA CORP,40838.0,1981-09-10,2001-06-27,1996.0,1981,2001.0,2018.0,False,closed,wrds_classroom_sp500_changes,
GCO,GCO,GCO,GENESCO INC; GENERAL SHOE CORP,21055.0,1957-03-01,1994-09-30,1973.0,1957,1994.0,,False,closed,wrds_classroom_sp500_changes,
GCR,"CUC, CBO, GCR",CUC|CBO|GCR,GENERAL CIGAR INC; CULBRO CORP,12044.0,1957-03-01,1970-06-24,,1957,1970.0,,False,closed,wrds_classroom_sp500_changes,
GD,GD,GD,General Dynamics,,1957-03-04,,1962.0,1957,,,True,current,wikipedia_current_sp500,
GDC,GDC,GDC,GARDNER DENVER CO,22007.0,1957-03-01,1979-05-02,2015.0,1957,1979.0,,False,closed,wrds_classroom_sp500_changes,
GDDY,GDDY,GDDY,GoDaddy,,2024-06-24,,2015.0,2024,,,True,current,wikipedia_selected_changes;wikipedia_current_sp500,Market capitalization change.[28]; current as of source; WRDS cutoff 2022-12-30
GDI,"GDI, IR",GDI|IR,Ingersoll Rand,16692.0,2020-03-03,,,2020,,,False,open_unknown_after_source_cutoff,wrds_classroom_sp500_changes;wikipedia_current_sp500,current as of source; WRDS cutoff 2022-12-30; historical alias; current ticker match is IR; left date unknown after membership source cutoff
GDT,GDT,GDT,GUIDANT CORP,81126.0,1996-12-19,2006-04-21,,1996,2006.0,,False,closed,wrds_classroom_sp500_changes,
GDV,"GDV, GDVI",GDV|GDVI,GENERAL DEVELOPMENT CORP; G D V INC,32141.0,1970-04-23,1978-10-04,2003.0,1970,1978.0,,False,closed,wrds_classroom_sp500_changes,
GDVI,"GDV, GDVI",GDV|GDVI,GENERAL DEVELOPMENT CORP; G D V INC,32141.0,1970-04-23,1978-10-04,,1970,1978.0,,False,closed,wrds_classroom_sp500_changes,
GDW,GDW,GDW,GOLDEN WEST FINANCIAL CORP,53479.0,1988-06-09,2006-09-29,2003.0,1988,2006.0,2016.0,False,closed,wrds_classroom_sp500_changes,
GE,GE,GE,GE Aerospace,,1957-03-04,,1962.0,1957,,,True,current,wikipedia_current_sp500,
GEB,GEB,GEB,GERBER PRODUCTS CO,25910.0,1960-12-28,1994-06-30,,1960,1994.0,,False,closed,wrds_classroom_sp500_changes,
GEHC,GEHC,GEHC,GE HealthCare,,2023-01-04,,2022.0,2023,,,True,current,wikipedia_selected_changes;wikipedia_current_sp500,S&P 500 constituent General Electric spun off GE HealthCare.[42]; current as of source; WRDS cutoff 2022-12-30
GEN,"GEN, GTE",GEN|GTE,G T E CORP; GENERAL TEL CORP; GENERAL TEL & ELECTRS CORP,21004.0,1957-03-01,2000-06-30,1989.0,1957,2000.0,,False,closed,wrds_classroom_sp500_changes,
GEN,"SYMC, NLOK, GEN",SYMC|NLOK|GEN,Gen Digital,75607.0,2003-03-25,,1989.0,2003,,,True,current,wrds_classroom_sp500_changes;wikipedia_current_sp500,current as of source; WRDS cutoff 2022-12-30
GENE,"GENE, GNE",GENE|GNE,GENENTECH INC,38280.0,1986-07-24,1990-06-07,,1986,1990.0,,False,closed,wrds_classroom_sp500_changes,
GENZ,GENZ,GENZ,GENZYME CORP,10324.0,2001-12-14,2011-04-01,2008.0,2001,2011.0,,False,closed,wrds_classroom_sp500_changes,
GET,GET,GET,PACIFIC WESTN OIL CORP; GETTY OIL CO,19414.0,1967-10-05,1984-02-29,,1967,1984.0,,False,closed,wrds_classroom_sp500_changes,
GEV,GEV,GEV,GE Vernova,,2024-04-02,,2024.0,2024,,,True,current,wikipedia_selected_changes;wikipedia_current_sp500,S&P 500 and 100 constituent General Electric Corp. spun off GE Vernova.[30]; current as of source; WRDS cutoff 2022-12-30
GF,GF,GF,POSTUM CEREAL CO INC DEL; POSTUM INC; GENERAL FOODS CORP,16109.0,1925-12-31,1985-11-06,1990.0,1925,1985.0,,False,closed,wrds_classroom_sp500_changes,
GFN,GFN,GFN,GENERAL FINANCIAL CORP,24504.0,1957-03-01,1968-07-30,,1957,1968.0,,False,closed,wrds_classroom_sp500_changes,
GFS,GFS,GFS,GIANT FOOD INC,32205.0,1987-08-06,1998-07-15,2021.0,1987,1998.0,,False,closed,wrds_classroom_sp500_changes,
GFW,"GW, GFW, PCI",GW|GFW|PCI,GULF & WESTERN INC; GULF & WESTERN INDS INC; PARAMOUNT COMMUNICATIONS INC,32475.0,1978-12-14,1993-11-22,,1978,1993.0,,False,closed,wrds_classroom_sp500_changes,
GG,GG,GG,GREEN GIANT CO,43609.0,1967-07-20,1979-02-07,,1967,1979.0,,False,closed,wrds_classroom_sp500_changes,
GGP,"BPR, GGP, BPYU",BPR|GGP|BPYU,GENERAL GROWTH PROPERTIES INC; G G P INC; GENERAL GROWTH PPTYS INC NEW; BROOKFIELD PROPERTY REIT INC,79129.0,2007-07-02,2008-11-12,,2007,2008.0,,False,closed,wrds_classroom_sp500_changes,
GGP,"BPR, GGP, BPYU",BPR|GGP|BPYU,GENERAL GROWTH PROPERTIES INC; G G P INC; GENERAL GROWTH PPTYS INC NEW; BROOKFIELD PROPERTY REIT INC,79129.0,2013-12-10,2018-08-27,,2013,2018.0,,False,closed,wrds_classroom_sp500_changes,
GH,"GBG, GH",GBG|GH,GENERAL BAKING CO; GENERAL HOST CORP,19174.0,1957-03-01,1971-08-18,2018.0,1957,1971.0,,False,closed,wrds_classroom_sp500_changes,
GHB,GHB,GHB,HEILEMAN G BREWING INC,56864.0,1973-06-21,1976-06-30,,1973,1976.0,,False,closed,wrds_classroom_sp500_changes,
GHB,GHB,GHB,HEILEMAN G BREWING INC,56864.0,1982-06-17,1987-12-30,,1982,1987.0,,False,closed,wrds_classroom_sp500_changes,
GHC,GHC,GHC,GALEN HEALTH CARE INC,79041.0,1993-03-08,1993-08-31,1973.0,1993,1993.0,,False,closed,wrds_classroom_sp500_changes,
GHC,"WPO, GHC",WPO|GHC,WASHINGTON POST CO; GRAHAM HOLDINGS CO,53225.0,2007-12-31,2014-09-19,1973.0,2007,2014.0,,False,closed,wrds_classroom_sp500_changes,
GI,"GI, GMBL",GI|GMBL,GIMBEL BROTHERS INC; GIMBEL BROS INC,12124.0,1957-03-01,1973-08-01,,1957,1973.0,,False,closed,wrds_classroom_sp500_changes,
GIC,"GIC, NLV",GIC|NLV,GENERAL INSTRUMENT CORP DEL; GENERAL INSTRUMENT CORP NEW; NEXTLEVEL SYSTEMS INC,77644.0,1996-04-01,2000-01-05,1995.0,1996,2000.0,,False,closed,wrds_classroom_sp500_changes,
GID,GID,GID,GIDDINGS & LEWIS INC,44505.0,1968-01-18,1982-08-11,2016.0,1968,1982.0,2016.0,False,closed,wrds_classroom_sp500_changes,
GIDL,GIDL,GIDL,GIDDINGS & LEWIS INC WIS,76070.0,1992-07-06,1997-07-16,,1992,1997.0,,False,closed,wrds_classroom_sp500_changes,
GILD,GILD,GILD,Gilead Sciences,77274.0,2004-07-01,,1992.0,2004,,,True,current,wrds_classroom_sp500_changes;wikipedia_current_sp500,current as of source; WRDS cutoff 2022-12-30
GIS,GIS,GIS,GENERAL MILLS INC,17144.0,1957-03-01,1963-03-13,1980.0,1957,1963.0,,False,closed,wrds_classroom_sp500_changes,
GIS,GIS,GIS,General Mills,17144.0,1957-03-04,,1980.0,1957,,,True,current,wrds_classroom_sp500_changes;wikipedia_current_sp500,current as of source; WRDS cutoff 2022-12-30
GK,GK,GK,G K TECHNOLOGIES INC; GENERAL CABLE CORP,16598.0,1957-03-01,1981-06-17,2021.0,1957,1981.0,,False,closed,wrds_classroom_sp500_changes,
GL,"TMK, LNH, GL",TMK|LNH|GL,Globe Life,62308.0,1989-04-27,,1980.0,1989,,,True,current,wrds_classroom_sp500_changes;wikipedia_current_sp500,current as of source; WRDS cutoff 2022-12-30
GLD,"GLD, GNB",GLD|GNB,GOULD INC; NATIONAL BATTERY CO; GOULD NATIONAL BATTERIES INC,22568.0,1969-08-07,1988-10-05,2004.0,1969,1988.0,,False,closed,wrds_classroom_sp500_changes,
GLD,GLD,GLD,SANTA FE PACIFIC GOLD CORP,80694.0,1994-10-03,1997-05-05,2004.0,1994,1997.0,,False,closed,wrds_classroom_sp500_changes,
GLK,GLK,GLK,GREAT LAKES CHEM CORP,32379.0,1991-11-25,2005-07-01,2004.0,1991,2005.0,2017.0,False,closed,wrds_classroom_sp500_changes,
GLM,GLM,GLM,GLOBAL MARINE INC,45428.0,1970-04-23,1986-01-29,,1970,1986.0,,False,closed,wrds_classroom_sp500_changes,
GLR,GLR,GLR,GROLIER INC,42075.0,1968-07-25,1975-12-10,2010.0,1968,1975.0,2019.0,False,closed,wrds_classroom_sp500_changes,
GLW,GLW,GLW,Corning Inc.,,1995-02-27,,1981.0,1995,,,True,current,wikipedia_current_sp500,
GM,GM,GM,GENERAL MOTORS CORP,12079.0,1925-12-31,2009-06-02,2010.0,1925,2009.0,,False,closed,wrds_classroom_sp500_changes,
GM,GM,GM,General Motors,12369.0,2013-06-06,,2010.0,2013,,,True,current,wrds_classroom_sp500_changes;wikipedia_current_sp500,current as of source; WRDS cutoff 2022-12-30
GMBL,"GI, GMBL",GI|GMBL,GIMBEL BROTHERS INC; GIMBEL BROS INC,12124.0,1957-03-01,1973-08-01,2017.0,1957,1973.0,,False,closed,wrds_classroom_sp500_changes,
GMCR,GMCR,GMCR,GREEN MOUNTAIN COFFEE ROASTERS I; GREEN MOUNTAIN COFFEE INC; KEURIG GREEN MOUNTAIN INC,79588.0,2014-03-24,2016-03-04,,2014,2016.0,,False,closed,wrds_classroom_sp500_changes,
GME,GME,GME,GAMESTOP CORP; GAMESTOP CORP NEW,89301.0,2007-12-14,2016-04-22,2002.0,2007,2016.0,,False,closed,wrds_classroom_sp500_changes,
GN,GN,GN,GREAT NORTHERN RAILWAY CO,12183.0,1925-12-31,1970-03-04,2011.0,1925,1970.0,2017.0,False,closed,wrds_classroom_sp500_changes,
GNB,"GLD, GNB",GLD|GNB,GOULD INC; NATIONAL BATTERY CO; GOULD NATIONAL BATTERIES INC,22568.0,1969-08-07,1988-10-05,,1969,1988.0,,False,closed,wrds_classroom_sp500_changes,
GNE,"GENE, GNE",GENE|GNE,GENENTECH INC,38280.0,1986-07-24,1990-06-07,2011.0,1986,1990.0,,False,closed,wrds_classroom_sp500_changes,
GNG,"MIR, GNG",MIR|GNG,MIRAGE RESORTS INC; GOLDEN NUGGET INC,60441.0,1997-08-07,2000-05-31,2000.0,1997,2000.0,2018.0,False,closed,wrds_classroom_sp500_changes,
GNN,GNN,GNN,GINN & CO,27916.0,1961-08-02,1968-05-22,,1961,1968.0,,False,closed,wrds_classroom_sp500_changes,
GNN,"GNN, GPP",GNN|GPP,GREAT NORTHERN PAPER CO; GREAT NORTHERN NEKOOSA CORP,25160.0,1985-02-07,1990-03-06,,1985,1990.0,,False,closed,wrds_classroom_sp500_changes,
GNO,GNO,GNO,GINOS INC,49920.0,1971-07-15,1982-03-03,,1971,1982.0,,False,closed,wrds_classroom_sp500_changes,
GNRC,GNRC,GNRC,Generac,93246.0,2021-03-22,,2010.0,2021,,,True,current,wrds_classroom_sp500_changes;wikipedia_current_sp500,current as of source; WRDS cutoff 2022-12-30
GNT,"GTAC, GNT",GTAC|GNT,GREEN TREE FINANCIAL CORP; GREEN TREE ACCEPTANCE INC,67571.0,1996-03-13,1998-06-30,2011.0,1996,1998.0,,False,closed,wrds_classroom_sp500_changes,
GNW,GNW,GNW,GENWORTH FINANCIAL INC,90162.0,2005-12-02,2015-11-17,2004.0,2005,2015.0,,False,closed,wrds_classroom_sp500_changes,
GO,GO,GO,GULF CORP; GULF OIL CORP,21768.0,1957-03-01,1984-06-20,2019.0,1957,1984.0,,False,closed,wrds_classroom_sp500_changes,
GOLD,"ABXFF, ABX, GOLD, BRCFF",ABXFF|ABX|GOLD|BRCFF,AMERICAN BARRICK RESOURCES CORP; BARRICK RESOURCES CORP; BARRICK GOLD CORP,71298.0,1993-11-15,2002-07-19,2014.0,1993,2002.0,,False,closed,wrds_classroom_sp500_changes,
GOOG,"GOOGL, GOOG",GOOGL|GOOG,Alphabet Inc. (Class C),90319.0,2006-04-03,,2004.0,2006,,,True,current,wrds_classroom_sp500_changes;wikipedia_current_sp500;wikipedia_current_sp500,current as of source; WRDS cutoff 2022-12-30
GOOG,GOOG,GOOG,Alphabet Inc. (Class C),14542.0,2014-04-03,,2004.0,2014,,,True,current,wrds_classroom_sp500_changes;wikipedia_current_sp500,current as of source; WRDS cutoff 2022-12-30
GOOGL,"GOOGL, GOOG",GOOGL|GOOG,Alphabet Inc. (Class C),90319.0,2006-04-03,,2004.0,2006,,,True,current,wrds_classroom_sp500_changes;wikipedia_current_sp500;wikipedia_current_sp500,current as of source; WRDS cutoff 2022-12-30
GOSHA,GOSHA,GOSHA,OSHKOSH B GOSH INC,90721.0,1986-01-23,1995-05-26,,1986,1995.0,,False,closed,wrds_classroom_sp500_changes,
GP,"GP, GXP",GP|GXP,GEORGIA PACIFIC PLYWOOD CO; GEORGIA PACIFIC CORP; GEORGIA PACIFIC PLYWD & LMBR CO,23915.0,1964-02-20,2005-12-19,2020.0,1964,2005.0,,False,closed,wrds_classroom_sp500_changes,
GPC,GPC,GPC,Genuine Parts Company,46674.0,1973-11-15,,1980.0,1973,,,True,current,wrds_classroom_sp500_changes;wikipedia_current_sp500,current as of source; WRDS cutoff 2022-12-30
GPN,GPN,GPN,Global Payments,88873.0,2016-04-25,,2001.0,2016,,,True,current,wrds_classroom_sp500_changes;wikipedia_current_sp500,current as of source; WRDS cutoff 2022-12-30
GPP,"GNN, GPP",GNN|GPP,GREAT NORTHERN PAPER CO; GREAT NORTHERN NEKOOSA CORP,25160.0,1985-02-07,1990-03-06,,1985,1990.0,,False,closed,wrds_classroom_sp500_changes,
GPS,"GPS, GAPS",GPS|GAPS,GAP STORES INC; GAP INC,59010.0,1986-08-21,2022-02-02,,1986,2022.0,,False,closed,wrds_classroom_sp500_changes,
GPT,GPT,GPT,GENERAL PORTLAND CEM CO; GENERAL PORTLAND INC; GENERAL PORTLAND CEMENT CO,23464.0,1957-03-01,1981-12-09,2024.0,1957,1981.0,,False,closed,wrds_classroom_sp500_changes,
GPU,"GUY, GPU",GUY|GPU,GENERAL PUBLIC UTILS CORP; G P U INC,22541.0,1957-03-01,1976-06-30,,1957,1976.0,,False,closed,wrds_classroom_sp500_changes,
GPU,"GUY, GPU",GUY|GPU,GENERAL PUBLIC UTILS CORP; G P U INC,22541.0,1995-02-09,2001-11-06,,1995,2001.0,,False,closed,wrds_classroom_sp500_changes,
GQ,GQ,GQ,GRUMMAN AIRCRAFT ENGR CORP; GRUMMAN CORP,21274.0,1967-04-27,1994-04-15,2016.0,1967,1994.0,2016.0,False,closed,wrds_classroom_sp500_changes,
GR,GR,GR,GOODRICH CORP; GOODRICH B F CO,12140.0,1957-03-01,2012-07-30,2001.0,1957,2012.0,2018.0,False,closed,wrds_classroom_sp500_changes,
GRA,GRA,GRA,GRACE W R & CO,25005.0,1957-03-01,1996-09-27,,1957,1996.0,,False,closed,wrds_classroom_sp500_changes,
GRA,GRA,GRA,GRACE W R & CO DEL,83988.0,1996-09-30,1998-03-31,,1996,1998.0,,False,closed,wrds_classroom_sp500_changes,
GRA,GRA,GRA,GRACE W R & CO DEL NEW,85908.0,1998-04-01,2000-12-08,,1998,2000.0,,False,closed,wrds_classroom_sp500_changes,
GRH,"MGM, GRH",MGM|GRH,METRO GOLDWYN MAYER INC; M G M GRAND HOTELS INC; LOEWS INC,13143.0,1961-10-25,1980-06-16,,1961,1980.0,,False,closed,wrds_classroom_sp500_changes,
GRL,GRL,GRL,GENERAL INSTRUMENT CORP,23253.0,1962-02-01,1974-10-16,,1962,1974.0,,False,closed,wrds_classroom_sp500_changes,
GRL,GRL,GRL,GENERAL INSTRUMENT CORP,23253.0,1982-10-21,1990-08-13,,1982,1990.0,,False,closed,wrds_classroom_sp500_changes,
GRMN,GRMN,GRMN,Garmin,88837.0,2012-12-12,,2000.0,2012,,,True,current,wrds_classroom_sp500_changes;wikipedia_current_sp500,current as of source; WRDS cutoff 2022-12-30
GRN,GRN,GRN,GENERAL RE CORP; GENERAL REINSURANCE CORP; GENERAL REINSURANCE CORP NY,62252.0,1988-04-14,1998-12-21,2019.0,1988,1998.0,,False,closed,wrds_classroom_sp500_changes,
GRS,"GRS, GSX",GRS|GSX,GENERAL SIGNAL CORP; GENERAL RY SIGNAL CO,12095.0,1957-03-01,1998-10-06,,1957,1998.0,,False,closed,wrds_classroom_sp500_changes,
GS,"G, GS",G|GS,GILLETTE SAFETY RAZOR CO; GILLETTE CO,16424.0,1960-10-26,2005-09-30,1999.0,1960,2005.0,,False,closed,wrds_classroom_sp500_changes,
GS,GS,GS,Goldman Sachs,86868.0,2002-07-22,,1999.0,2002,,,True,current,wrds_classroom_sp500_changes;wikipedia_current_sp500,current as of source; WRDS cutoff 2022-12-30
GSI,GSI,GSI,GENERAL STEEL INDUSTRIES INC; GENERAL STEEL CASTINGS CORP,25902.0,1965-01-07,1973-05-30,,1965,1973.0,,False,closed,wrds_classroom_sp500_changes,
GSK,GSK,GSK,GAMBLE SKOGMO INC,23800.0,1965-01-07,1976-12-08,1980.0,1965,1976.0,,False,closed,wrds_classroom_sp500_changes,
GSR,"GSR, SRR",GSR|SRR,STRIDE RITE CORP; GREEN SHOE MFG CO,27764.0,1989-12-18,1997-10-06,,1989,1997.0,,False,closed,wrds_classroom_sp500_changes,
GSW,GSW,GSW,GREAT WESTN SUGAR CO,12191.0,1957-03-01,1968-01-15,2008.0,1957,1968.0,2017.0,False,closed,wrds_classroom_sp500_changes,
GSX,"GRS, GSX",GRS|GSX,GENERAL SIGNAL CORP; GENERAL RY SIGNAL CO,12095.0,1957-03-01,1998-10-06,2025.0,1957,1998.0,,False,closed,wrds_classroom_sp500_changes,
GT,GT,GT,GOODYEAR TIRE & RUBBER CO,16432.0,1925-12-31,2019-02-26,1962.0,1925,2019.0,,False,closed,wrds_classroom_sp500_changes,
GTAC,"GTAC, GNT",GTAC|GNT,GREEN TREE FINANCIAL CORP; GREEN TREE ACCEPTANCE INC,67571.0,1996-03-13,1998-06-30,,1996,1998.0,,False,closed,wrds_classroom_sp500_changes,
GTE,"GEN, GTE",GEN|GTE,G T E CORP; GENERAL TEL CORP; GENERAL TEL & ELECTRS CORP,21004.0,1957-03-01,2000-06-30,2005.0,1957,2000.0,,False,closed,wrds_classroom_sp500_changes,
GTW,"GTW, GATE",GTW|GATE,GATEWAY 2000 INC; GATEWAY INC,79973.0,1998-04-27,2006-07-31,,1998,2006.0,,False,closed,wrds_classroom_sp500_changes,
GTX,GTX,GTX,GARRETT MOTION INC,18065.0,2018-10-01,2018-10-01,2018.0,2018,2018.0,,False,closed,wrds_classroom_sp500_changes,
GTY,GTY,GTY,GRANT W T CO,16969.0,1957-03-01,1975-10-15,1973.0,1957,1975.0,,False,closed,wrds_classroom_sp500_changes,
GUX,GUX,GUX,GRAND UNION CO; JONES BROTHERS TEA CO,12167.0,1957-03-01,1975-12-10,,1957,1975.0,,False,closed,wrds_classroom_sp500_changes,
GUY,"GUY, GPU",GUY|GPU,GENERAL PUBLIC UTILS CORP; G P U INC,22541.0,1957-03-01,1976-06-30,,1957,1976.0,,False,closed,wrds_classroom_sp500_changes,
GUY,"GUY, GPU",GUY|GPU,GENERAL PUBLIC UTILS CORP; G P U INC,22541.0,1995-02-09,2001-11-06,,1995,2001.0,,False,closed,wrds_classroom_sp500_changes,
GW,"GW, GFW, PCI",GW|GFW|PCI,GULF & WESTERN INC; GULF & WESTERN INDS INC; PARAMOUNT COMMUNICATIONS INC,32475.0,1978-12-14,1993-11-22,,1978,1993.0,,False,closed,wrds_classroom_sp500_changes,
GWF,GWF,GWF,GREAT WESTERN FINANCIAL CORP,27115.0,1965-06-17,1997-07-01,,1965,1997.0,,False,closed,wrds_classroom_sp500_changes,
GWO,"GWO, MMO",GWO|MMO,MONARCH MACHINE TOOL CO; GENESIS WORLDWIDE INC,22023.0,1957-03-01,1992-07-02,,1957,1992.0,,False,closed,wrds_classroom_sp500_changes,
GWU,GWU,GWU,GREAT WESTERN UNITED CORP,45620.0,1968-01-16,1978-03-01,,1968,1978.0,,False,closed,wrds_classroom_sp500_changes,
GWW,GWW,GWW,W. W. Grainger,52695.0,1981-05-14,,1973.0,1981,,,True,current,wrds_classroom_sp500_changes;wikipedia_current_sp500,current as of source; WRDS cutoff 2022-12-30
GX,"GX, GBLX",GX|GBLX,GLOBAL CROSSING LTD,86326.0,1999-09-29,2001-10-09,,1999,2001.0,,False,closed,wrds_classroom_sp500_changes,
GXP,"GP, GXP",GP|GXP,GEORGIA PACIFIC PLYWOOD CO; GEORGIA PACIFIC CORP; GEORGIA PACIFIC PLYWD & LMBR CO,23915.0,1964-02-20,2005-12-19,1972.0,1964,2005.0,2018.0,False,closed,wrds_classroom_sp500_changes,
H,"GCN, H",GCN|H,HARCOURT GENERAL INC; GENERAL CINEMA CORP,40838.0,1981-09-10,2001-06-27,2009.0,1981,2001.0,,False,closed,wrds_classroom_sp500_changes,
H,H,H,REALOGY CORP,91388.0,2006-08-01,2007-04-09,2009.0,2006,2007.0,,False,closed,wrds_classroom_sp500_changes,
HAL,HAL,HAL,Halliburton,,1957-03-04,,1972.0,1957,,,True,current,wikipedia_current_sp500,
HANS,"UNIP, FIST, HANS, MNST, COVI",UNIP|FIST|HANS|MNST|COVI,Monster Beverage,88031.0,2012-06-28,,,2012,,,False,open_unknown_after_source_cutoff,wrds_classroom_sp500_changes;wikipedia_current_sp500,current as of source; WRDS cutoff 2022-12-30; historical alias; current ticker match is MNST; left date unknown after membership source cutoff
HAR,"MMA, HAR",MMA|HAR,HARVEY ALUM INC; MARTIN MARIETTA ALUM INC,28089.0,1968-04-04,1970-04-22,2013.0,1968,1970.0,2022.0,False,closed,wrds_classroom_sp500_changes,
HAR,"HAR, HIII",HAR|HIII,HARMAN INTL INDS INC NEW,75224.0,2006-02-01,2017-03-15,2013.0,2006,2017.0,2022.0,False,closed,wrds_classroom_sp500_changes,
HAS,HAS,HAS,Hasbro,52978.0,1984-09-13,,1980.0,1984,,,True,current,wrds_classroom_sp500_changes;wikipedia_current_sp500,current as of source; WRDS cutoff 2022-12-30
HBAN,HBAN,HBAN,Huntington Bancshares,42906.0,1997-08-06,,1980.0,1997,,,True,current,wrds_classroom_sp500_changes;wikipedia_current_sp500,current as of source; WRDS cutoff 2022-12-30
HBI,HBI,HBI,HANESBRANDS INC,91416.0,2015-03-23,2021-12-17,,2015,2021.0,,False,closed,wrds_classroom_sp500_changes,
HBJ,"HBW, HBJ",HBW|HBJ,HARCOURT BRACE & WORLD INC; HARCOURT BRACE JOVANOVICH INC,27924.0,1968-05-23,1991-11-22,,1968,1991.0,,False,closed,wrds_classroom_sp500_changes,
HBL,HBL,HBL,HEUBLEIN INC,38324.0,1970-03-19,1982-10-13,,1970,1982.0,,False,closed,wrds_classroom_sp500_changes,
HBOC,HBOC,HBOC,H B O & CO,40484.0,1997-10-23,1999-01-12,,1997,1999.0,,False,closed,wrds_classroom_sp500_changes,
HBW,"HBW, HBJ",HBW|HBJ,HARCOURT BRACE & WORLD INC; HARCOURT BRACE JOVANOVICH INC,27924.0,1968-05-23,1991-11-22,2016.0,1968,1991.0,2018.0,False,closed,wrds_classroom_sp500_changes,
HBX,"HBX, HWC",HBX|HWC,HOERNER BOXES INC; HOERNER WALDORF CORP,41160.0,1970-10-29,1977-03-02,,1970,1977.0,,False,closed,wrds_classroom_sp500_changes,
HC,HC,HC,HELENE CURTIS INDS INC,27879.0,1967-05-18,1973-02-28,,1967,1973.0,,False,closed,wrds_classroom_sp500_changes,
HCA,"SIH, HCA, SNSTA, SNSTZ",SIH|HCA|SNSTA|SNSTZ,HOTEL CORP AMER; SONESTA INTERNATIONAL HOTELS CP; CHILDS CO,14461.0,1970-04-23,1976-12-08,2011.0,1970,1976.0,,False,closed,wrds_classroom_sp500_changes,
HCA,"HCA, HSP",HCA|HSP,HOSPITAL CORP AMERICA,51561.0,1979-02-08,1989-03-15,2011.0,1979,1989.0,,False,closed,wrds_classroom_sp500_changes,
HCA,"HCA, CHOS, COL",HCA|CHOS|COL,H C A INC NEW; COLUMBIA HOSPITAL CORP; COLUMBIA HCA HEALTHCARE CORP; H C A HEALTHCARE CO; COLUMBIA HEALTHCARE CORP,76171.0,1993-09-01,2006-11-17,2011.0,1993,2006.0,,False,closed,wrds_classroom_sp500_changes,
HCA,HCA,HCA,HCA Healthcare,12622.0,2015-01-27,,2011.0,2015,,,True,current,wrds_classroom_sp500_changes;wikipedia_current_sp500,current as of source; WRDS cutoff 2022-12-30
HCBK,HCBK,HCBK,HUDSON CITY BANCORP INC,87070.0,2007-02-15,2015-11-02,,2007,2015.0,,False,closed,wrds_classroom_sp500_changes,
HCFDS,"HCN, HCFDS",HCN|HCFDS,WELLTOWER INC; HEALTH CARE REIT INC; HEALTH CARE FUND,65947.0,2009-01-30,,,2009,,,False,open_unknown_after_source_cutoff,wrds_classroom_sp500_changes,left date unknown after membership source cutoff
HCN,"HCN, HCFDS",HCN|HCFDS,WELLTOWER INC; HEALTH CARE REIT INC; HEALTH CARE FUND,65947.0,2009-01-30,,,2009,,,False,open_unknown_after_source_cutoff,wrds_classroom_sp500_changes,left date unknown after membership source cutoff
HCP,"PEAK, HCP",PEAK|HCP,HEALTHPEAK PROPERTIES INC; H C P INC; HEALTH CARE PPTY INVS INC,67598.0,2008-03-31,,,2008,,,False,open_unknown_after_source_cutoff,wrds_classroom_sp500_changes,left date unknown after membership source cutoff
HCR,HCR,HCR,H C R MANOR CARE INC; MANOR CARE INC NEW; HEALTH CARE & RETRMENT CORP DEL,77063.0,1998-09-28,2007-11-08,,1998,2007.0,,False,closed,wrds_classroom_sp500_changes,
HD,HD,HD,HUDSON BAY MNG & SMLT LTD,20896.0,1957-08-21,1983-07-06,1981.0,1957,1983.0,,False,closed,wrds_classroom_sp500_changes,
HD,"HD, HOMD",HD|HOMD,Home Depot (The),66181.0,1988-03-03,,1981.0,1988,,,True,current,wrds_classroom_sp500_changes;wikipedia_current_sp500,current as of source; WRDS cutoff 2022-12-30
HDI,"HDI, HOG",HDI|HOG,HARLEY DAVIDSON INC,70033.0,2000-01-31,2020-06-19,,2000,2020.0,,False,closed,wrds_classroom_sp500_changes,
HDL,HDL,HDL,HANDLEMAN CO,39765.0,1973-03-01,1996-03-07,2024.0,1973,1996.0,,False,closed,wrds_classroom_sp500_changes,
HES,"AHC, HES",AHC|HES,HESS OIL & CHEM CORP; AMERADA HESS CORP; HESS CORP,28484.0,1957-03-01,1976-06-30,,1957,1976.0,,False,closed,wrds_classroom_sp500_changes,
HES,"AHC, HES",AHC|HES,HESS OIL & CHEM CORP; AMERADA HESS CORP; HESS CORP,28484.0,1984-05-17,2025-07-23,,1984,2025.0,,False,closed,wrds_classroom_sp500_changes,
HET,"PRI, HET",PRI|HET,HARRAHS ENTERTAINMENT INC; PROMUS COMPANIES INC,76090.0,1990-02-08,2008-01-28,2007.0,1990,2008.0,2020.0,False,closed,wrds_classroom_sp500_changes,
HEW,HEW,HEW,HEWITT ROBINS INC; HEWITT RUBR CORP,22365.0,1963-10-31,1965-03-03,,1963,1965.0,,False,closed,wrds_classroom_sp500_changes,
HFC,"HI, HFC",HI|HFC,HOUSEHOLD FINANCE CORP; HOUSEHOLD INTERNATIONAL INC,20124.0,1957-03-01,2003-03-28,,1957,2003.0,,False,closed,wrds_classroom_sp500_changes,
HFC,"HFC, HOC, DINO",HFC|HOC|DINO,H F SINCLAIR CORP; HOLLY CORP; HOLLYFRONTIER CORP,32803.0,2018-06-18,2021-06-03,,2018,2021.0,,False,closed,wrds_classroom_sp500_changes,
HFG,"HFG, ACR",HFG|ACR,HOME FIN GROUP INC; AMERICAN CREDIT CORP,28994.0,1968-08-22,1970-06-24,2016.0,1968,1970.0,2018.0,False,closed,wrds_classroom_sp500_changes,
HFS,HFS,HFS,HOSPITALITY FRANCHISE SYS INC; H F S INC,78788.0,1996-08-16,1997-12-17,,1996,1997.0,,False,closed,wrds_classroom_sp500_changes,
HH,HH,HH,HOUDAILLE HERSHEY CORP; HOUDAILLE INDUSTRIES INC,17742.0,1957-03-01,1960-02-24,,1957,1960.0,,False,closed,wrds_classroom_sp500_changes,
HI,"HRS, LHX, HI",HRS|LHX|HI,L3HARRIS TECHNOLOGIES INC; HARRIS CORP; HARRIS SEYBOLD CO; HARRIS INTERTYPE CORP,25582.0,1957-03-01,1963-03-13,,1957,1963.0,,False,closed,wrds_classroom_sp500_changes,
HI,"HI, HFC",HI|HFC,HOUSEHOLD FINANCE CORP; HOUSEHOLD INTERNATIONAL INC,20124.0,1957-03-01,2003-03-28,,1957,2003.0,,False,closed,wrds_classroom_sp500_changes,
HI,"HRS, LHX, HI",HRS|LHX|HI,L3HARRIS TECHNOLOGIES INC; HARRIS CORP; HARRIS SEYBOLD CO; HARRIS INTERTYPE CORP,25582.0,1980-06-26,1999-11-05,,1980,1999.0,,False,closed,wrds_classroom_sp500_changes,
HI,"HRS, LHX, HI",HRS|LHX|HI,L3Harris,25582.0,2008-09-22,,,2008,,,False,open_unknown_after_source_cutoff,wrds_classroom_sp500_changes;wikipedia_current_sp500,current as of source; WRDS cutoff 2022-12-30; historical alias; current ticker match is LHX; left date unknown after membership source cutoff
HIA,HIA,HIA,HOLIDAY INNS INC; HOLIDAY INNS AMER INC; HOLIDAY CORP,39669.0,1970-04-23,1990-02-07,,1970,1990.0,,False,closed,wrds_classroom_sp500_changes,
HIG,HIG,HIG,Hartford (The),82775.0,1957-03-04,,1995.0,1957,,,True,current,wrds_classroom_sp500_changes;wikipedia_current_sp500,current as of source; WRDS cutoff 2022-12-30
HII,HII,HII,Huntington Ingalls Industries,12623.0,2018-01-03,,2011.0,2018,,,True,current,wrds_classroom_sp500_changes;wikipedia_current_sp500,current as of source; WRDS cutoff 2022-12-30
HIII,"HAR, HIII",HAR|HIII,HARMAN INTL INDS INC NEW,75224.0,2006-02-01,2017-03-15,,2006,2017.0,,False,closed,wrds_classroom_sp500_changes,
HIR,HIR,HIR,WALKER HIRAM GOODERHAM & WORTS,19940.0,1957-03-01,1980-04-09,,1957,1980.0,,False,closed,wrds_classroom_sp500_changes,
HJ,HJ,HJ,HOWARD JOHNSON CO,38455.0,1970-06-25,1980-06-25,,1970,1980.0,,False,closed,wrds_classroom_sp500_changes,
HKR,HKR,HKR,HOOKER ELECTROCHEMICAL CORP; HOOKER CHEMICAL CORP,23480.0,1968-01-04,1968-07-30,,1968,1968.0,,False,closed,wrds_classroom_sp500_changes,
HLN,HLN,HLN,HOLLAND FURNACE CO,17056.0,1957-03-01,1963-01-16,2022.0,1957,1963.0,,False,closed,wrds_classroom_sp500_changes,
HLR,"HLR, AFN",HLR|AFN,HELLER WALTER E INTL CORP; AMERIFIN CORP; HELLER WALTER E & CO,25873.0,1965-11-04,1984-10-24,,1965,1984.0,,False,closed,wrds_classroom_sp500_changes,
HLS,"EHC, HLS, HSRC, HRC",EHC|HLS|HSRC|HRC,HEALTHSOUTH REHABILITATION CORP; HEALTHSOUTH CORP; ENCOMPASS HEALTH CORP,10693.0,1997-01-07,2003-03-20,,1997,2003.0,,False,closed,wrds_classroom_sp500_changes,
HLT,HLT,HLT,HILTON HOTELS CORP,23309.0,1970-04-23,2007-10-24,2013.0,1970,2007.0,,False,closed,wrds_classroom_sp500_changes,
HLT,HLT,HLT,Hilton Worldwide,14338.0,2017-06-19,,2013.0,2017,,,True,current,wrds_classroom_sp500_changes;wikipedia_current_sp500,current as of source; WRDS cutoff 2022-12-30
HLY,"HLY, HLYS",HLY|HLYS,HOLLY SUGAR CORP,19887.0,1957-03-01,1982-10-06,2014.0,1957,1982.0,2018.0,False,closed,wrds_classroom_sp500_changes,
HLYS,"HLY, HLYS",HLY|HLYS,HOLLY SUGAR CORP,19887.0,1957-03-01,1982-10-06,2006.0,1957,1982.0,2013.0,False,closed,wrds_classroom_sp500_changes,
HM,HM,HM,HOMESTAKE MINING CO,12319.0,1957-03-01,2001-12-14,2012.0,1957,2001.0,2018.0,False,closed,wrds_classroom_sp500_changes,
HMA,"HMA, HMAIA",HMA|HMAIA,HEALTH MANAGEMENT ASSOCIATES INC,76565.0,2001-11-07,2007-03-01,,2001,2007.0,,False,closed,wrds_classroom_sp500_changes,
HMAIA,"HMA, HMAIA",HMA|HMAIA,HEALTH MANAGEMENT ASSOCIATES INC,76565.0,2001-11-07,2007-03-01,,2001,2007.0,,False,closed,wrds_classroom_sp500_changes,
HMT,"MHS, HST, HMT",MHS|HST|HMT,MARRIOTT CORP; HOST HOTELS & RESORTS INC; HOST MARRIOTT CORP; HOST MARRIOTT CORP NEW,46703.0,1970-06-25,1993-10-11,,1970,1993.0,,False,closed,wrds_classroom_sp500_changes,
HMT,"MHS, HST, HMT",MHS|HST|HMT,Host Hotels & Resorts,46703.0,2007-03-20,,,2007,,,False,open_unknown_after_source_cutoff,wrds_classroom_sp500_changes;wikipedia_current_sp500,current as of source; WRDS cutoff 2022-12-30; historical alias; current ticker match is HST; left date unknown after membership source cutoff
HMX,"HSM, HMX",HSM|HMX,HART SCHAFFNER & MARX; HARTMARX CORP,22250.0,1979-05-03,1995-05-26,,1979,1995.0,,False,closed,wrds_classroom_sp500_changes,
HNAT,"HNAT, SHNA, SNC",HNAT|SHNA|SNC,HARTFORD NATIONAL CORP; SHAWMUT NATIONAL CORP,41081.0,1989-06-01,1995-11-30,,1989,1995.0,,False,closed,wrds_classroom_sp500_changes,
HNG,HNG,HNG,HOUSTON NATURAL GAS CORP,46391.0,1972-09-28,1976-06-30,,1972,1976.0,,False,closed,wrds_classroom_sp500_changes,
HNG,HNG,HNG,HOUSTON NATURAL GAS CORP,46391.0,1983-10-20,1985-07-24,,1983,1985.0,,False,closed,wrds_classroom_sp500_changes,
HNS,HNS,HNS,HANES CORP,43203.0,1968-08-08,1979-02-07,,1968,1979.0,,False,closed,wrds_classroom_sp500_changes,
HNZ,HNZ,HNZ,HEINZ H J CO,23077.0,1957-03-01,2013-06-06,,1957,2013.0,,False,closed,wrds_classroom_sp500_changes,
HOB,HOB,HOB,HOBART MFG CO; HOBART CORP,41478.0,1976-05-06,1981-04-01,,1976,1981.0,,False,closed,wrds_classroom_sp500_changes,
HOC,"HFC, HOC, DINO",HFC|HOC|DINO,H F SINCLAIR CORP; HOLLY CORP; HOLLYFRONTIER CORP,32803.0,2018-06-18,2021-06-03,1996.0,2018,2021.0,2018.0,False,closed,wrds_classroom_sp500_changes,
HOG,"HDI, HOG",HDI|HOG,HARLEY DAVIDSON INC,70033.0,2000-01-31,2020-06-19,1986.0,2000,2020.0,,False,closed,wrds_classroom_sp500_changes,
HOI,HOI,HOI,HOUSTON OIL & MINERALS CORP,55685.0,1978-04-13,1981-05-13,2010.0,1978,1981.0,2012.0,False,closed,wrds_classroom_sp500_changes,
HOLX,HOLX,HOLX,HOLOGIC INC,76095.0,2016-03-30,2026-04-09,1990.0,2016,2026.0,,False,closed,wrds_classroom_sp500_changes,
HOMD,"HD, HOMD",HD|HOMD,Home Depot (The),66181.0,1988-03-03,,,1988,,,False,open_unknown_after_source_cutoff,wrds_classroom_sp500_changes;wikipedia_current_sp500,current as of source; WRDS cutoff 2022-12-30; historical alias; current ticker match is HD; left date unknown after membership source cutoff
HON,HON,HON,Honeywell,,1957-03-04,,1962.0,1957,,,True,current,wikipedia_current_sp500,
HON,"MHW, HON",MHW|HON,MINNEAPOLIS HONEYWELL REGULATOR; HONEYWELL INC,18374.0,1958-01-02,1999-12-01,1962.0,1958,1999.0,,False,closed,wrds_classroom_sp500_changes,
HOOD,HOOD,HOOD,Robinhood Markets,,2025-09-22,,2021.0,2025,,,True,current,wikipedia_selected_changes;wikipedia_current_sp500,Market capitalization change.[16]; current as of source; WRDS cutoff 2022-12-30
HOT,HOT,HOT,HOTEL INVESTORS TRUST; STARWOOD LODGING TRUST; STARWOOD HOTELS & RESORTS TRUST; STARWOOD HOTELS & REST WLDWD INC,54690.0,2000-11-17,2006-04-07,2015.0,2000,2006.0,2017.0,False,closed,wrds_classroom_sp500_changes,
HOT,HOT,HOT,STARWOOD HOTELS & REST WLDWD INC,91207.0,2006-04-10,2016-09-22,2015.0,2006,2016.0,2017.0,False,closed,wrds_classroom_sp500_changes,
HOU,"CNP, REI, HOU",CNP|REI|HOU,CenterPoint Energy,21792.0,1985-07-25,,2007.0,1985,,2017.0,False,open_unknown_after_source_cutoff,wrds_classroom_sp500_changes;wikipedia_current_sp500,current as of source; WRDS cutoff 2022-12-30; historical alias; current ticker match is CNP; left date unknown after membership source cutoff
HP,HP,HP,HELMERICH & PAYNE INC,32707.0,1988-02-11,1999-12-30,1980.0,1988,1999.0,,False,closed,wrds_classroom_sp500_changes,
HP,HP,HP,HELMERICH & PAYNE INC,32707.0,2010-03-01,2020-05-21,1980.0,2010,2020.0,,False,closed,wrds_classroom_sp500_changes,
HPC,HPC,HPC,HERCULES POWDER CO; HERCULES INC,18016.0,1957-03-01,2008-11-13,2007.0,1957,2008.0,2017.0,False,closed,wrds_classroom_sp500_changes,
HPE,HPE,HPE,Hewlett Packard Enterprise,15707.0,2015-11-02,,2015.0,2015,,,True,current,wrds_classroom_sp500_changes;wikipedia_current_sp500,current as of source; WRDS cutoff 2022-12-30
HPG,HPG,HPG,HALL W F PRINTING CO,18585.0,1957-03-01,1960-12-14,,1957,1960.0,,False,closed,wrds_classroom_sp500_changes,
HPH,"HPH, HRC",HPH|HRC,HARNISCHFEGER INDUSTRIES INC; HARNISCHFEGER CORP,32563.0,1989-09-21,1999-06-08,,1989,1999.0,,False,closed,wrds_classroom_sp500_changes,
HPQ,"HPQ, HWP",HPQ|HWP,H P INC; HEWLETT PACKARD CO,27828.0,1974-10-17,,1962.0,1974,,,False,open_unknown_after_source_cutoff,wrds_classroom_sp500_changes,left date unknown after membership source cutoff
HPQ,HPQ,HPQ,HP Inc.,,1974-12-31,,1962.0,1974,,,True,current,wikipedia_current_sp500,
HPT,"AHP, WYE, HPT",AHP|WYE|HPT,AMERICAN HOME PRODUCTS CORP; WYETH,15667.0,1957-03-01,2009-10-15,,1957,2009.0,,False,closed,wrds_classroom_sp500_changes,
HR,"HR, NAV",HR|NAV,INTERNATIONAL HARVESTER CO; NAVISTAR INTERNATIONAL CORP,12503.0,1925-12-31,2006-12-19,1993.0,1925,2006.0,,False,closed,wrds_classroom_sp500_changes,
HRB,HRB,HRB,BLOCK H & R INC,49373.0,1986-11-28,2020-09-18,1973.0,1986,2020.0,,False,closed,wrds_classroom_sp500_changes,
HRC,"HPH, HRC",HPH|HRC,HARNISCHFEGER INDUSTRIES INC; HARNISCHFEGER CORP,32563.0,1989-09-21,1999-06-08,,1989,1999.0,,False,closed,wrds_classroom_sp500_changes,
HRC,"EHC, HLS, HSRC, HRC",EHC|HLS|HSRC|HRC,HEALTHSOUTH REHABILITATION CORP; HEALTHSOUTH CORP; ENCOMPASS HEALTH CORP,10693.0,1997-01-07,2003-03-20,,1997,2003.0,,False,closed,wrds_classroom_sp500_changes,
HRL,HRL,HRL,Hormel Foods,32870.0,2009-03-04,,1980.0,2009,,,True,current,wrds_classroom_sp500_changes;wikipedia_current_sp500,current as of source; WRDS cutoff 2022-12-30
HRS,"HRS, LHX, HI",HRS|LHX|HI,L3HARRIS TECHNOLOGIES INC; HARRIS CORP; HARRIS SEYBOLD CO; HARRIS INTERTYPE CORP,25582.0,1957-03-01,1963-03-13,,1957,1963.0,,False,closed,wrds_classroom_sp500_changes,
HRS,"HRS, LHX, HI",HRS|LHX|HI,L3HARRIS TECHNOLOGIES INC; HARRIS CORP; HARRIS SEYBOLD CO; HARRIS INTERTYPE CORP,25582.0,1980-06-26,1999-11-05,,1980,1999.0,,False,closed,wrds_classroom_sp500_changes,
HRS,"HRS, LHX, HI",HRS|LHX|HI,L3Harris,25582.0,2008-09-22,,,2008,,,False,open_unknown_after_source_cutoff,wrds_classroom_sp500_changes;wikipedia_current_sp500,current as of source; WRDS cutoff 2022-12-30; historical alias; current ticker match is LHX; left date unknown after membership source cutoff
HRW,HRW,HRW,HOLT RINEHART & WINSTON INC,27537.0,1960-12-14,1967-07-26,,1960,1967.0,,False,closed,wrds_classroom_sp500_changes,
HS,"HS, DTV",HS|DTV,DIRECTV GROUP INC; DIRECTV; HUGHES ELECTRONICS CORP,89954.0,2006-12-04,2015-07-28,2015.0,2006,2015.0,2018.0,False,closed,wrds_classroom_sp500_changes,
HSH,"CFD, HSH, SLE",CFD|HSH|SLE,CONSOLIDATED GROCERS CORP; CONSOLIDATED FOODS CORP; HILLSHIRE BRANDS CO; SARA LEE CORP,22840.0,1981-09-10,2012-06-28,,1981,2012.0,,False,closed,wrds_classroom_sp500_changes,
HSIC,HSIC,HSIC,Henry Schein,82581.0,2015-03-17,,1995.0,2015,,,True,current,wrds_classroom_sp500_changes;wikipedia_current_sp500,current as of source; WRDS cutoff 2022-12-30
HSL,"PBD, HSL",PBD|HSL,PEABODY GALION CORP; HERCULES GALION PRODS INC; PEABODY INTERNATIONAL CORP,35166.0,1975-08-14,1985-10-23,2018.0,1975,1985.0,2022.0,False,closed,wrds_classroom_sp500_changes,
HSM,"HSM, HMX",HSM|HMX,HART SCHAFFNER & MARX; HARTMARX CORP,22250.0,1979-05-03,1995-05-26,,1979,1995.0,,False,closed,wrds_classroom_sp500_changes,
HSNI,"SKTV, USAI, HSNI, IAC, IACI",SKTV|USAI|HSNI|IAC|IACI,IAC INC; INTERACTIVECORP; IAC INTERACTIVECORP; U S A INTERACTIVE; H S N INC; U S A NETWORKS INC; SILVER KING COMMUNICATIONS INC; IAC INTERACTIVECORP NEW,78840.0,2006-12-01,2008-08-20,,2006,2008.0,,False,closed,wrds_classroom_sp500_changes,
HSP,"HCA, HSP",HCA|HSP,HOSPITAL CORP AMERICA,51561.0,1979-02-08,1989-03-15,,1979,1989.0,,False,closed,wrds_classroom_sp500_changes,
HSP,HSP,HSP,HOSPIRA INC,90110.0,2004-05-03,2015-09-02,,2004,2015.0,,False,closed,wrds_classroom_sp500_changes,
HSRC,"EHC, HLS, HSRC, HRC",EHC|HLS|HSRC|HRC,HEALTHSOUTH REHABILITATION CORP; HEALTHSOUTH CORP; ENCOMPASS HEALTH CORP,10693.0,1997-01-07,2003-03-20,,1997,2003.0,,False,closed,wrds_classroom_sp500_changes,
HST,"MHS, HST, HMT",MHS|HST|HMT,MARRIOTT CORP; HOST HOTELS & RESORTS INC; HOST MARRIOTT CORP; HOST MARRIOTT CORP NEW,46703.0,1970-06-25,1993-10-11,1980.0,1970,1993.0,,False,closed,wrds_classroom_sp500_changes,
HST,"MHS, HST, HMT",MHS|HST|HMT,Host Hotels & Resorts,46703.0,2007-03-20,,1980.0,2007,,,True,current,wrds_classroom_sp500_changes;wikipedia_current_sp500,current as of source; WRDS cutoff 2022-12-30
HSY,HSY,HSY,Hershey Company (The),,1957-03-04,,1980.0,1957,,,True,current,wikipedia_current_sp500,
HT,HT,HT,HUGHES TOOL CO,56485.0,1973-05-31,1987-04-08,,1973,1987.0,,False,closed,wrds_classroom_sp500_changes,
HUBB,HUBB,HUBB,Hubbell Incorporated,,2023-10-18,,1972.0,2023,,,True,current,wikipedia_selected_changes;wikipedia_current_sp500,Market capitalization change.[33]; current as of source; WRDS cutoff 2022-12-30
HUM,"XTC, HUM",XTC|HUM,EXTENDICARE INC; HUMANA INC,48653.0,1979-02-08,1993-03-05,1981.0,1979,1993.0,,False,closed,wrds_classroom_sp500_changes,
HUM,"XTC, HUM",XTC|HUM,Humana,48653.0,1995-12-01,,1981.0,1995,,,True,current,wrds_classroom_sp500_changes;wikipedia_current_sp500,current as of source; WRDS cutoff 2022-12-30
HW,HW,HW,HOWE SOUND CO DEL; HOWE SOUND CO ME; HOWMET CORP,12343.0,1964-01-16,1975-08-13,,1964,1975.0,,False,closed,wrds_classroom_sp500_changes,
HWC,"HBX, HWC",HBX|HWC,HOERNER BOXES INC; HOERNER WALDORF CORP,41160.0,1970-10-29,1977-03-02,1991.0,1970,1977.0,,False,closed,wrds_classroom_sp500_changes,
HWM,HWM,HWM,Howmet Aerospace,,2016-10-21,,2016.0,2016,,,True,current,wikipedia_current_sp500,
HWP,"HPQ, HWP",HPQ|HWP,H P INC; HEWLETT PACKARD CO,27828.0,1974-10-17,,2014.0,1974,,2015.0,False,open_unknown_after_source_cutoff,wrds_classroom_sp500_changes,left date unknown after membership source cutoff
HWR,"HWR, WCH",HWR|WCH,WALKER HIRAM CONSUMERS HOME LTD; WALKER HIRAM RES LTD,61890.0,1980-04-10,1986-10-22,,1980,1986.0,,False,closed,wrds_classroom_sp500_changes,
HYST,HYST,HYST,HYSTER CO,43132.0,1980-10-02,1984-02-29,,1980,1984.0,,False,closed,wrds_classroom_sp500_changes,
I,"I, WBC",I|WBC,WESTERN BANCORPORATION; FIRSTAMERICA CORP; FIRST INTERSTATE BANCORP,26550.0,1976-07-01,1996-03-29,,1976,1996.0,,False,closed,wrds_classroom_sp500_changes,
IAC,"SKTV, USAI, HSNI, IAC, IACI",SKTV|USAI|HSNI|IAC|IACI,IAC INC; INTERACTIVECORP; IAC INTERACTIVECORP; U S A INTERACTIVE; H S N INC; U S A NETWORKS INC; SILVER KING COMMUNICATIONS INC; IAC INTERACTIVECORP NEW,78840.0,2006-12-01,2008-08-20,1993.0,2006,2008.0,,False,closed,wrds_classroom_sp500_changes,
IACI,"SKTV, USAI, HSNI, IAC, IACI",SKTV|USAI|HSNI|IAC|IACI,IAC INC; INTERACTIVECORP; IAC INTERACTIVECORP; U S A INTERACTIVE; H S N INC; U S A NETWORKS INC; SILVER KING COMMUNICATIONS INC; IAC INTERACTIVECORP NEW,78840.0,2006-12-01,2008-08-20,,2006,2008.0,,False,closed,wrds_classroom_sp500_changes,
IAD,"RT, RYI, IAD",RT|RYI|IAD,INLAND STEEL CO; RYERSON INC; RYERSON TULL INC NEW; INLAND STEEL INDUSTRIES INC,12458.0,1957-03-01,1998-06-30,,1957,1998.0,,False,closed,wrds_classroom_sp500_changes,
IBKR,IBKR,IBKR,Interactive Brokers,,2025-08-28,,2007.0,2025,,,True,current,wikipedia_selected_changes;wikipedia_current_sp500,Sycamore Partners acquired Walgreen Boots Alliance.[17]; current as of source; WRDS cutoff 2022-12-30
IBM,IBM,IBM,IBM,,1957-03-04,,1962.0,1957,,,True,current,wikipedia_current_sp500,
IBP,IBP,IBP,IOWA BEEF PROCESSORS INC,46252.0,1968-12-12,1981-09-09,2014.0,1968,1981.0,,False,closed,wrds_classroom_sp500_changes,
IC,IC,IC,INSPIRATION CONSOLIDATED CPPR CO,12466.0,1957-03-01,1978-08-23,2000.0,1957,1978.0,2002.0,False,closed,wrds_classroom_sp500_changes,
ICA,"ICA, SND",ICA|SND,SAN DIEGO IMPERIAL CORP; IMPERIAL CORP AMER,27000.0,1965-06-17,1976-06-30,2020.0,1965,1976.0,2020.0,False,closed,wrds_classroom_sp500_changes,
ICE,ICE,ICE,INTERCONTINENTALEXCHANGE INC; INTERCONTINENTALEXCHANGE GRP INC,90993.0,2007-09-26,,2005.0,2007,,,False,open_unknown_after_source_cutoff,wrds_classroom_sp500_changes,left date unknown after membership source cutoff
ICE,ICE,ICE,Intercontinental Exchange,,2007-09-26,,2005.0,2007,,,True,current,wikipedia_current_sp500,
ICR,ICR,ICR,ISLAND CREEK COAL CO,15536.0,1957-03-01,1968-01-31,,1957,1968.0,,False,closed,wrds_classroom_sp500_changes,
ICX,"PAS, WH, IL, ICX",PAS|WH|IL|ICX,WHITMAN CORP; PEPSIAMERICAS INC NEW; ILLINOIS CENT INDUSTRIES INC; WHITMAN CORP NEW; I C INDUSTRIES INC,38973.0,1963-03-25,1998-01-29,2015.0,1963,1998.0,2015.0,False,closed,wrds_classroom_sp500_changes,
ID,"ID, IDT",ID|IDT,IDEAL TOY CORP,48434.0,1972-09-21,1982-08-18,,1972,1982.0,,False,closed,wrds_classroom_sp500_changes,
IDA,IDA,IDA,IDAHO POWER CO; IDACORP INC,21928.0,1966-12-15,1976-06-30,1973.0,1966,1976.0,,False,closed,wrds_classroom_sp500_changes,
IDL,IDL,IDL,IDEAL BASIC INDUSTRIES INC; IDEAL CEMENT CO,26286.0,1976-09-23,1989-08-02,,1976,1989.0,,False,closed,wrds_classroom_sp500_changes,
IDPH,"IDPH, BIIB",IDPH|BIIB,Biogen,76841.0,2003-11-13,,,2003,,,False,open_unknown_after_source_cutoff,wrds_classroom_sp500_changes;wikipedia_current_sp500,current as of source; WRDS cutoff 2022-12-30; historical alias; current ticker match is BIIB; left date unknown after membership source cutoff
IDT,"ID, IDT",ID|IDT,IDEAL TOY CORP,48434.0,1972-09-21,1982-08-18,2001.0,1972,1982.0,,False,closed,wrds_classroom_sp500_changes,
IDXX,IDXX,IDXX,Idexx Laboratories,76709.0,2017-01-05,,1991.0,2017,,,True,current,wrds_classroom_sp500_changes;wikipedia_current_sp500,current as of source; WRDS cutoff 2022-12-30
IEX,IEX,IEX,IDEX Corporation,75591.0,2019-08-09,,1989.0,2019,,,True,current,wrds_classroom_sp500_changes;wikipedia_current_sp500,current as of source; WRDS cutoff 2022-12-30
IFC,"FIB, FIBN, IFC",FIB|FIBN|IFC,INTERFIRST CORP; FIRST INTL BANCSHARES INC,56805.0,1976-07-01,1987-04-22,2008.0,1976,1987.0,2018.0,False,closed,wrds_classroom_sp500_changes,
IFF,IFF,IFF,International Flavors & Fragrances,40272.0,1976-03-04,,1974.0,1976,,,True,current,wrds_classroom_sp500_changes;wikipedia_current_sp500,current as of source; WRDS cutoff 2022-12-30
IGAM,"IGT, IGAM",IGT|IGAM,INTERNATIONAL GAME TECHNOLOGY,45277.0,2001-09-04,2014-06-20,,2001,2014.0,,False,closed,wrds_classroom_sp500_changes,
IGL,"MKG, IMA, IGL",MKG|IMA|IGL,INTERNATIONAL MINERALS & CHEM CO; IMCERA GROUP INC; INTERNATIONAL AGRIC CORP; MALLINCKRODT INC NEW; MALLINCKRODT GROUP INC,12511.0,1957-03-01,1965-01-06,2003.0,1957,1965.0,2018.0,False,closed,wrds_classroom_sp500_changes,
IGL,"MKG, IMA, IGL",MKG|IMA|IGL,INTERNATIONAL MINERALS & CHEM CO; IMCERA GROUP INC; INTERNATIONAL AGRIC CORP; MALLINCKRODT INC NEW; MALLINCKRODT GROUP INC,12511.0,1975-02-06,2000-10-17,2003.0,1975,2000.0,2018.0,False,closed,wrds_classroom_sp500_changes,
IGT,"IGT, IGAM",IGT|IGAM,INTERNATIONAL GAME TECHNOLOGY,45277.0,2001-09-04,2014-06-20,,2001,2014.0,,False,closed,wrds_classroom_sp500_changes,
IILG,"ILG, IILG",ILG|IILG,I L G INC; INTERVAL LEISURE GROUP INC,92772.0,2016-05-13,2016-05-13,,2016,2016.0,,False,closed,wrds_classroom_sp500_changes,
IIN,"IIN, IT, ITT",IIN|IT|ITT,I T T INDUSTRIES INC IND; INTERNATIONAL TEL & TELEG CORP; I T T CORP; I T T INC,12570.0,1957-03-01,2011-10-31,,1957,2011.0,,False,closed,wrds_classroom_sp500_changes,
IK,IK,IK,INTERLAKE CORP; BY PRODUCTS COKE CORP; INTERLAKE STL CORP; INTERLAKE IRON CORP; INTERLAKE INC,15747.0,1972-01-20,1993-07-12,,1972,1993.0,,False,closed,wrds_classroom_sp500_changes,
IKN,"IKN, ASN",IKN|ASN,ALCO STANDARD CORP; IKON OFFICE SOLUTIONS INC,48514.0,1988-02-11,2000-06-28,,1988,2000.0,,False,closed,wrds_classroom_sp500_changes,
IL,IL,IL,ILLINOIS CENT RR CO,12394.0,1925-12-31,1963-03-22,,1925,1963.0,,False,closed,wrds_classroom_sp500_changes,
IL,"PAS, WH, IL, ICX",PAS|WH|IL|ICX,WHITMAN CORP; PEPSIAMERICAS INC NEW; ILLINOIS CENT INDUSTRIES INC; WHITMAN CORP NEW; I C INDUSTRIES INC,38973.0,1963-03-25,1998-01-29,,1963,1998.0,,False,closed,wrds_classroom_sp500_changes,
ILG,"ILG, IILG",ILG|IILG,I L G INC; INTERVAL LEISURE GROUP INC,92772.0,2016-05-13,2016-05-13,2008.0,2016,2016.0,2018.0,False,closed,wrds_classroom_sp500_changes,
ILMN,ILMN,ILMN,ILLUMINA INC,88446.0,2015-11-19,2024-06-24,2000.0,2015,2024.0,,False,closed,wrds_classroom_sp500_changes,
ILN,"IPC, ILN",IPC|ILN,ILLINOIS POWER CO; ILLINOVA CORP,23720.0,1957-03-01,1976-06-30,,1957,1976.0,,False,closed,wrds_classroom_sp500_changes,
IMA,"MKG, IMA, IGL",MKG|IMA|IGL,INTERNATIONAL MINERALS & CHEM CO; IMCERA GROUP INC; INTERNATIONAL AGRIC CORP; MALLINCKRODT INC NEW; MALLINCKRODT GROUP INC,12511.0,1957-03-01,1965-01-06,2021.0,1957,1965.0,,False,closed,wrds_classroom_sp500_changes,
IMA,"MKG, IMA, IGL",MKG|IMA|IGL,INTERNATIONAL MINERALS & CHEM CO; IMCERA GROUP INC; INTERNATIONAL AGRIC CORP; MALLINCKRODT INC NEW; MALLINCKRODT GROUP INC,12511.0,1975-02-06,2000-10-17,2021.0,1975,2000.0,,False,closed,wrds_classroom_sp500_changes,
IMNX,IMNX,IMNX,IMMUNEX CORP; IMMUNEX CORP NEW,43610.0,2001-09-21,2002-07-16,,2001,2002.0,,False,closed,wrds_classroom_sp500_changes,
IMSI,IMSI,IMSI,I M S INTERNATIONAL INC,43298.0,1987-09-10,1988-05-25,2022.0,1987,1988.0,,False,closed,wrds_classroom_sp500_changes,
IMTN,"IMTN, IRM",IMTN|IRM,Iron Mountain,83143.0,2009-01-06,,,2009,,,False,open_unknown_after_source_cutoff,wrds_classroom_sp500_changes;wikipedia_current_sp500,current as of source; WRDS cutoff 2022-12-30; historical alias; current ticker match is IRM; left date unknown after membership source cutoff
IN,IN,IN,INLAND CONTAINER CORP,56098.0,1976-07-01,1978-11-22,1997.0,1976,1978.0,2018.0,False,closed,wrds_classroom_sp500_changes,
INA,"INA, IND",INA|IND,I N A CORP; INSURANCE CO NORTH AMER,33056.0,1976-07-01,1982-04-07,,1976,1982.0,,False,closed,wrds_classroom_sp500_changes,
INB,"FLT, INB, FNG, FBF",FLT|INB|FNG|FBF,FLEETBOSTON FINANCIAL CORP; INDUSTRIAL NATIONAL CORP; FLEET FINANCIAL GROUP INC NEW; INDUSTRIAL BANCORP; FLEET FINANCIAL GROUP INC; FLEET BOSTON CORP; FLEET NORSTAR FINANCIAL GRP INC,47159.0,1988-11-10,2004-03-31,,1988,2004.0,,False,closed,wrds_classroom_sp500_changes,
INCY,"IPI, INCY",IPI|INCY,Incyte,79906.0,2017-02-28,,1993.0,2017,,,True,current,wrds_classroom_sp500_changes;wikipedia_current_sp500,current as of source; WRDS cutoff 2022-12-30
IND,"INA, IND",INA|IND,I N A CORP; INSURANCE CO NORTH AMER,33056.0,1976-07-01,1982-04-07,2025.0,1976,1982.0,,False,closed,wrds_classroom_sp500_changes,
INFO,"INFO, MRKT",INFO|MRKT,MARKIT LTD; I H S MARKIT LTD,14704.0,2017-06-02,2022-03-01,2024.0,2017,2022.0,,False,closed,wrds_classroom_sp500_changes,
INGR,INGR,INGR,INTERGRAPH CORP,44792.0,1984-11-08,1997-07-25,1997.0,1984,1997.0,,False,closed,wrds_classroom_sp500_changes,
INHL,"NKTR, INHL",NKTR|INHL,NEKTAR THERAPEUTICS; INHALE THERAPEUTIC SYSTEMS,80539.0,2018-03-19,2019-10-02,,2018,2019.0,,False,closed,wrds_classroom_sp500_changes,
INI,"INI, NNG, ENE",INI|NNG|ENE,INTERNORTH INC; NORTHERN NAT GAS CO; ENRON CORP,23317.0,1951-09-06,2001-11-29,,1951,2001.0,,False,closed,wrds_classroom_sp500_changes,
INTC,INTC,INTC,Intel,59328.0,1976-12-09,,1980.0,1976,,,True,current,wrds_classroom_sp500_changes;wikipedia_current_sp500,current as of source; WRDS cutoff 2022-12-30
INTU,INTU,INTU,Intuit,78975.0,2000-12-05,,1993.0,2000,,,True,current,wrds_classroom_sp500_changes;wikipedia_current_sp500,current as of source; WRDS cutoff 2022-12-30
INVH,INVH,INVH,Invitation Homes,16581.0,2022-09-19,,2017.0,2022,,,True,current,wrds_classroom_sp500_changes;wikipedia_current_sp500,current as of source; WRDS cutoff 2022-12-30
INX,"INX, ANDV, TSO",INX|ANDV|TSO,INTEX OIL CO; TESORO CORP; ANDEAVOR; TESORO PETROLEUM CORP,37284.0,2007-09-27,2018-09-28,2000.0,2007,2018.0,2018.0,False,closed,wrds_classroom_sp500_changes,
IP,IP,IP,International Paper,,1957-03-04,,1962.0,1957,,,True,current,wikipedia_current_sp500,
IPC,"IPC, ILN",IPC|ILN,ILLINOIS POWER CO; ILLINOVA CORP,23720.0,1957-03-01,1976-06-30,,1957,1976.0,,False,closed,wrds_classroom_sp500_changes,
IPG,IPG,IPG,INTERPUBLIC GROUP COS INC,53065.0,1992-10-30,2025-11-28,,1992,2025.0,,False,closed,wrds_classroom_sp500_changes,
IPGP,IPGP,IPGP,I P G PHOTONICS CORP,91668.0,2018-03-07,2022-06-17,2006.0,2018,2022.0,,False,closed,wrds_classroom_sp500_changes,
IPI,"IPI, INCY",IPI|INCY,Incyte,79906.0,2017-02-28,,2008.0,2017,,,False,open_unknown_after_source_cutoff,wrds_classroom_sp500_changes;wikipedia_current_sp500,current as of source; WRDS cutoff 2022-12-30; historical alias; current ticker match is INCY; left date unknown after membership source cutoff
IPL,"IPL, IPR",IPL|IPR,IPALCO ENTERPRISES INC; INDIANAPOLIS PWR & LT CO,21370.0,1945-03-01,1976-06-30,,1945,1976.0,,False,closed,wrds_classroom_sp500_changes,
IPR,"IPL, IPR",IPL|IPR,IPALCO ENTERPRISES INC; INDIANAPOLIS PWR & LT CO,21370.0,1945-03-01,1976-06-30,,1945,1976.0,,False,closed,wrds_classroom_sp500_changes,
IQ,"IQ, DHI",IQ|DHI,DUNHILL INTERNATIONAL INC; QUESTOR CORP,16336.0,1973-03-01,1982-10-20,2018.0,1973,1982.0,,False,closed,wrds_classroom_sp500_changes,
IQV,"IQV, Q",IQV|Q,IQVIA,13911.0,2017-08-29,,2013.0,2017,,,True,current,wrds_classroom_sp500_changes;wikipedia_current_sp500,current as of source; WRDS cutoff 2022-12-30
IR,"GDI, IR",GDI|IR,Ingersoll Rand,16692.0,2020-03-03,,2017.0,2020,,,True,current,wrds_classroom_sp500_changes;wikipedia_current_sp500,current as of source; WRDS cutoff 2022-12-30
IRM,"IMTN, IRM",IMTN|IRM,Iron Mountain,83143.0,2009-01-06,,1996.0,2009,,,True,current,wrds_classroom_sp500_changes;wikipedia_current_sp500,current as of source; WRDS cutoff 2022-12-30
ISRG,ISRG,ISRG,Intuitive Surgical,88352.0,2008-06-02,,2000.0,2008,,,True,current,wrds_classroom_sp500_changes;wikipedia_current_sp500,current as of source; WRDS cutoff 2022-12-30
ISS,ISS,ISS,INTERNATIONAL SHOE CO; INTERCO INC,18278.0,1957-03-01,1990-12-04,,1957,1990.0,,False,closed,wrds_classroom_sp500_changes,
IT,"IIN, IT, ITT",IIN|IT|ITT,I T T INDUSTRIES INC IND; INTERNATIONAL TEL & TELEG CORP; I T T CORP; I T T INC,12570.0,1957-03-01,2011-10-31,1993.0,1957,2011.0,,False,closed,wrds_classroom_sp500_changes,
IT,"GART, IT",GART|IT,Gartner,79698.0,2017-04-05,,1993.0,2017,,,True,current,wrds_classroom_sp500_changes;wikipedia_current_sp500,current as of source; WRDS cutoff 2022-12-30
ITC,"SUC, ITC",SUC|ITC,AMERICAN MOLASSES CO; SUCREST CORP; INGREDIENT TECHNOLOGY CORP,22920.0,1963-01-31,1973-02-28,2016.0,1963,1973.0,2022.0,False,closed,wrds_classroom_sp500_changes,
ITE,ITE,ITE,I T E IMPERIAL CORP; I T E CIRCUIT BREAKER CO,26155.0,1966-06-23,1976-03-17,2007.0,1966,1976.0,,False,closed,wrds_classroom_sp500_changes,
ITT,"IIN, IT, ITT",IIN|IT|ITT,I T T INDUSTRIES INC IND; INTERNATIONAL TEL & TELEG CORP; I T T CORP; I T T INC,12570.0,1957-03-01,2011-10-31,1995.0,1957,2011.0,,False,closed,wrds_classroom_sp500_changes,
ITT,ITT,ITT,I T T CORP NEV,82776.0,1995-12-20,1998-02-20,1995.0,1995,1998.0,,False,closed,wrds_classroom_sp500_changes,
ITW,ITW,ITW,Illinois Tool Works,56573.0,1986-02-13,,1973.0,1986,,,True,current,wrds_classroom_sp500_changes;wikipedia_current_sp500,current as of source; WRDS cutoff 2022-12-30
IVGN,"LIFE, IVGN",LIFE|IVGN,LIFE TECHNOLOGIES CORP; INVITROGEN CORP,86725.0,2008-11-24,2014-01-23,,2008,2014.0,,False,closed,wrds_classroom_sp500_changes,
IVZ,IVZ,IVZ,Invesco,19583.0,2008-08-21,,1995.0,2008,,,True,current,wrds_classroom_sp500_changes;wikipedia_current_sp500,current as of source; WRDS cutoff 2022-12-30
J,"J, JEC",J|JEC,Jacobs Solutions,52329.0,2007-10-26,,1980.0,2007,,,True,current,wrds_classroom_sp500_changes;wikipedia_current_sp500,current as of source; WRDS cutoff 2022-12-30
JAE,"JAEG, JAE",JAEG|JAE,JAEGER MACHINE CO; JAEGER MACH CO,23384.0,1957-03-01,1965-03-03,,1957,1965.0,,False,closed,wrds_classroom_sp500_changes,
JAEG,"JAEG, JAE",JAEG|JAE,JAEGER MACHINE CO; JAEGER MACH CO,23384.0,1957-03-01,1965-03-03,,1957,1965.0,,False,closed,wrds_classroom_sp500_changes,
JAVA,"JAVA, SUNW",JAVA|SUNW,SUN MICROSYSTEMS INC,10078.0,1992-08-20,2010-01-28,2021.0,1992,2010.0,,False,closed,wrds_classroom_sp500_changes,
JBHT,JBHT,JBHT,J.B. Hunt,42877.0,2015-07-01,,1983.0,2015,,,True,current,wrds_classroom_sp500_changes;wikipedia_current_sp500,current as of source; WRDS cutoff 2022-12-30
JBIL,"JBIL, JBL",JBIL|JBL,JABIL CIRCUIT INC; JABIL INC,79094.0,2001-01-30,2014-11-04,,2001,2014.0,,False,closed,wrds_classroom_sp500_changes,
JBL,"JBIL, JBL",JBIL|JBL,JABIL CIRCUIT INC; JABIL INC,79094.0,2001-01-30,2014-11-04,1993.0,2001,2014.0,,False,closed,wrds_classroom_sp500_changes,
JBL,JBL,JBL,Jabil,,2023-12-18,,1993.0,2023,,,True,current,wikipedia_selected_changes;wikipedia_current_sp500,Market capitalization change.[32]; current as of source; WRDS cutoff 2022-12-30
JCI,"JSC, JCI",JSC|JCI,JOHNSON CONTROLS INC; JOHNSON SERVICE CO,42534.0,1986-05-08,2016-09-02,1987.0,1986,2016.0,,False,closed,wrds_classroom_sp500_changes,
JCI,"TYC, JCI",TYC|JCI,TYCO INTERNATIONAL LTD SWTZLND; TYCO INTERNATIONAL PLC IRELAND; TYCO INTERNATIONAL LTD; TYCO INTERNATIONAL LTD NEW; TYCO LABS INC; JOHNSON CONTROLS INTL PLC; TYCO INTERNATIONAL LTD BERMUDA,45356.0,1989-07-27,2009-03-16,1987.0,1989,2009.0,,False,closed,wrds_classroom_sp500_changes,
JCI,JCI,JCI,Johnson Controls,,2010-08-27,,1987.0,2010,,,True,current,wikipedia_current_sp500,
JCP,JCP,JCP,PENNEY J C CO INC; PENNEY J C INC,18403.0,1957-03-01,2013-11-29,,1957,2013.0,,False,closed,wrds_classroom_sp500_changes,
JDSU,"JDSU, VIAV, UNPH",JDSU|VIAV|UNPH,UNIPHASE CORP; VIAVI SOLUTIONS INC; J D S UNIPHASE CORP,79879.0,2000-07-27,2013-12-20,,2000,2013.0,,False,closed,wrds_classroom_sp500_changes,
JEC,"J, JEC",J|JEC,Jacobs Solutions,52329.0,2007-10-26,,,2007,,,False,open_unknown_after_source_cutoff,wrds_classroom_sp500_changes;wikipedia_current_sp500,current as of source; WRDS cutoff 2022-12-30; historical alias; current ticker match is J; left date unknown after membership source cutoff
JEF,JEF,JEF,JEFFERSON LAKE SULPHUR CO,24993.0,1957-03-01,1964-02-26,1980.0,1957,1964.0,,False,closed,wrds_classroom_sp500_changes,
JEF,"LUK, TLC, JEF",LUK|TLC|JEF,JEFFERIES FINANCIAL GROUP INC; TALCOTT JAMES INC; LEUCADIA NATIONAL CORP; TALCOTT NATIONAL CORP,20415.0,1961-09-06,1963-09-18,1980.0,1961,1963.0,,False,closed,wrds_classroom_sp500_changes,
JEF,"LUK, TLC, JEF",LUK|TLC|JEF,JEFFERIES FINANCIAL GROUP INC; TALCOTT JAMES INC; LEUCADIA NATIONAL CORP; TALCOTT NATIONAL CORP,20415.0,1969-07-03,1976-06-30,1980.0,1969,1976.0,,False,closed,wrds_classroom_sp500_changes,
JEF,"LUK, TLC, JEF",LUK|TLC|JEF,JEFFERIES FINANCIAL GROUP INC; TALCOTT JAMES INC; LEUCADIA NATIONAL CORP; TALCOTT NATIONAL CORP,20415.0,2007-08-27,2019-09-25,1980.0,2007,2019.0,,False,closed,wrds_classroom_sp500_changes,
JERR,JERR,JERR,JERRICO INC,46544.0,1987-05-07,1989-09-20,,1987,1989.0,,False,closed,wrds_classroom_sp500_changes,
JH,JH,JH,HARLAND JOHN H CO,50905.0,1989-10-26,1998-03-31,,1989,1998.0,,False,closed,wrds_classroom_sp500_changes,
JHF,JHF,JHF,HANCOCK JOHN FINANCIAL SVCS INC,87536.0,2001-06-28,2004-04-28,,2001,2004.0,,False,closed,wrds_classroom_sp500_changes,
JI,JI,JI,CASE J I THRESHING MACH CO; CASE J I CO,11068.0,1957-03-01,1970-08-12,,1957,1970.0,,False,closed,wrds_classroom_sp500_changes,
JJN,JJN,JJN,NEWBERRY J J CO,19510.0,1957-03-01,1972-09-13,2018.0,1957,1972.0,2023.0,False,closed,wrds_classroom_sp500_changes,
JKHY,JKHY,JKHY,Jack Henry & Associates,88664.0,2018-11-13,,1985.0,2018,,,True,current,wrds_classroom_sp500_changes;wikipedia_current_sp500,current as of source; WRDS cutoff 2022-12-30
JL,JL,JL,JONES & LAUGHLIN STL CORP,21530.0,1957-03-01,1970-04-22,2024.0,1957,1970.0,,False,closed,wrds_classroom_sp500_changes,
JM,"MAN, JM",MAN|JM,JOHNS MANVILLE CORP; MANVILLE CORP,16707.0,1941-08-20,1982-09-15,2016.0,1941,1982.0,2016.0,False,closed,wrds_classroom_sp500_changes,
JNJ,JNJ,JNJ,Johnson & Johnson,22111.0,1973-05-31,,1962.0,1973,,,True,current,wrds_classroom_sp500_changes;wikipedia_current_sp500,current as of source; WRDS cutoff 2022-12-30
JNPR,JNPR,JNPR,JUNIPER NETWORKS INC,86979.0,2006-06-02,2025-07-09,,2006,2025.0,,False,closed,wrds_classroom_sp500_changes,
JNS,"JNS, SV",JNS|SV,STILWELL FINANCIAL INC; JANUS CAP GROUP INC,88313.0,2000-07-13,2011-11-22,,2000,2011.0,,False,closed,wrds_classroom_sp500_changes,
JNY,JNY,JNY,JONES APPAREL GROUP INC; JONES GROUP INC,76638.0,2001-12-17,2009-03-03,,2001,2009.0,,False,closed,wrds_classroom_sp500_changes,
JOL,JOL,JOL,JONATHAN LOGAN INC,27174.0,1965-01-14,1984-10-24,,1965,1984.0,,False,closed,wrds_classroom_sp500_changes,
JOS,JOS,JOS,JOSTENS INC,42104.0,1989-07-20,2000-05-09,,1989,2000.0,,False,closed,wrds_classroom_sp500_changes,
JOY,JOY,JOY,JOY MANUFACTURING CO,21557.0,1957-03-01,1987-06-24,,1957,1987.0,,False,closed,wrds_classroom_sp500_changes,
JOY,"JOY, JOYG",JOY|JOYG,JOY GLOBAL INC,89105.0,2011-02-28,2015-10-07,,2011,2015.0,,False,closed,wrds_classroom_sp500_changes,
JOYG,"JOY, JOYG",JOY|JOYG,JOY GLOBAL INC,89105.0,2011-02-28,2015-10-07,,2011,2015.0,,False,closed,wrds_classroom_sp500_changes,
JP,JP,JP,JEFFERSON PILOT CORP,48485.0,1976-07-01,2006-03-31,,1976,2006.0,,False,closed,wrds_classroom_sp500_changes,
JPM,"CMB, JPM, CHL",CMB|JPM|CHL,JPMorgan Chase,47896.0,1975-06-30,,1980.0,1975,,,True,current,wrds_classroom_sp500_changes;wikipedia_current_sp500,current as of source; WRDS cutoff 2022-12-30
JPM,JPM,JPM,MORGAN J P & CO INC,48071.0,1976-07-01,2000-12-29,1980.0,1976,2000.0,,False,closed,wrds_classroom_sp500_changes,
JR,"FJ, JRIV, JR",FJ|JRIV|JR,JAMES RIVER CORP VA; FORT JAMES CORP,61583.0,1986-05-08,2000-11-22,,1986,2000.0,,False,closed,wrds_classroom_sp500_changes,
JRIV,"FJ, JRIV, JR",FJ|JRIV|JR,JAMES RIVER CORP VA; FORT JAMES CORP,61583.0,1986-05-08,2000-11-22,,1986,2000.0,,False,closed,wrds_classroom_sp500_changes,
JSC,"JSC, JCI",JSC|JCI,JOHNSON CONTROLS INC; JOHNSON SERVICE CO,42534.0,1986-05-08,2016-09-02,,1986,2016.0,,False,closed,wrds_classroom_sp500_changes,
JWAT,"JWTR, WELS, JWAT, JWP",JWTR|WELS|JWAT|JWP,JAMAICA WATER & UTILITIES INC; J W P INC; WELSBACH CORP NY; JAMAICA WATER PROPERTIES INC,46288.0,1990-09-20,1993-10-13,,1990,1993.0,,False,closed,wrds_classroom_sp500_changes,
JWC,JWC,JWC,WALTER JIM CORP,40301.0,1964-09-03,1987-12-30,,1964,1987.0,,False,closed,wrds_classroom_sp500_changes,
JWL,"JWT, JWL",JWT|JWL,JEWEL COMPANIES INC; JEWEL TEA INC,12626.0,1957-03-01,1984-11-21,,1957,1984.0,,False,closed,wrds_classroom_sp500_changes,
JWN,"NOBE, JWN",NOBE|JWN,NORDSTROM BEST INC; NORDSTROM INC,57817.0,1986-08-07,2020-06-19,,1986,2020.0,,False,closed,wrds_classroom_sp500_changes,
JWP,"JWTR, WELS, JWAT, JWP",JWTR|WELS|JWAT|JWP,JAMAICA WATER & UTILITIES INC; J W P INC; WELSBACH CORP NY; JAMAICA WATER PROPERTIES INC,46288.0,1990-09-20,1993-10-13,,1990,1993.0,,False,closed,wrds_classroom_sp500_changes,
JWT,"JWT, JWL",JWT|JWL,JEWEL COMPANIES INC; JEWEL TEA INC,12626.0,1957-03-01,1984-11-21,,1957,1984.0,,False,closed,wrds_classroom_sp500_changes,
JWTR,"JWTR, WELS, JWAT, JWP",JWTR|WELS|JWAT|JWP,JAMAICA WATER & UTILITIES INC; J W P INC; WELSBACH CORP NY; JAMAICA WATER PROPERTIES INC,46288.0,1990-09-20,1993-10-13,,1990,1993.0,,False,closed,wrds_classroom_sp500_changes,
K,K,K,KELLOGG CO,26825.0,1961-04-26,2025-12-11,,1961,2025.0,,False,closed,wrds_classroom_sp500_changes,
KAN,"EVRG, WR, KAN",EVRG|WR|KAN,Evergy,24053.0,2018-06-05,,,2018,,,False,open_unknown_after_source_cutoff,wrds_classroom_sp500_changes;wikipedia_current_sp500,current as of source; WRDS cutoff 2022-12-30; historical alias; current ticker match is EVRG; left date unknown after membership source cutoff
KATE,"LIZ, LIZC, FNP, KATE",LIZ|LIZC|FNP|KATE,LIZ CLAIBORNE INC; FIFTH & PACIFIC COMPANIES INC; KATE SPADE & CO,49905.0,1984-10-25,2008-12-01,,1984,2008.0,,False,closed,wrds_classroom_sp500_changes,
KB,"SAI, BRO, KB",SAI|BRO|KB,BROAD INC; SUNAMERICA INC; KAUFMAN & BROAD BLDG CO; KAUFMAN & BROAD INC,33312.0,1970-04-23,1989-03-07,2001.0,1970,1989.0,,False,closed,wrds_classroom_sp500_changes,
KB,"SAI, BRO, KB",SAI|BRO|KB,BROAD INC; SUNAMERICA INC; KAUFMAN & BROAD BLDG CO; KAUFMAN & BROAD INC,33312.0,1997-07-17,1998-12-31,2001.0,1997,1998.0,,False,closed,wrds_classroom_sp500_changes,
KBH,KBH,KBH,KAUFMAN & BROAD HOME CORP; K B HOME,70092.0,1989-03-08,2009-12-18,1986.0,1989,2009.0,,False,closed,wrds_classroom_sp500_changes,
KBR,"KBR, UBS",KBR|UBS,UNITED BISCUIT CO AMER; KEEBLER CO,16619.0,1957-03-01,1974-05-08,2006.0,1957,1974.0,,False,closed,wrds_classroom_sp500_changes,
KCC,"PNC, KCC, KCG",PNC|KCC|KCG,PERMANENTE CEMENT CO; KAISER CEMENT CORP; KAISER CEMENT & GYPSUM CORP,28433.0,1981-12-10,1987-03-04,,1981,1987.0,,False,closed,wrds_classroom_sp500_changes,
KCG,"PNC, KCC, KCG",PNC|KCC|KCG,PERMANENTE CEMENT CO; KAISER CEMENT CORP; KAISER CEMENT & GYPSUM CORP,28433.0,1981-12-10,1987-03-04,,1981,1987.0,,False,closed,wrds_classroom_sp500_changes,
KDP,KDP,KDP,Keurig Dr Pepper,17942.0,2022-06-21,,2008.0,2022,,,True,current,wrds_classroom_sp500_changes;wikipedia_current_sp500,current as of source; WRDS cutoff 2022-12-30
KEAR,"CTCO, KEAR",CTCO|KEAR,KEARNEY & TRECKER CORP; CROSS & TRECKER CORP,27749.0,1982-08-12,1991-10-31,,1982,1991.0,,False,closed,wrds_classroom_sp500_changes,
KEY,"KEY, KEYB, FCMB",KEY|KEYB|FCMB,KeyCorp,64995.0,1994-03-01,,1987.0,1994,,,True,current,wrds_classroom_sp500_changes;wikipedia_current_sp500,current as of source; WRDS cutoff 2022-12-30
KEYB,"KEY, KEYB, FCMB",KEY|KEYB|FCMB,KeyCorp,64995.0,1994-03-01,,,1994,,,False,open_unknown_after_source_cutoff,wrds_classroom_sp500_changes;wikipedia_current_sp500,current as of source; WRDS cutoff 2022-12-30; historical alias; current ticker match is KEY; left date unknown after membership source cutoff
KEYS,KEYS,KEYS,Keysight Technologies,14939.0,2018-11-06,,2014.0,2018,,,True,current,wrds_classroom_sp500_changes;wikipedia_current_sp500,current as of source; WRDS cutoff 2022-12-30
KFC,"KTY, KFC",KTY|KFC,KENTUCKY FRIED CHICKEN CORP,47482.0,1970-06-25,1971-07-14,,1970,1971.0,,False,closed,wrds_classroom_sp500_changes,
KFM,"KFM, RYR",KFM|RYR,RYMER FOODS INC; RYMER CO; KROEHLER MFG CO,25718.0,1963-03-14,1982-04-07,,1963,1982.0,,False,closed,wrds_classroom_sp500_changes,
KFT,"KFT, MDLZ",KFT|MDLZ,Mondelez International,89006.0,2007-04-02,,,2007,,,False,open_unknown_after_source_cutoff,wrds_classroom_sp500_changes;wikipedia_current_sp500,current as of source; WRDS cutoff 2022-12-30; historical alias; current ticker match is MDLZ; left date unknown after membership source cutoff
KG,"KG, KM",KG|KM,K MART CORP; KRESGE S S CO,12749.0,1957-03-01,2002-01-16,2008.0,1957,2002.0,,False,closed,wrds_classroom_sp500_changes,
KG,"KG, KING",KG|KING,KING PHARMACEUTICALS INC,86176.0,2000-10-03,2010-12-17,2008.0,2000,2010.0,,False,closed,wrds_classroom_sp500_changes,
KHC,KHC,KHC,Kraft Heinz,15408.0,2015-07-06,,2015.0,2015,,,True,current,wrds_classroom_sp500_changes;wikipedia_current_sp500,current as of source; WRDS cutoff 2022-12-30
KIM,KIM,KIM,Kimco Realty,77129.0,2006-04-03,,1991.0,2006,,,True,current,wrds_classroom_sp500_changes;wikipedia_current_sp500,current as of source; WRDS cutoff 2022-12-30
KING,"KWP, KING",KWP|KING,KING WORLD PRODUCTIONS INC,89392.0,1989-02-09,1999-11-15,,1989,1999.0,,False,closed,wrds_classroom_sp500_changes,
KING,"KG, KING",KG|KING,KING PHARMACEUTICALS INC,86176.0,2000-10-03,2010-12-17,,2000,2010.0,,False,closed,wrds_classroom_sp500_changes,
KKR,KKR,KKR,KKR & Co.,,2024-06-24,,2010.0,2024,,,True,current,wikipedia_selected_changes;wikipedia_current_sp500,Market capitalization change.[28]; current as of source; WRDS cutoff 2022-12-30
KLAC,KLAC,KLAC,K L A INSTRUMENTS CORP; K L A TENCOR CORP; K L A CORP,46886.0,1997-09-15,,1980.0,1997,,,False,open_unknown_after_source_cutoff,wrds_classroom_sp500_changes,left date unknown after membership source cutoff
KLAC,KLAC,KLAC,KLA Corporation,,1997-09-30,,1980.0,1997,,,True,current,wikipedia_current_sp500,
KLU,KLU,KLU,KAISER ALUMINUM & CHEMICAL CORP; KAISERTECH LTD DE,24635.0,1957-03-01,1988-11-02,,1957,1988.0,,False,closed,wrds_classroom_sp500_changes,
KM,"KG, KM",KG|KM,K MART CORP; KRESGE S S CO,12749.0,1957-03-01,2002-01-16,2014.0,1957,2002.0,2015.0,False,closed,wrds_classroom_sp500_changes,
KMB,KMB,KMB,Kimberly-Clark,,1957-03-04,,1980.0,1957,,,True,current,wikipedia_current_sp500,
KMG,KMG,KMG,KERR MCGEE OIL INDUSTRIES INC; KERR MCGEE CORP,25769.0,1984-10-04,2006-08-10,1997.0,1984,2006.0,2018.0,False,closed,wrds_classroom_sp500_changes,
KMI,"KNE, KNB, KMI",KNE|KNB|KMI,KANSAS NEBRASKA NATURAL GAS INC; KINDER MORGAN INC KANSAS; K N ENERGY INC,51596.0,2000-12-12,2007-05-30,2011.0,2000,2007.0,,False,closed,wrds_classroom_sp500_changes,
KMI,KMI,KMI,Kinder Morgan,12558.0,2012-05-25,,2011.0,2012,,,True,current,wrds_classroom_sp500_changes;wikipedia_current_sp500,current as of source; WRDS cutoff 2022-12-30
KMRT,"KMRT, SHLD",KMRT|SHLD,SEARS HOLDINGS CORP; KMART HOLDING CORP,89757.0,2005-03-28,2012-09-04,,2005,2012.0,,False,closed,wrds_classroom_sp500_changes,
KMX,KMX,KMX,CARMAX INC,89508.0,2010-06-28,2025-10-31,1997.0,2010,2025.0,,False,closed,wrds_classroom_sp500_changes,
KN,KN,KN,KENNECOTT CORP; KENNECOTT COPPER CORP,12706.0,1925-12-31,1981-06-24,2014.0,1925,1981.0,,False,closed,wrds_classroom_sp500_changes,
KNB,"KNE, KNB, KMI",KNE|KNB|KMI,KANSAS NEBRASKA NATURAL GAS INC; KINDER MORGAN INC KANSAS; K N ENERGY INC,51596.0,2000-12-12,2007-05-30,,2000,2007.0,,False,closed,wrds_classroom_sp500_changes,
KNE,"KNE, KNB, KMI",KNE|KNB|KMI,KANSAS NEBRASKA NATURAL GAS INC; KINDER MORGAN INC KANSAS; K N ENERGY INC,51596.0,2000-12-12,2007-05-30,,2000,2007.0,,False,closed,wrds_classroom_sp500_changes,
KNI,"KRI, KRN, KNI",KRI|KRN|KNI,KNIGHT RIDDER NEWSPAPERS INC; KNIGHT NEWSPAPERS INC; KNIGHT RIDDER INC,48960.0,1975-12-11,2006-06-27,,1975,2006.0,,False,closed,wrds_classroom_sp500_changes,
KNS,"WCI, KSR, KNS",WCI|KSR|KNS,WARNER COMMUNICATIONS INC; KINNEY SERVICE CORP; KINNEY SERVICES INC; KINNEY NATIONAL SERVICE INC,38551.0,1975-10-16,1989-08-02,,1975,1989.0,,False,closed,wrds_classroom_sp500_changes,
KNY,KNY,KNY,COCA COLA BOTTLING CO NY INC,27510.0,1961-08-16,1981-09-09,,1961,1981.0,,False,closed,wrds_classroom_sp500_changes,
KO,KO,KO,Coca-Cola Company (The),,1957-03-04,,1962.0,1957,,,True,current,wikipedia_current_sp500,
KOE,KOE,KOE,KOEHRING CO,40790.0,1965-03-04,1980-10-01,,1965,1980.0,,False,closed,wrds_classroom_sp500_changes,
KOP,KOP,KOP,KOPPERS CO,22170.0,1987-07-02,1988-06-15,2006.0,1987,1988.0,,False,closed,wrds_classroom_sp500_changes,
KORS,"CPRI, KORS",CPRI|KORS,MICHAEL KORS HOLDINGS LTD; CAPRI HOLDINGS LTD,13142.0,2013-11-13,2020-05-11,,2013,2020.0,,False,closed,wrds_classroom_sp500_changes,
KR,KR,KR,Kroger,,1957-03-04,,1962.0,1957,,,True,current,wikipedia_current_sp500,
KRA,"ND, KRA",ND|KRA,KRAFT INC; NATIONAL DAIRY PRODS CORP; KRAFTCO CORP,12730.0,1950-07-03,1980-09-26,,1950,1980.0,,False,closed,wrds_classroom_sp500_changes,
KRA,"KRA, DKI",KRA|DKI,DART & KRAFT INC; KRAFT INC NEW,61970.0,1980-09-29,1988-12-07,,1980,1988.0,,False,closed,wrds_classroom_sp500_changes,
KRB,KRB,KRB,M B N A CORP,76557.0,1992-04-23,2005-12-30,,1992,2005.0,,False,closed,wrds_classroom_sp500_changes,
KRFT,KRFT,KRFT,KRAFT FOODS GROUP INC,13598.0,2012-10-02,2015-07-02,,2012,2015.0,,False,closed,wrds_classroom_sp500_changes,
KRI,"KRI, KRN, KNI",KRI|KRN|KNI,KNIGHT RIDDER NEWSPAPERS INC; KNIGHT NEWSPAPERS INC; KNIGHT RIDDER INC,48960.0,1975-12-11,2006-06-27,2006.0,1975,2006.0,2019.0,False,closed,wrds_classroom_sp500_changes,
KRN,"KRI, KRN, KNI",KRI|KRN|KNI,KNIGHT RIDDER NEWSPAPERS INC; KNIGHT NEWSPAPERS INC; KNIGHT RIDDER INC,48960.0,1975-12-11,2006-06-27,2014.0,1975,2006.0,2018.0,False,closed,wrds_classroom_sp500_changes,
KSC,KSC,KSC,KRESS S H & CO,12757.0,1957-03-01,1963-12-04,2000.0,1957,1963.0,2017.0,False,closed,wrds_classroom_sp500_changes,
KSE,"KSE, BU",KSE|BU,KEYSPAN ENERGY CORP; BROOKLYN UNION GAS CO,10823.0,1957-03-01,1983-11-30,,1957,1983.0,,False,closed,wrds_classroom_sp500_changes,
KSE,"KSE, LIL, LLT, MN",KSE|LIL|LLT|MN,KEYSPAN CORP; MARKETSPAN CORP; LONG ISLAND LTG CO; KEYSPAN ENERGY,24360.0,2000-08-21,2007-08-24,,2000,2007.0,,False,closed,wrds_classroom_sp500_changes,
KSP,KSP,KSP,K V P SUTHERLAND PAPER CO; SUTHERLAND PAPER CO,19772.0,1957-03-01,1966-05-18,,1957,1966.0,,False,closed,wrds_classroom_sp500_changes,
KSR,"WCI, KSR, KNS",WCI|KSR|KNS,WARNER COMMUNICATIONS INC; KINNEY SERVICE CORP; KINNEY SERVICES INC; KINNEY NATIONAL SERVICE INC,38551.0,1975-10-16,1989-08-02,,1975,1989.0,,False,closed,wrds_classroom_sp500_changes,
KSS,KSS,KSS,KOHLS CORP,77606.0,1998-08-14,2020-09-18,1992.0,1998,2020.0,,False,closed,wrds_classroom_sp500_changes,
KSU,KSU,KSU,KANSAS CITY SOUTHERN; KANSAS CITY SOUTHERN RY CO; KANSAS CITY SOUTHERN INDS INC,12650.0,1958-06-04,1976-06-30,,1958,1976.0,,False,closed,wrds_classroom_sp500_changes,
KSU,KSU,KSU,KANSAS CITY SOUTHERN; KANSAS CITY SOUTHERN RY CO; KANSAS CITY SOUTHERN INDS INC,12650.0,1999-04-05,2000-07-12,,1999,2000.0,,False,closed,wrds_classroom_sp500_changes,
KSU,KSU,KSU,KANSAS CITY SOUTHERN; KANSAS CITY SOUTHERN RY CO; KANSAS CITY SOUTHERN INDS INC,12650.0,2013-05-24,2021-12-13,,2013,2021.0,,False,closed,wrds_classroom_sp500_changes,
KTB,KTB,KTB,KONTOOR BRANDS INC,18578.0,2019-05-23,2019-05-23,2019.0,2019,2019.0,,False,closed,wrds_classroom_sp500_changes,
KTY,"KTY, KFC",KTY|KFC,KENTUCKY FRIED CHICKEN CORP,47482.0,1970-06-25,1971-07-14,,1970,1971.0,,False,closed,wrds_classroom_sp500_changes,
KVUE,KVUE,KVUE,Kenvue,,2023-08-25,,2023.0,2023,,,True,current,wikipedia_selected_changes;wikipedia_current_sp500,S&P 500 and S&P 100 constituent Johnson & Johnson offered to exchange the shares of Kenvue held for shares of Johnson & Johnson in a split-off exchange offer.[36]; current as of source; WRDS cutoff 2022-12-30
KW,KW,KW,KELSEY WHEEL CO; KELSEY HAYES CO; KELSEY HAYES WHEEL INC; KELSEY HAYES WHEEL CORP,16280.0,1967-09-28,1973-11-14,2007.0,1967,1973.0,,False,closed,wrds_classroom_sp500_changes,
KWP,"KWP, KING",KWP|KING,KING WORLD PRODUCTIONS INC,89392.0,1989-02-09,1999-11-15,,1989,1999.0,,False,closed,wrds_classroom_sp500_changes,
KYR,KYR,KYR,KAYSER JULIUS & CO; KAYSER ROTH CORP,12669.0,1957-03-01,1975-10-15,2007.0,1957,1975.0,2017.0,False,closed,wrds_classroom_sp500_changes,
L,L,L,CONSOLIDATED OIL CORP; SINCLAIR CONS OIL CORP; SINCLAIR OIL CORP,14429.0,1957-03-01,1969-03-05,1980.0,1957,1969.0,,False,closed,wrds_classroom_sp500_changes,
L,"LTR, L",LTR|L,Loews Corporation,26710.0,1995-05-10,,1980.0,1995,,,True,current,wrds_classroom_sp500_changes;wikipedia_current_sp500,current as of source; WRDS cutoff 2022-12-30
LB,"LTD, BBWI, LB, LIMT",LTD|BBWI|LB|LIMT,LIMITED STORES INC; BATH & BODY WORKS INC; L BRANDS INC; LIMITED INC; LIMITED BRANDS INC,64282.0,1983-09-15,2024-10-01,2024.0,1983,2024.0,,False,closed,wrds_classroom_sp500_changes,
LCE,LCE,LCE,INTERNATIONAL CEMENT CORP; LONE STAR CEMENT CORP; LONE STAR INDUSTRIES INC,12888.0,1941-08-20,1990-12-11,,1941,1990.0,,False,closed,wrds_classroom_sp500_changes,
LDDS,"LDDSA, ADCO, WCOM, LDDS",LDDSA|ADCO|WCOM|LDDS,WORLDCOM INC GA NEW; ADVANTAGE COS INC; L D D S COMMUNICATIONS INC GA; M C I WORLDCOM INC; L D D S COMMUNICATIONS INC; WORLDCOM INC GA,11042.0,1996-04-01,2002-05-14,,1996,2002.0,,False,closed,wrds_classroom_sp500_changes,
LDDSA,"LDDSA, ADCO, WCOM, LDDS",LDDSA|ADCO|WCOM|LDDS,WORLDCOM INC GA NEW; ADVANTAGE COS INC; L D D S COMMUNICATIONS INC GA; M C I WORLDCOM INC; L D D S COMMUNICATIONS INC; WORLDCOM INC GA,11042.0,1996-04-01,2002-05-14,,1996,2002.0,,False,closed,wrds_classroom_sp500_changes,
LDG,LDG,LDG,LONGS DRUG STORES INC,53612.0,1985-11-21,2001-06-29,2015.0,1985,2001.0,2022.0,False,closed,wrds_classroom_sp500_changes,
LDMFB,"LDW, LDMFB",LDW|LDMFB,LAIDLAW TRANSPORTATION LTD; LAIDLAW INC,76512.0,1995-04-03,1999-12-07,,1995,1999.0,,False,closed,wrds_classroom_sp500_changes,
LDOS,"SAI, LDOS",SAI|LDOS,S A I C INC; LEIDOS HOLDINGS INC,91547.0,2009-12-21,2013-09-20,2006.0,2009,2013.0,,False,closed,wrds_classroom_sp500_changes,
LDOS,"SAI, LDOS",SAI|LDOS,Leidos,91547.0,2019-08-09,,2006.0,2019,,,True,current,wrds_classroom_sp500_changes;wikipedia_current_sp500,current as of source; WRDS cutoff 2022-12-30
LDW,"LDW, LDMFB",LDW|LDMFB,LAIDLAW TRANSPORTATION LTD; LAIDLAW INC,76512.0,1995-04-03,1999-12-07,,1995,1999.0,,False,closed,wrds_classroom_sp500_changes,
LEG,"LEGG, LEG",LEGG|LEG,LEGGETT & PLATT INC,60943.0,1999-10-18,2021-12-17,1980.0,1999,2021.0,,False,closed,wrds_classroom_sp500_changes,
LEGG,"LEGG, LEG",LEGG|LEG,LEGGETT & PLATT INC,60943.0,1999-10-18,2021-12-17,,1999,2021.0,,False,closed,wrds_classroom_sp500_changes,
LEH,LEH,LEH,LEHMAN BROTHERS HOLDINGS INC,80599.0,1998-01-12,2008-09-16,,1998,2008.0,,False,closed,wrds_classroom_sp500_changes,
LEN,LEN,LEN,Lennar,52708.0,2005-10-04,,1980.0,2005,,,True,current,wrds_classroom_sp500_changes;wikipedia_current_sp500,current as of source; WRDS cutoff 2022-12-30
LG,"LG, SR",LG|SR,SPIRE INC; LACLEDE GAS & LT CO; LACLEDE GROUP INC; LACLEDE GAS CO,12781.0,1957-03-01,1976-06-30,,1957,1976.0,,False,closed,wrds_classroom_sp500_changes,
LGT,"LM, LGT",LM|LGT,LIGGETT GROUP INC; LIGGETT & MYERS INC; LIGGETT & MYERS TOB CO,12837.0,1957-03-01,1980-08-27,,1957,1980.0,,False,closed,wrds_classroom_sp500_changes,
LH,"LH, NH, NHLI",LH|NH|NHLI,NATIONAL HEALTH LABS HLDGS INC; LABORATORY CORP AMERICA HLDGS; NATIONAL HEALTH LABORATORIES INC,12062.0,2004-11-01,,1990.0,2004,,,False,open_unknown_after_source_cutoff,wrds_classroom_sp500_changes,left date unknown after membership source cutoff
LH,LH,LH,Labcorp,,2004-11-01,,1990.0,2004,,,True,current,wikipedia_current_sp500,
LHX,"HRS, LHX, HI",HRS|LHX|HI,L3HARRIS TECHNOLOGIES INC; HARRIS CORP; HARRIS SEYBOLD CO; HARRIS INTERTYPE CORP,25582.0,1957-03-01,1963-03-13,1981.0,1957,1963.0,,False,closed,wrds_classroom_sp500_changes,
LHX,"HRS, LHX, HI",HRS|LHX|HI,L3HARRIS TECHNOLOGIES INC; HARRIS CORP; HARRIS SEYBOLD CO; HARRIS INTERTYPE CORP,25582.0,1980-06-26,1999-11-05,1981.0,1980,1999.0,,False,closed,wrds_classroom_sp500_changes,
LHX,"HRS, LHX, HI",HRS|LHX|HI,L3Harris,25582.0,2008-09-22,,1981.0,2008,,,True,current,wrds_classroom_sp500_changes;wikipedia_current_sp500,current as of source; WRDS cutoff 2022-12-30
LIFE,"LIFE, IVGN",LIFE|IVGN,LIFE TECHNOLOGIES CORP; INVITROGEN CORP,86725.0,2008-11-24,2014-01-23,,2008,2014.0,,False,closed,wrds_classroom_sp500_changes,
LII,LII,LII,Lennox International,,2024-12-23,,1999.0,2024,,,True,current,wikipedia_selected_changes;wikipedia_current_sp500,Novo Holdings A/S acquired Catalent.[24]; current as of source; WRDS cutoff 2022-12-30
LIL,LIL,LIL,LILY TULIP CUP CORP,19211.0,1957-03-01,1968-11-06,,1957,1968.0,,False,closed,wrds_classroom_sp500_changes,
LIL,"KSE, LIL, LLT, MN",KSE|LIL|LLT|MN,KEYSPAN CORP; MARKETSPAN CORP; LONG ISLAND LTG CO; KEYSPAN ENERGY,24360.0,2000-08-21,2007-08-24,,2000,2007.0,,False,closed,wrds_classroom_sp500_changes,
LIMT,"LTD, BBWI, LB, LIMT",LTD|BBWI|LB|LIMT,LIMITED STORES INC; BATH & BODY WORKS INC; L BRANDS INC; LIMITED INC; LIMITED BRANDS INC,64282.0,1983-09-15,2024-10-01,,1983,2024.0,,False,closed,wrds_classroom_sp500_changes,
LIN,LIN,LIN,Linde plc,18143.0,1992-07-01,,1992.0,1992,,,True,current,wrds_classroom_sp500_changes;wikipedia_current_sp500,current as of source; WRDS cutoff 2022-12-30
LINB,LINB,LINB,LIN BROADCASTING CORP,49606.0,1985-08-01,1990-03-02,,1985,1990.0,,False,closed,wrds_classroom_sp500_changes,
LIT,LIT,LIT,LITTON INDUSTRIES INC,26294.0,1959-03-25,1974-10-16,2010.0,1959,1974.0,,False,closed,wrds_classroom_sp500_changes,
LIT,LIT,LIT,LITTON INDUSTRIES INC,26294.0,1978-10-05,1994-03-17,2010.0,1978,1994.0,,False,closed,wrds_classroom_sp500_changes,
LITE,LITE,LITE,Lumentum,,2026-03-23,,2015.0,2026,,,True,current,wikipedia_selected_changes;wikipedia_current_sp500,Market capitalization change.[9]; current as of source; WRDS cutoff 2022-12-30
LIZ,"LIZ, LIZC, FNP, KATE",LIZ|LIZC|FNP|KATE,LIZ CLAIBORNE INC; FIFTH & PACIFIC COMPANIES INC; KATE SPADE & CO,49905.0,1984-10-25,2008-12-01,,1984,2008.0,,False,closed,wrds_classroom_sp500_changes,
LIZC,"LIZ, LIZC, FNP, KATE",LIZ|LIZC|FNP|KATE,LIZ CLAIBORNE INC; FIFTH & PACIFIC COMPANIES INC; KATE SPADE & CO,49905.0,1984-10-25,2008-12-01,,1984,2008.0,,False,closed,wrds_classroom_sp500_changes,
LJ,LJ,LJ,LIBBY MC NEILL & LIBBY,19756.0,1957-03-01,1976-01-14,2009.0,1957,1976.0,2018.0,False,closed,wrds_classroom_sp500_changes,
LK,"LK, LMT",LK|LMT,LOCKHEED CORP; LOCKHEED AIRCRAFT CORP; LOCKHEED MARTIN CORP,21178.0,1957-03-01,1975-12-10,,1957,1975.0,,False,closed,wrds_classroom_sp500_changes,
LK,"LK, LMT",LK|LMT,Lockheed Martin,21178.0,1957-03-04,,,1957,,,False,open_unknown_after_source_cutoff,wrds_classroom_sp500_changes;wikipedia_current_sp500,current as of source; WRDS cutoff 2022-12-30; historical alias; current ticker match is LMT; left date unknown after membership source cutoff
LKB,LKB,LKB,LINK BELT CO,17451.0,1957-03-01,1967-06-28,2014.0,1957,1967.0,2016.0,False,closed,wrds_classroom_sp500_changes,
LKQ,"LKQX, LKQ",LKQX|LKQ,L K Q CORP,89866.0,2016-05-23,2025-12-22,2003.0,2016,2025.0,,False,closed,wrds_classroom_sp500_changes,
LKQX,"LKQX, LKQ",LKQX|LKQ,L K Q CORP,89866.0,2016-05-23,2025-12-22,,2016,2025.0,,False,closed,wrds_classroom_sp500_changes,
LKS,LKS,LKS,LUCKY STORES INC,40053.0,1976-01-15,1988-06-08,2007.0,1976,1988.0,2018.0,False,closed,wrds_classroom_sp500_changes,
LL,LL,LL,LORILLARD CORP; LORILLARD P CO,12896.0,1957-03-01,1968-12-10,,1957,1968.0,,False,closed,wrds_classroom_sp500_changes,
LLC,"VHI, LLC",VHI|LLC,LIBERTY LN CORP; VALHI INC NEW; LLC CORP,45225.0,1968-08-01,1972-09-20,,1968,1972.0,,False,closed,wrds_classroom_sp500_changes,
LLE,"REN, SK, RENA, LLE",REN|SK|RENA|LLE,ROLLINS ENVIRONMENTAL SVCS INC; LAIDLAW ENVIRONMENTAL SVCS INC; SAFETY KLEEN CORP NEW,64477.0,1985-11-21,1995-03-31,,1985,1995.0,,False,closed,wrds_classroom_sp500_changes,
LLL,LLL,LLL,L 3 COMMUNICATIONS HLDGS INC; L 3 TECHNOLOGIES INC,86021.0,2004-12-01,2019-06-28,,2004,2019.0,,False,closed,wrds_classroom_sp500_changes,
LLSI,"LSI, LLSI",LSI|LLSI,L S I CORP NEW; L S I LOGIC CORP,48267.0,1995-12-13,2014-05-07,,1995,2014.0,,False,closed,wrds_classroom_sp500_changes,
LLT,"KSE, LIL, LLT, MN",KSE|LIL|LLT|MN,KEYSPAN CORP; MARKETSPAN CORP; LONG ISLAND LTG CO; KEYSPAN ENERGY,24360.0,2000-08-21,2007-08-24,,2000,2007.0,,False,closed,wrds_classroom_sp500_changes,
LLTC,LLTC,LLTC,LINEAR TECHNOLOGY CORP,10299.0,2000-04-03,2017-03-10,,2000,2017.0,,False,closed,wrds_classroom_sp500_changes,
LLX,LLX,LLX,LOUISIANA LAND & EXPLORATION CO,33814.0,1969-01-09,1997-10-22,,1969,1997.0,,False,closed,wrds_classroom_sp500_changes,
LLY,LLY,LLY,Lilly (Eli),50876.0,1970-11-19,,1972.0,1970,,,True,current,wrds_classroom_sp500_changes;wikipedia_current_sp500,current as of source; WRDS cutoff 2022-12-30
LM,"LM, LGT",LM|LGT,LIGGETT GROUP INC; LIGGETT & MYERS INC; LIGGETT & MYERS TOB CO,12837.0,1957-03-01,1980-08-27,,1957,1980.0,,False,closed,wrds_classroom_sp500_changes,
LM,LM,LM,LEGG MASON INC,65330.0,2006-04-24,2016-12-01,,2006,2016.0,,False,closed,wrds_classroom_sp500_changes,
LMT,"LK, LMT",LK|LMT,LOCKHEED CORP; LOCKHEED AIRCRAFT CORP; LOCKHEED MARTIN CORP,21178.0,1957-03-01,1975-12-10,1962.0,1957,1975.0,,False,closed,wrds_classroom_sp500_changes,
LMT,"LK, LMT",LK|LMT,Lockheed Martin,21178.0,1957-03-04,,1962.0,1957,,,True,current,wrds_classroom_sp500_changes;wikipedia_current_sp500,current as of source; WRDS cutoff 2022-12-30
LN,LN,LN,LOUISVILLE & NASHVILLE RR CO,12909.0,1925-12-31,1971-06-23,,1925,1971.0,,False,closed,wrds_classroom_sp500_changes,
LNC,LNC,LNC,LINCOLN NATIONAL CORP,49015.0,1976-07-01,2023-09-18,1980.0,1976,2023.0,,False,closed,wrds_classroom_sp500_changes,
LNH,"TMK, LNH, GL",TMK|LNH|GL,Globe Life,62308.0,1989-04-27,,,1989,,,False,open_unknown_after_source_cutoff,wrds_classroom_sp500_changes;wikipedia_current_sp500,current as of source; WRDS cutoff 2022-12-30; historical alias; current ticker match is GL; left date unknown after membership source cutoff
LNT,"WPH, LNT, WPWR, WPL",WPH|LNT|WPWR|WPL,Alliant Energy,58819.0,2016-07-01,,1973.0,2016,,,True,current,wrds_classroom_sp500_changes;wikipedia_current_sp500,current as of source; WRDS cutoff 2022-12-30
LNY,LNY,LNY,LANE BRYANT INC,19107.0,1957-03-01,1964-02-19,,1957,1964.0,,False,closed,wrds_classroom_sp500_changes,
LO,LO,LO,LORILLARD INC,17279.0,2008-06-11,2015-06-11,,2008,2015.0,,False,closed,wrds_classroom_sp500_changes,
LOF,"LOF, ANV, TNV",LOF|ANV|TNV,AEROQUIP VICKERS INC; LIBBEY OWENS GLASS CO; LIBBEY OWENS FORD GLASS CO; LIBBEY OWENS FORD CO; TRINOVA CORP,18147.0,1957-03-01,1999-04-09,,1957,1999.0,,False,closed,wrds_classroom_sp500_changes,
LOM,"LOM, LOMK, RRC",LOM|LOMK|RRC,LOMAK PETROLEUM INC; RANGE RESOURCES CORP,50017.0,2007-12-21,2018-06-15,2000.0,2007,2018.0,2017.0,False,closed,wrds_classroom_sp500_changes,
LOMK,"LOM, LOMK, RRC",LOM|LOMK|RRC,LOMAK PETROLEUM INC; RANGE RESOURCES CORP,50017.0,2007-12-21,2018-06-15,,2007,2018.0,,False,closed,wrds_classroom_sp500_changes,
LOR,LOR,LOR,LORAL ELECTRONICS CORP; LORAL CORP,33785.0,1985-09-05,1996-04-22,,1985,1996.0,,False,closed,wrds_classroom_sp500_changes,
LOTS,LOTS,LOTS,LOTUS DEVELOPMENT CORP,50156.0,1986-09-18,1995-07-03,1997.0,1986,1995.0,2016.0,False,closed,wrds_classroom_sp500_changes,
LOW,LOW,LOW,Lowe's,,1984-02-29,,1980.0,1984,,,True,current,wikipedia_current_sp500,
LOW,"LOW, LOWE",LOW|LOWE,LOWES COMPANIES INC,61399.0,1984-03-01,,1980.0,1984,,,False,open_unknown_after_source_cutoff,wrds_classroom_sp500_changes,left date unknown after membership source cutoff
LOWE,"LOW, LOWE",LOW|LOWE,LOWES COMPANIES INC,61399.0,1984-03-01,,,1984,,,False,open_unknown_after_source_cutoff,wrds_classroom_sp500_changes,left date unknown after membership source cutoff
LPT,LPT,LPT,LEHIGH PORTLAND CEM CO,16731.0,1957-03-01,1977-11-02,,1957,1977.0,,False,closed,wrds_classroom_sp500_changes,
LPX,LPX,LPX,LOUISIANA PACIFIC CORP,56223.0,1974-10-17,2006-11-09,1980.0,1974,2006.0,,False,closed,wrds_classroom_sp500_changes,
LRC,"APEC, LRC, APY, CFS",APEC|LRC|APY|CFS,APECO CORP; AMERICAN PHOTOCOPY EQUIP CO; COMFORCE CORP; LORI CORP,68523.0,1962-02-14,1966-10-12,,1962,1966.0,,False,closed,wrds_classroom_sp500_changes,
LRCX,LRCX,LRCX,LAM RESH CORP,48486.0,2012-06-05,,1984.0,2012,,,False,open_unknown_after_source_cutoff,wrds_classroom_sp500_changes,left date unknown after membership source cutoff
LRCX,LRCX,LRCX,Lam Research,,2012-06-29,,1984.0,2012,,,True,current,wikipedia_current_sp500,
LSG,"ENS, LSG",ENS|LSG,LONE STAR GAS CO; ENSERCH CORP,25056.0,1957-03-01,1997-08-05,,1957,1997.0,,False,closed,wrds_classroom_sp500_changes,
LSI,"LSI, LLSI",LSI|LLSI,L S I CORP NEW; L S I LOGIC CORP,48267.0,1995-12-13,2014-05-07,,1995,2014.0,,False,closed,wrds_classroom_sp500_changes,
LSO,LSO,LSO,LEESONA CORP,28003.0,1961-09-20,1978-04-12,2007.0,1961,1978.0,2017.0,False,closed,wrds_classroom_sp500_changes,
LST,LST,LST,LOWENSTEIN M & SONS; LOWENSTEIN M & SONS INC; LOWENSTEIN M CORP,22728.0,1957-03-01,1985-11-13,2025.0,1957,1985.0,,False,closed,wrds_classroom_sp500_changes,
LT,"LT, NL",LT|NL,N L INDUSTRIES INC; NATIONAL LEAD CO,13303.0,1957-03-01,1994-01-03,,1957,1994.0,,False,closed,wrds_classroom_sp500_changes,
LT,"LT, TPIX",LT|TPIX,LORIMAR TELEPICTURES CORP; TELEPICTURES CORP,69024.0,1986-04-03,1989-01-11,,1986,1989.0,,False,closed,wrds_classroom_sp500_changes,
LTC,LTC,LTC,LEASEWAY TRANSPORTATION CORP,43318.0,1982-09-09,1987-07-08,1992.0,1982,1987.0,,False,closed,wrds_classroom_sp500_changes,
LTD,"LTD, BBWI, LB, LIMT",LTD|BBWI|LB|LIMT,LIMITED STORES INC; BATH & BODY WORKS INC; L BRANDS INC; LIMITED INC; LIMITED BRANDS INC,64282.0,1983-09-15,2024-10-01,,1983,2024.0,,False,closed,wrds_classroom_sp500_changes,
LTE,"LTE, ESY",LTE|ESY,E SYSTEMS INC; L T V ELECTROSYSTEMS INC,43342.0,1985-11-14,1995-04-28,2015.0,1985,1995.0,2020.0,False,closed,wrds_classroom_sp500_changes,
LTR,"LTR, L",LTR|L,Loews Corporation,26710.0,1995-05-10,,2006.0,1995,,2017.0,False,open_unknown_after_source_cutoff,wrds_classroom_sp500_changes;wikipedia_current_sp500,current as of source; WRDS cutoff 2022-12-30; historical alias; current ticker match is L; left date unknown after membership source cutoff
LTV,LTV,LTV,LING TEMCO VOUGHT INC; L T V CORP; TEMCO AIRCRAFT CORP; LING TEMCO ELECTRS INC,25507.0,1984-07-19,1986-07-23,,1984,1986.0,,False,closed,wrds_classroom_sp500_changes,
LU,LU,LU,LUCENT TECHNOLOGIES INC,83332.0,1996-10-01,2006-11-30,2020.0,1996,2006.0,,False,closed,wrds_classroom_sp500_changes,
LUB,"LUBY, LUB, CAFE",LUBY|LUB|CAFE,LUBYS CAFETERIAS INC; CAFETERIAS INC; LUBYS INC,64020.0,1985-05-16,1996-12-31,,1985,1996.0,,False,closed,wrds_classroom_sp500_changes,
LUBY,"LUBY, LUB, CAFE",LUBY|LUB|CAFE,LUBYS CAFETERIAS INC; CAFETERIAS INC; LUBYS INC,64020.0,1985-05-16,1996-12-31,,1985,1996.0,,False,closed,wrds_classroom_sp500_changes,
LUK,"LUK, TLC, JEF",LUK|TLC|JEF,JEFFERIES FINANCIAL GROUP INC; TALCOTT JAMES INC; LEUCADIA NATIONAL CORP; TALCOTT NATIONAL CORP,20415.0,1961-09-06,1963-09-18,,1961,1963.0,,False,closed,wrds_classroom_sp500_changes,
LUK,"LUK, TLC, JEF",LUK|TLC|JEF,JEFFERIES FINANCIAL GROUP INC; TALCOTT JAMES INC; LEUCADIA NATIONAL CORP; TALCOTT NATIONAL CORP,20415.0,1969-07-03,1976-06-30,,1969,1976.0,,False,closed,wrds_classroom_sp500_changes,
LUK,"LUK, TLC, JEF",LUK|TLC|JEF,JEFFERIES FINANCIAL GROUP INC; TALCOTT JAMES INC; LEUCADIA NATIONAL CORP; TALCOTT NATIONAL CORP,20415.0,2007-08-27,2019-09-25,,2007,2019.0,,False,closed,wrds_classroom_sp500_changes,
LULU,LULU,LULU,Lululemon Athletica,,2023-10-18,,2007.0,2023,,,True,current,wikipedia_selected_changes;wikipedia_current_sp500,S&P 500 and S&P 100 constituent Microsoft acquired Activision Blizzard.[33]; current as of source; WRDS cutoff 2022-12-30
LUMN,"CTL, LUMN",CTL|LUMN,CENTURYTEL INC; CENTURY TELEPHONE ENTRPRS INC; LUMEN TECHOLOGIES INC; CENTURYLINK INC,60599.0,1999-03-25,2023-03-20,1980.0,1999,2023.0,,False,closed,wrds_classroom_sp500_changes,
LUV,"SOAL, LUV",SOAL|LUV,Southwest Airlines,58683.0,1994-07-01,,1980.0,1994,,,True,current,wrds_classroom_sp500_changes;wikipedia_current_sp500,current as of source; WRDS cutoff 2022-12-30
LVI,LVI,LVI,LEVI STRAUSS & CO,52564.0,1979-05-03,1985-09-04,,1979,1985.0,,False,closed,wrds_classroom_sp500_changes,
LVLT,LVLT,LVLT,LEVEL 3 COMMUNICATIONS INC,85991.0,2014-11-05,2017-10-12,,2014,2017.0,,False,closed,wrds_classroom_sp500_changes,
LVOC,"UCT, LVOC, UCTV",UCT|LVOC|UCTV,L V O CABLE INC; UNITED CABLE TELEVISION,63802.0,1986-01-09,1989-05-31,,1986,1989.0,,False,closed,wrds_classroom_sp500_changes,
LVS,LVS,LVS,Las Vegas Sands,90505.0,2019-10-03,,2004.0,2019,,,True,current,wrds_classroom_sp500_changes;wikipedia_current_sp500,current as of source; WRDS cutoff 2022-12-30
LW,LW,LW,LAMB WESTON HOLDINGS INC,16431.0,2016-11-10,2016-11-10,2016.0,2016,2016.0,,False,closed,wrds_classroom_sp500_changes,
LW,LW,LW,LAMB WESTON HOLDINGS INC,16431.0,2018-12-03,2026-03-23,2016.0,2018,2026.0,,False,closed,wrds_classroom_sp500_changes,
LXK,LXK,LXK,LEXMARK INTERNATIONAL GROUP INC; LEXMARK INTERNATIONAL INC NEW,82643.0,1999-08-13,2012-09-28,,1999,2012.0,,False,closed,wrds_classroom_sp500_changes,
LY,"LY, LYK",LY|LYK,LYKES CORP DE; LYKES BROTHERS SS CO; LYKES CORP; LYKES YOUNGSTOWN CORP,26569.0,1969-05-29,1978-12-13,,1969,1978.0,,False,closed,wrds_classroom_sp500_changes,
LYB,LYB,LYB,LyondellBasell,12345.0,2012-09-05,,2010.0,2012,,,True,current,wrds_classroom_sp500_changes;wikipedia_current_sp500,current as of source; WRDS cutoff 2022-12-30
LYK,"LY, LYK",LY|LYK,LYKES CORP DE; LYKES BROTHERS SS CO; LYKES CORP; LYKES YOUNGSTOWN CORP,26569.0,1969-05-29,1978-12-13,,1969,1978.0,,False,closed,wrds_classroom_sp500_changes,
LYV,LYV,LYV,Live Nation Entertainment,91041.0,2019-12-23,,2005.0,2019,,,True,current,wrds_classroom_sp500_changes;wikipedia_current_sp500,current as of source; WRDS cutoff 2022-12-30
M,M,M,MONTGOMERY WARD & CO; MARCOR INC,13063.0,1957-03-01,1976-06-30,1992.0,1957,1976.0,,False,closed,wrds_classroom_sp500_changes,
M,"FD, M",FD|M,FEDERATED DEPARTMENT STRS INC NE; FEDERATED DEPT STORES INC DEL; MACYS INC,77462.0,1995-12-01,2020-04-03,1992.0,1995,2020.0,,False,closed,wrds_classroom_sp500_changes,
MA,"MAY, MA",MAY|MA,MAY DEPARTMENT STORES CO,13100.0,1944-06-07,2005-08-29,2006.0,1944,2005.0,,False,closed,wrds_classroom_sp500_changes,
MA,MA,MA,Mastercard,91233.0,2008-07-18,,2006.0,2008,,,True,current,wrds_classroom_sp500_changes;wikipedia_current_sp500,current as of source; WRDS cutoff 2022-12-30
MAA,MAA,MAA,Mid-America Apartment Communities,80183.0,2016-12-02,,1994.0,2016,,,True,current,wrds_classroom_sp500_changes;wikipedia_current_sp500,current as of source; WRDS cutoff 2022-12-30
MAC,"MD, MAC",MD|MAC,MCDONNELL CO; MCDONNELL DOUGLAS CORP; MCDONNELL AIRCRAFT CORP,26729.0,1965-10-14,1997-07-31,1994.0,1965,1997.0,,False,closed,wrds_classroom_sp500_changes,
MAC,MAC,MAC,MACERICH CO,80399.0,2013-05-09,2019-12-20,1994.0,2013,2019.0,,False,closed,wrds_classroom_sp500_changes,
MAE,MAE,MAE,MONROE AUTO EQUIP CO,46201.0,1973-11-15,1977-06-29,,1973,1977.0,,False,closed,wrds_classroom_sp500_changes,
MAG,MAG,MAG,MAGNAVOX CO; MAGNAVOX COMPANY,23018.0,1957-03-01,1974-10-16,,1957,1974.0,,False,closed,wrds_classroom_sp500_changes,
MAI,MAI,MAI,MICROWAVE ASSOCIATION INC; M A COM INC,34147.0,1980-11-20,1995-06-30,2006.0,1980,1995.0,2018.0,False,closed,wrds_classroom_sp500_changes,
MAK,MAK,MAK,MACKE CO; MACKE VENDING CO,33873.0,1968-09-12,1981-02-25,,1968,1981.0,,False,closed,wrds_classroom_sp500_changes,
MAN,"MAN, JM",MAN|JM,JOHNS MANVILLE CORP; MANVILLE CORP,16707.0,1941-08-20,1982-09-15,1988.0,1941,1982.0,,False,closed,wrds_classroom_sp500_changes,
MANR,"MNR, MANR",MNR|MANR,MANOR CARE INC,59926.0,1986-06-12,1998-09-25,,1986,1998.0,,False,closed,wrds_classroom_sp500_changes,
MANT,"MTW, MANT",MTW|MANT,MANITOWOC CO INC,51263.0,2007-11-16,2009-08-31,,2007,2009.0,,False,closed,wrds_classroom_sp500_changes,
MAR,MAR,MAR,MARRIOTT INTERNATIONAL INC NEW; MARRIOTT INTERNATIONAL INC,79764.0,1993-10-12,1998-05-20,1998.0,1993,1998.0,,False,closed,wrds_classroom_sp500_changes,
MAR,MAR,MAR,Marriott International,85913.0,1998-05-21,,1998.0,1998,,,True,current,wrds_classroom_sp500_changes;wikipedia_current_sp500,current as of source; WRDS cutoff 2022-12-30
MAS,MAS,MAS,Masco,34032.0,1981-06-18,,1980.0,1981,,,True,current,wrds_classroom_sp500_changes;wikipedia_current_sp500,current as of source; WRDS cutoff 2022-12-30
MAT,MAT,MAT,MATTEL INC,39538.0,1972-09-21,1975-03-05,1976.0,1972,1975.0,,False,closed,wrds_classroom_sp500_changes,
MAT,MAT,MAT,MATTEL INC,39538.0,1982-03-11,2019-06-06,1976.0,1982,2019.0,,False,closed,wrds_classroom_sp500_changes,
MAY,"MAY, MA",MAY|MA,MAY DEPARTMENT STORES CO,13100.0,1944-06-07,2005-08-29,2005.0,1944,2005.0,2018.0,False,closed,wrds_classroom_sp500_changes,
MAYS,"MAYS, MJW",MAYS|MJW,MAYS J W INC,27617.0,1961-12-06,1964-02-19,1984.0,1961,1964.0,,False,closed,wrds_classroom_sp500_changes,
MB,MB,MB,MILTON BRADLEY CO,43510.0,1972-09-21,1984-09-12,2025.0,1972,1984.0,,False,closed,wrds_classroom_sp500_changes,
MBI,MBI,MBI,M B I A INC,75175.0,1996-12-03,2009-12-18,1987.0,1996,2009.0,,False,closed,wrds_classroom_sp500_changes,
MCA,MCA,MCA,M C A INC,27086.0,1967-07-13,1990-12-28,,1967,1990.0,,False,closed,wrds_classroom_sp500_changes,
MCAF,"NET, MFE, MCAF, NETA",NET|MFE|MCAF|NETA,NETWORKS ASSOCIATES INC; MCAFEE INC; MCAFEE ASSOCIATES INC,77976.0,2008-12-23,2011-02-28,,2008,2011.0,,False,closed,wrds_classroom_sp500_changes,
MCAWA,MCAWA,MCAWA,MCCAW CELLULAR COMMS INC,11626.0,1993-07-01,1994-09-20,,1993,1994.0,,False,closed,wrds_classroom_sp500_changes,
MCCRK,"MKC, MCCRK",MKC|MCCRK,McCormick & Company,52090.0,2003-03-20,,,2003,,,False,open_unknown_after_source_cutoff,wrds_classroom_sp500_changes;wikipedia_current_sp500,current as of source; WRDS cutoff 2022-12-30; historical alias; current ticker match is MKC; left date unknown after membership source cutoff
MCD,MCD,MCD,MCDONALDS CORP,43449.0,1970-06-25,,1966.0,1970,,,False,open_unknown_after_source_cutoff,wrds_classroom_sp500_changes,left date unknown after membership source cutoff
MCD,MCD,MCD,McDonald's,,1970-06-30,,1966.0,1970,,,True,current,wikipedia_current_sp500,
MCHP,MCHP,MCHP,Microchip Technology,78987.0,2007-09-07,,1993.0,2007,,,True,current,wrds_classroom_sp500_changes;wikipedia_current_sp500,current as of source; WRDS cutoff 2022-12-30
MCIC,MCIC,MCIC,M C I COMMUNICATIONS CORP,50404.0,1982-06-24,1998-09-14,1997.0,1982,1998.0,,False,closed,wrds_classroom_sp500_changes,
MCK,"FOR, MCK",FOR|MCK,MCKESSON CORP; FOREMOST DAIRIES INC; FOREMOST MC KESSON INC,25646.0,1957-03-01,1967-07-12,1994.0,1957,1967.0,,False,closed,wrds_classroom_sp500_changes,
MCK,MCK,MCK,MC KESSON & ROBBINS INC,21266.0,1958-04-09,1967-07-19,1994.0,1958,1967.0,,False,closed,wrds_classroom_sp500_changes,
MCK,"FOR, MCK",FOR|MCK,MCKESSON CORP; FOREMOST DAIRIES INC; FOREMOST MC KESSON INC,25646.0,1988-02-11,1994-09-26,1994.0,1988,1994.0,,False,closed,wrds_classroom_sp500_changes,
MCK,"MCK, MKN",MCK|MKN,McKesson Corporation,81061.0,1999-01-13,,1994.0,1999,,,True,current,wrds_classroom_sp500_changes;wikipedia_current_sp500,current as of source; WRDS cutoff 2022-12-30
MCL,"MMR, MCL",MMR|MCL,MOORE MCCORMACK LINES INC; MOORE & MCCORMACK CO; MOORE MCCORMACK RESOURCES INC,22461.0,1957-03-01,1970-04-22,,1957,1970.0,,False,closed,wrds_classroom_sp500_changes,
MCL,"MWI, MCL",MWI|MCL,MOORE CORP LTD; MOORE WALLACE INC,62324.0,1987-08-20,1999-05-27,,1987,1999.0,,False,closed,wrds_classroom_sp500_changes,
MCO,"MCO, DNB",MCO|DNB,DUN & BRADSTREET CORP; DUN & BRADSTREET COS INC; MOODYS CORP; DUN & BRADSTREET CORP DEL; DUN & BRADSTREET INC,48506.0,1979-12-27,,1994.0,1979,,,False,open_unknown_after_source_cutoff,wrds_classroom_sp500_changes,left date unknown after membership source cutoff
MCO,MCO,MCO,Moody's Corporation,,1998-07-01,,1994.0,1998,,,True,current,wikipedia_current_sp500,
MCP,"MDC, MCP",MDC|MCP,MARYLAND CUP CORP,34024.0,1968-11-07,1983-09-07,2012.0,1968,1983.0,2022.0,False,closed,wrds_classroom_sp500_changes,
MCRN,"DRAM, MCRN, MU",DRAM|MCRN|MU,Micron Technology,53613.0,1994-09-27,,,1994,,,False,open_unknown_after_source_cutoff,wrds_classroom_sp500_changes;wikipedia_current_sp500,current as of source; WRDS cutoff 2022-12-30; historical alias; current ticker match is MU; left date unknown after membership source cutoff
MD,"MD, MAC",MD|MAC,MCDONNELL CO; MCDONNELL DOUGLAS CORP; MCDONNELL AIRCRAFT CORP,26729.0,1965-10-14,1997-07-31,1995.0,1965,1997.0,,False,closed,wrds_classroom_sp500_changes,
MDC,"MDC, MCP",MDC|MCP,MARYLAND CUP CORP,34024.0,1968-11-07,1983-09-07,,1968,1983.0,,False,closed,wrds_classroom_sp500_changes,
MDE,MDE,MDE,MCDERMOTT INC; MCDERMOTT J RAY & CO INC,26534.0,1971-08-19,1982-12-31,2011.0,1971,1982.0,2014.0,False,closed,wrds_classroom_sp500_changes,
MDLZ,"KFT, MDLZ",KFT|MDLZ,Mondelez International,89006.0,2007-04-02,,2001.0,2007,,,True,current,wrds_classroom_sp500_changes;wikipedia_current_sp500,current as of source; WRDS cutoff 2022-12-30
MDM,"CMX, MPTR, MDM",CMX|MPTR|MDM,MEDPARTNERS INC; CAREMARK RX INC; MEDPARTNERS INC NEW; MEDPARTNERS MULLIKIN INC,81262.0,2004-03-25,2007-03-22,,2004,2007.0,,False,closed,wrds_classroom_sp500_changes,
MDP,MDP,MDP,MEREDITH CORP,42796.0,1968-05-23,2011-01-03,,1968,2011.0,,False,closed,wrds_classroom_sp500_changes,
MDR,MDR,MDR,MCDERMOTT INTERNATIONAL INC,64629.0,1983-01-03,2003-08-19,,1983,2003.0,,False,closed,wrds_classroom_sp500_changes,
MDT,"MDT, MDTR",MDT|MDTR,Medtronic,60097.0,1986-10-23,,1973.0,1986,,,True,current,wrds_classroom_sp500_changes;wikipedia_current_sp500,current as of source; WRDS cutoff 2022-12-30
MDTR,"MDT, MDTR",MDT|MDTR,Medtronic,60097.0,1986-10-23,,,1986,,,False,open_unknown_after_source_cutoff,wrds_classroom_sp500_changes;wikipedia_current_sp500,current as of source; WRDS cutoff 2022-12-30; historical alias; current ticker match is MDT; left date unknown after membership source cutoff
MEA,MEA,MEA,MEAD CORP,19895.0,1957-03-01,2002-01-29,,1957,2002.0,,False,closed,wrds_classroom_sp500_changes,
MEDI,MEDI,MEDI,MEDIMMUNE INC,76656.0,2000-06-16,2007-05-31,2022.0,2000,2007.0,,False,closed,wrds_classroom_sp500_changes,
MEE,"FLR, MEE",FLR|MEE,MASSEY ENERGY CO; FLUOR CORP; FLUOR LTD,26382.0,1980-01-17,2000-12-21,2007.0,1980,2000.0,2017.0,False,closed,wrds_classroom_sp500_changes,
MEE,"FLR, MEE",FLR|MEE,MASSEY ENERGY CO; FLUOR CORP; FLUOR LTD,26382.0,2008-06-23,2011-06-01,2007.0,2008,2011.0,2017.0,False,closed,wrds_classroom_sp500_changes,
MEI,MEI,MEI,MINNESOTA ENTERPRISES INC; M E I DIVERSIFIED INC; TWIN CITY RAPID TRANSIT CO; M E I CORP,12933.0,1984-03-01,1986-06-04,1982.0,1984,1986.0,,False,closed,wrds_classroom_sp500_changes,
MEL,"MEL, MNBT",MEL|MNBT,MELLON BANK CORP; MELLON NATIONAL CORP; MELLON FINANCIAL CORP,59379.0,1976-07-01,2007-06-29,,1976,2007.0,,False,closed,wrds_classroom_sp500_changes,
MER,MER,MER,MERRILL LYNCH PIERCE FENNER; MERRILL LYNCH & CO INC,52919.0,1982-04-08,2008-12-31,2025.0,1982,2008.0,,False,closed,wrds_classroom_sp500_changes,
MERQ,MERQ,MERQ,MERCURY INTERACTIVE CORP,79718.0,2000-06-29,2006-01-03,,2000,2006.0,,False,closed,wrds_classroom_sp500_changes,
MET,MET,MET,METROMEDIA INC,28580.0,1963-09-05,1984-06-27,2000.0,1963,1984.0,,False,closed,wrds_classroom_sp500_changes,
MET,MET,MET,MetLife,87842.0,2000-12-11,,2000.0,2000,,,True,current,wrds_classroom_sp500_changes;wikipedia_current_sp500,current as of source; WRDS cutoff 2022-12-30
META,"FB, META",FB|META,Meta Platforms,13407.0,2013-12-23,,2012.0,2013,,,True,current,wrds_classroom_sp500_changes;wikipedia_current_sp500,current as of source; WRDS cutoff 2022-12-30
MEYR,"FMY, MEYR",FMY|MEYR,MEYER FRED INC DEL,76563.0,1998-07-10,1999-05-27,,1998,1999.0,,False,closed,wrds_classroom_sp500_changes,
MF,MF,MF,MARSHALL FIELD & CO IL; MARSHALL FIELD & CO ILL; MARSHALL FIELD & CO DE,18884.0,1957-03-01,1982-06-16,,1957,1982.0,,False,closed,wrds_classroom_sp500_changes,
MFE,"NET, MFE, MCAF, NETA",NET|MFE|MCAF|NETA,NETWORKS ASSOCIATES INC; MCAFEE INC; MCAFEE ASSOCIATES INC,77976.0,2008-12-23,2011-02-28,,2008,2011.0,,False,closed,wrds_classroom_sp500_changes,
MFS,"STR, MFS",STR|MFS,MOUNTAIN FUEL SUPPLY CO; QUESTAR CORP,27756.0,2006-12-01,2010-06-30,,2006,2010.0,,False,closed,wrds_classroom_sp500_changes,
MGG,"MGG, MGM, MGMG",MGG|MGM|MGMG,MGM Resorts,11891.0,2017-07-26,,,2017,,,False,open_unknown_after_source_cutoff,wrds_classroom_sp500_changes;wikipedia_current_sp500,current as of source; WRDS cutoff 2022-12-30; historical alias; current ticker match is MGM; left date unknown after membership source cutoff
MGM,"MGM, GRH",MGM|GRH,METRO GOLDWYN MAYER INC; M G M GRAND HOTELS INC; LOEWS INC,13143.0,1961-10-25,1980-06-16,1988.0,1961,1980.0,,False,closed,wrds_classroom_sp500_changes,
MGM,MGM,MGM,M G M U A ENTERTAINMENT CO; METRO GOLDWYN MAYER FILM CO,61794.0,1980-06-17,1986-04-02,1988.0,1980,1986.0,,False,closed,wrds_classroom_sp500_changes,
MGM,"MGG, MGM, MGMG",MGG|MGM|MGMG,MGM Resorts,11891.0,2017-07-26,,1988.0,2017,,,True,current,wrds_classroom_sp500_changes;wikipedia_current_sp500,current as of source; WRDS cutoff 2022-12-30
MGMG,"MGG, MGM, MGMG",MGG|MGM|MGMG,MGM Resorts,11891.0,2017-07-26,,,2017,,,False,open_unknown_after_source_cutoff,wrds_classroom_sp500_changes;wikipedia_current_sp500,current as of source; WRDS cutoff 2022-12-30; historical alias; current ticker match is MGM; left date unknown after membership source cutoff
MGNE,"MGNE, ADCT",MGNE|ADCT,A D C TELECOMMUNICATIONS INC; MAGNETIC CONTROLS CO,50906.0,1999-08-02,2007-06-29,,1999,2007.0,,False,closed,wrds_classroom_sp500_changes,
MGR,MGR,MGR,MCGRAW EDISON CO; MCGRAW ELECTRIC CO,20263.0,1957-03-01,1985-05-08,2019.0,1957,1985.0,,False,closed,wrds_classroom_sp500_changes,
MGW,"RDT, RBI, MGW",RDT|RBI|MGW,MURPHY G W INDS INC; REED ROLLER BIT CO; REED TOOL CO; REED INTL INC,23886.0,1957-03-01,1973-05-30,,1957,1973.0,,False,closed,wrds_classroom_sp500_changes,
MHC,MHC,MHC,MANUFACTURERS HANOVER CORP,48223.0,1976-07-01,1991-12-31,,1976,1991.0,,False,closed,wrds_classroom_sp500_changes,
MHK,"MOHK, MHK",MOHK|MHK,MOHAWK INDUSTRIES INC,77496.0,2013-12-23,2025-12-22,1992.0,2013,2025.0,,False,closed,wrds_classroom_sp500_changes,
MHS,"MHS, HST, HMT",MHS|HST|HMT,MARRIOTT CORP; HOST HOTELS & RESORTS INC; HOST MARRIOTT CORP; HOST MARRIOTT CORP NEW,46703.0,1970-06-25,1993-10-11,2020.0,1970,1993.0,,False,closed,wrds_classroom_sp500_changes,
MHS,MHS,MHS,MEDCO HEALTH SOLUTIONS INC,89813.0,2003-08-20,2012-04-03,2020.0,2003,2012.0,,False,closed,wrds_classroom_sp500_changes,
MHS,"MHS, HST, HMT",MHS|HST|HMT,Host Hotels & Resorts,46703.0,2007-03-20,,2020.0,2007,,,False,open_unknown_after_source_cutoff,wrds_classroom_sp500_changes;wikipedia_current_sp500,current as of source; WRDS cutoff 2022-12-30; historical alias; current ticker match is HST; left date unknown after membership source cutoff
MHT,"MSH, MHT",MSH|MHT,MANHATTAN INDUSTRIES INC; MANHATTAN SHIRT CO,13012.0,1957-03-01,1971-12-08,2003.0,1957,1971.0,2017.0,False,closed,wrds_classroom_sp500_changes,
MHW,"MHW, HON",MHW|HON,MINNEAPOLIS HONEYWELL REGULATOR; HONEYWELL INC,18374.0,1958-01-02,1999-12-01,,1958,1999.0,,False,closed,wrds_classroom_sp500_changes,
MI,"MRIS, MI",MRIS|MI,MARSHALL & ILSLEY CORP; MARSHALL & ILSLEY CORP NEW,51706.0,2002-02-11,2011-07-05,2015.0,2002,2011.0,,False,closed,wrds_classroom_sp500_changes,
MID,"MID, AT",MID|AT,MID CONTINENT TEL CORP; ALLTEL CORP,41443.0,1994-12-21,2007-11-16,2020.0,1994,2007.0,,False,closed,wrds_classroom_sp500_changes,
MII,MII,MII,MORTON INTERNATIONAL INC NEW; MORTON INTERNATIONAL INC,75647.0,1989-06-29,1999-06-21,2009.0,1989,1999.0,2016.0,False,closed,wrds_classroom_sp500_changes,
MIL,"MILI, MIL",MILI|MIL,MILLIPORE CORP,54181.0,1988-07-14,2010-07-14,,1988,2010.0,,False,closed,wrds_classroom_sp500_changes,
MILI,"MILI, MIL",MILI|MIL,MILLIPORE CORP,54181.0,1988-07-14,2010-07-14,,1988,2010.0,,False,closed,wrds_classroom_sp500_changes,
MIR,"MIR, GNG",MIR|GNG,MIRAGE RESORTS INC; GOLDEN NUGGET INC,60441.0,1997-08-07,2000-05-31,2020.0,1997,2000.0,,False,closed,wrds_classroom_sp500_changes,
MIR,"SOE, MIR",SOE|MIR,SOUTHERN ENERGY INC DEL; MIRANT CORP,88601.0,2001-04-03,2003-07-16,2020.0,2001,2003.0,,False,closed,wrds_classroom_sp500_changes,
MIS,MIS,MIS,MISSISSIPPI RIVER FUEL CORP; MISSISSIPPI RIVER CORP; MISSOURI PACIFIC CORP,24627.0,1954-06-07,1974-09-11,2020.0,1954,1974.0,,False,closed,wrds_classroom_sp500_changes,
MIS,MIS,MIS,MISSISSIPPI RIVER FUEL CORP; MISSISSIPPI RIVER CORP; MISSOURI PACIFIC CORP,24627.0,1978-08-24,1982-12-29,2020.0,1978,1982.0,,False,closed,wrds_classroom_sp500_changes,
MJN,MJN,MJN,MEAD JOHNSON NUTRITION CO,92890.0,2009-12-21,2017-06-16,,2009,2017.0,,False,closed,wrds_classroom_sp500_changes,
MJW,"MAYS, MJW",MAYS|MJW,MAYS J W INC,27617.0,1961-12-06,1964-02-19,2016.0,1961,1964.0,2016.0,False,closed,wrds_classroom_sp500_changes,
MKC,MKC,MKC,MARION LABS INC; MARION MERRELL DOW INC,47837.0,1988-05-05,1989-08-23,1973.0,1988,1989.0,,False,closed,wrds_classroom_sp500_changes,
MKC,"MKC, MCCRK",MKC|MCCRK,McCormick & Company,52090.0,2003-03-20,,1973.0,2003,,,True,current,wrds_classroom_sp500_changes;wikipedia_current_sp500,current as of source; WRDS cutoff 2022-12-30
MKG,"MKG, IMA, IGL",MKG|IMA|IGL,INTERNATIONAL MINERALS & CHEM CO; IMCERA GROUP INC; INTERNATIONAL AGRIC CORP; MALLINCKRODT INC NEW; MALLINCKRODT GROUP INC,12511.0,1957-03-01,1965-01-06,,1957,1965.0,,False,closed,wrds_classroom_sp500_changes,
MKG,"MKG, IMA, IGL",MKG|IMA|IGL,INTERNATIONAL MINERALS & CHEM CO; IMCERA GROUP INC; INTERNATIONAL AGRIC CORP; MALLINCKRODT INC NEW; MALLINCKRODT GROUP INC,12511.0,1975-02-06,2000-10-17,,1975,2000.0,,False,closed,wrds_classroom_sp500_changes,
MKN,"MCK, MKN",MCK|MKN,McKesson Corporation,81061.0,1999-01-13,,2009.0,1999,,2014.0,False,open_unknown_after_source_cutoff,wrds_classroom_sp500_changes;wikipedia_current_sp500,current as of source; WRDS cutoff 2022-12-30; historical alias; current ticker match is MCK; left date unknown after membership source cutoff
MKTX,MKTX,MKTX,MARKETAXESS HLDGS INC,90454.0,2019-07-01,2025-09-22,2004.0,2019,2025.0,,False,closed,wrds_classroom_sp500_changes,
ML,ML,ML,MARTIN GLENN L CO; MARTIN MARIETTA CORP; MARTIN CO; MARTIN MARIETTA CORP NEW,20562.0,1957-03-01,1995-03-15,,1957,1995.0,,False,closed,wrds_classroom_sp500_changes,
MLL,MLL,MLL,MC CALL CORP,16686.0,1957-03-01,1968-07-23,2013.0,1957,1968.0,2017.0,False,closed,wrds_classroom_sp500_changes,
MLL,"CRW, MLL",CRW|MLL,MACMILLAN INC; CROWELL COLLIER & MACMILLAN INC; CROWELL COLLIER PUBG CO,27027.0,1960-12-14,1988-11-09,2013.0,1960,1988.0,2017.0,False,closed,wrds_classroom_sp500_changes,
MLM,MLM,MLM,Martin Marietta Materials,80204.0,2014-07-02,,1994.0,2014,,,True,current,wrds_classroom_sp500_changes;wikipedia_current_sp500,current as of source; WRDS cutoff 2022-12-30
MLN,MLN,MLN,MCLEAN TRUCKING CO,26497.0,1976-07-01,1982-09-08,2008.0,1976,1982.0,,False,closed,wrds_classroom_sp500_changes,
MLT,"ET, MLT",ET|MLT,MERGENTHALER LINOTYPE CO; ELTRA CORP; MERGANTHALER LINOTYPE CO,24619.0,1957-03-01,1960-12-14,,1957,1960.0,,False,closed,wrds_classroom_sp500_changes,
MMA,"MMA, HAR",MMA|HAR,HARVEY ALUM INC; MARTIN MARIETTA ALUM INC,28089.0,1968-04-04,1970-04-22,2024.0,1968,1970.0,,False,closed,wrds_classroom_sp500_changes,
MMC,MMC,MMC,MARSH & MCLENNAN COS INC; MARLENNAN CORP; MARSH & MCLENNAN INC,45751.0,1987-08-06,,,1987,,,False,open_unknown_after_source_cutoff,wrds_classroom_sp500_changes,left date unknown after membership source cutoff
MMI,MMI,MMI,MOTOROLA MOBILITY HOLDINGS INC,12456.0,2011-01-04,2012-05-24,2013.0,2011,2012.0,,False,closed,wrds_classroom_sp500_changes,
MML,MML,MML,MASSMUTUAL MORTGAGE & RLTY INVS,51801.0,1973-05-31,1976-06-30,,1973,1976.0,,False,closed,wrds_classroom_sp500_changes,
MMM,MMM,MMM,3M,,1957-03-04,,1962.0,1957,,,True,current,wikipedia_current_sp500,
MMO,"GWO, MMO",GWO|MMO,MONARCH MACHINE TOOL CO; GENESIS WORLDWIDE INC,22023.0,1957-03-01,1992-07-02,,1957,1992.0,,False,closed,wrds_classroom_sp500_changes,
MMR,"MMR, MCL",MMR|MCL,MOORE MCCORMACK LINES INC; MOORE & MCCORMACK CO; MOORE MCCORMACK RESOURCES INC,22461.0,1957-03-01,1970-04-22,,1957,1970.0,,False,closed,wrds_classroom_sp500_changes,
MMX,MMX,MMX,MAGMA COPPER CO,28513.0,1957-03-01,1969-05-14,,1957,1969.0,,False,closed,wrds_classroom_sp500_changes,
MN,"KSE, LIL, LLT, MN",KSE|LIL|LLT|MN,KEYSPAN CORP; MARKETSPAN CORP; LONG ISLAND LTG CO; KEYSPAN ENERGY,24360.0,2000-08-21,2007-08-24,,2000,2007.0,,False,closed,wrds_classroom_sp500_changes,
MNBT,"MEL, MNBT",MEL|MNBT,MELLON BANK CORP; MELLON NATIONAL CORP; MELLON FINANCIAL CORP,59379.0,1976-07-01,2007-06-29,,1976,2007.0,,False,closed,wrds_classroom_sp500_changes,
MNC,MNC,MNC,MASONITE CORP,20386.0,1957-03-01,1984-05-16,,1957,1984.0,,False,closed,wrds_classroom_sp500_changes,
MNK,MNK,MNK,MALLINCKRODT PLC,14011.0,2014-08-19,2017-07-25,,2014,2017.0,,False,closed,wrds_classroom_sp500_changes,
MNP,"MTI, CDD, NOR, TKC, MNP",MTI|CDD|NOR|TKC|MNP,THIOKOL CORP DEL; NORWICH PHARMACAL CO; CORDANT TECHNOLOGIES INC; MORTON NORWICH PRODS INC DEL; MORTON THIOKOL INC,21290.0,1957-03-01,1964-01-29,,1957,1964.0,,False,closed,wrds_classroom_sp500_changes,
MNP,"MTI, CDD, NOR, TKC, MNP",MTI|CDD|NOR|TKC|MNP,THIOKOL CORP DEL; NORWICH PHARMACAL CO; CORDANT TECHNOLOGIES INC; MORTON NORWICH PRODS INC DEL; MORTON THIOKOL INC,21290.0,1987-03-05,1989-06-28,,1987,1989.0,,False,closed,wrds_classroom_sp500_changes,
MNR,"MNR, MANR",MNR|MANR,MANOR CARE INC,59926.0,1986-06-12,1998-09-25,2023.0,1986,1998.0,,False,closed,wrds_classroom_sp500_changes,
MNST,"TMPW, MNST, MWW",TMPW|MNST|MWW,MONSTER WORLDWIDE INC; T M P WORLDWIDE INC,84342.0,2001-06-04,2011-12-16,1985.0,2001,2011.0,,False,closed,wrds_classroom_sp500_changes,
MNST,"UNIP, FIST, HANS, MNST, COVI",UNIP|FIST|HANS|MNST|COVI,Monster Beverage,88031.0,2012-06-28,,1985.0,2012,,,True,current,wrds_classroom_sp500_changes;wikipedia_current_sp500,current as of source; WRDS cutoff 2022-12-30
MO,MO,MO,Altria,,1957-03-04,,1962.0,1957,,,True,current,wikipedia_current_sp500,
MOB,"MOB, SOM",MOB|SOM,MOBIL CORP; MOBIL OIL CORP; SOCONY VACUUM OIL INC; SOCONY VACUUM CORP; SOCONY MOBIL OIL INC; STANDARD OIL CO N Y,15966.0,1957-03-01,1999-11-30,2022.0,1957,1999.0,,False,closed,wrds_classroom_sp500_changes,
MOH,MOH,MOH,MOHASCO CORP; SMITH ALEXANDER & SONS CARPET CO; MOHASCO INDUSTRIES INC; SMITH ALEXANDER INC,22760.0,1957-03-01,1988-07-13,2003.0,1957,1988.0,,False,closed,wrds_classroom_sp500_changes,
MOH,MOH,MOH,MOLINA HEALTHCARE INC,89781.0,2022-03-02,2026-03-23,2003.0,2022,2026.0,,False,closed,wrds_classroom_sp500_changes,
MOHK,"MOHK, MHK",MOHK|MHK,MOHAWK INDUSTRIES INC,77496.0,2013-12-23,2025-12-22,,2013,2025.0,,False,closed,wrds_classroom_sp500_changes,
MOLX,MOLX,MOLX,MOLEX INC,54827.0,1999-12-01,2013-12-09,1973.0,1999,2013.0,2013.0,False,closed,wrds_classroom_sp500_changes,
MON,MON,MON,MONSANTO CO NEW,88668.0,2002-08-14,2018-06-06,,2002,2018.0,,False,closed,wrds_classroom_sp500_changes,
MOS,MOS,MOS,Mosaic Company (The),90386.0,2011-09-26,,1988.0,2011,,,True,current,wrds_classroom_sp500_changes;wikipedia_current_sp500,current as of source; WRDS cutoff 2022-12-30
MP,"MTYRF, MP",MTYRF|MP,MCINTYRE MINES LTD; MCINTYRE PORCUPINE MINES LTD,13135.0,1957-03-01,1964-01-15,2020.0,1957,1964.0,,False,closed,wrds_classroom_sp500_changes,
MPC,MPC,MPC,Marathon Petroleum,12872.0,2011-07-01,,2011.0,2011,,,True,current,wrds_classroom_sp500_changes;wikipedia_current_sp500,current as of source; WRDS cutoff 2022-12-30
MPH,MPH,MPH,MURPHY G C & CO,20095.0,1957-03-01,1976-12-08,2016.0,1957,1976.0,2018.0,False,closed,wrds_classroom_sp500_changes,
MPTR,"CMX, MPTR, MDM",CMX|MPTR|MDM,MEDPARTNERS INC; CAREMARK RX INC; MEDPARTNERS INC NEW; MEDPARTNERS MULLIKIN INC,81262.0,2004-03-25,2007-03-22,,2004,2007.0,,False,closed,wrds_classroom_sp500_changes,
MPWR,MPWR,MPWR,Monolithic Power Systems,90455.0,2021-02-12,,2004.0,2021,,,True,current,wrds_classroom_sp500_changes;wikipedia_current_sp500,current as of source; WRDS cutoff 2022-12-30
MQ,MQ,MQ,MACK TRUCKS INC,12941.0,1957-03-01,1967-05-17,2021.0,1957,1967.0,,False,closed,wrds_classroom_sp500_changes,
MQC,MQC,MQC,MARQUETTE CEMENT MFG CO; MARQUETTE CO,25195.0,1957-03-01,1976-09-22,,1957,1976.0,,False,closed,wrds_classroom_sp500_changes,
MRIS,"MRIS, MI",MRIS|MI,MARSHALL & ILSLEY CORP; MARSHALL & ILSLEY CORP NEW,51706.0,2002-02-11,2011-07-05,,2002,2011.0,,False,closed,wrds_classroom_sp500_changes,
MRK,MRK,MRK,Merck & Co.,,1957-03-04,,1962.0,1957,,,True,current,wikipedia_current_sp500,
MRKT,"INFO, MRKT",INFO|MRKT,MARKIT LTD; I H S MARKIT LTD,14704.0,2017-06-02,2022-03-01,,2017,2022.0,,False,closed,wrds_classroom_sp500_changes,
MRN,MRN,MRN,MORRISON KNUDSEN INC; MORRISON KNUDSEN CORP,55079.0,1990-06-08,1995-12-19,,1990,1995.0,,False,closed,wrds_classroom_sp500_changes,
MRNA,MRNA,MRNA,Moderna,18312.0,2021-07-21,,2018.0,2021,,,True,current,wrds_classroom_sp500_changes;wikipedia_current_sp500,current as of source; WRDS cutoff 2022-12-30
MRSH,MRSH,MRSH,Marsh McLennan,,1987-08-31,,1973.0,1987,,,True,current,wikipedia_current_sp500,
MRW,MRW,MRW,MOTOR WHEEL CORP,13274.0,1957-03-01,1964-01-22,,1957,1964.0,,False,closed,wrds_classroom_sp500_changes,
MS,MS,MS,MCCRORY STORES CORP; MCCRORY MCLELLAN STORES CORP; MCCRORY CORP,15544.0,1957-03-01,1964-01-29,1993.0,1957,1964.0,,False,closed,wrds_classroom_sp500_changes,
MS,MS,MS,MCCRORY STORES CORP; MCCRORY MCLELLAN STORES CORP; MCCRORY CORP,15544.0,1968-11-07,1975-08-13,1993.0,1968,1975.0,,False,closed,wrds_classroom_sp500_changes,
MS,"MS, MWD",MS|MWD,Morgan Stanley,69032.0,1993-07-29,,1993.0,1993,,,True,current,wrds_classroom_sp500_changes;wikipedia_current_sp500,current as of source; WRDS cutoff 2022-12-30
MSA,MSA,MSA,MESA PETROLEUM CO,45065.0,1978-04-13,1985-12-11,1973.0,1978,1985.0,,False,closed,wrds_classroom_sp500_changes,
MSCI,"MXB, MSCI",MXB|MSCI,M S C I INC,92402.0,2018-04-04,,2007.0,2018,,,False,open_unknown_after_source_cutoff,wrds_classroom_sp500_changes,left date unknown after membership source cutoff
MSCI,MSCI,MSCI,MSCI Inc.,,2018-04-04,,2007.0,2018,,,True,current,wikipedia_current_sp500,
MSE,"MSE, VAT",MSE|VAT,MASSEY FERGUSON LTD; VARITY CORP,34040.0,1966-05-19,1996-09-05,2001.0,1966,1996.0,2002.0,False,closed,wrds_classroom_sp500_changes,
MSFT,MSFT,MSFT,Microsoft,10107.0,1994-06-01,,1986.0,1994,,,True,current,wrds_classroom_sp500_changes;wikipedia_current_sp500,current as of source; WRDS cutoff 2022-12-30
MSH,"MSH, MHT",MSH|MHT,MANHATTAN INDUSTRIES INC; MANHATTAN SHIRT CO,13012.0,1957-03-01,1971-12-08,,1957,1971.0,,False,closed,wrds_classroom_sp500_changes,
MSI,MSI,MSI,Motorola Solutions,,1957-03-04,,1962.0,1957,,,True,current,wikipedia_current_sp500,
MST,MST,MST,MERCANTILE STORES INC,22891.0,1957-03-01,1976-12-08,2025.0,1957,1976.0,,False,closed,wrds_classroom_sp500_changes,
MST,MST,MST,MERCANTILE STORES INC,22891.0,1982-06-17,1998-08-13,2025.0,1982,1998.0,,False,closed,wrds_classroom_sp500_changes,
MTB,"FEMP, FES, MTB",FEMP|FES|MTB,M&T Bank,35554.0,2004-02-23,,1980.0,2004,,,True,current,wrds_classroom_sp500_changes;wikipedia_current_sp500,current as of source; WRDS cutoff 2022-12-30
MTC,"PHA, MTC",PHA|MTC,MONSANTO CHEMICAL CO; PHARMACIA CORP; MONSANTO CO; MONSANTO CHEMICAL WORKS INC,18382.0,1950-07-03,2003-04-15,2019.0,1950,2003.0,,False,closed,wrds_classroom_sp500_changes,
MTCH,MTCH,MTCH,MATCH GROUP INC; MATCH GROUP INC NEW,15850.0,2021-09-20,2026-03-23,1993.0,2021,2026.0,,False,closed,wrds_classroom_sp500_changes,
MTD,MTD,MTD,Mettler Toledo,85621.0,2016-09-06,,1997.0,2016,,,True,current,wrds_classroom_sp500_changes;wikipedia_current_sp500,current as of source; WRDS cutoff 2022-12-30
MTG,MTG,MTG,M G I C INVESTMENT CORP WIS,76804.0,1996-07-19,2008-10-30,1991.0,1996,2008.0,,False,closed,wrds_classroom_sp500_changes,
MTI,MTI,MTI,MOTEC INDS INC; MINNEAPOLIS MOLINE PWR IMPLEMENT; MINNEAPOLIS MOLINE CO,17881.0,1957-03-01,1963-01-30,2008.0,1957,1963.0,2022.0,False,closed,wrds_classroom_sp500_changes,
MTI,"MTI, CDD, NOR, TKC, MNP",MTI|CDD|NOR|TKC|MNP,THIOKOL CORP DEL; NORWICH PHARMACAL CO; CORDANT TECHNOLOGIES INC; MORTON NORWICH PRODS INC DEL; MORTON THIOKOL INC,21290.0,1957-03-01,1964-01-29,2008.0,1957,1964.0,2022.0,False,closed,wrds_classroom_sp500_changes,
MTI,"MTI, CDD, NOR, TKC, MNP",MTI|CDD|NOR|TKC|MNP,THIOKOL CORP DEL; NORWICH PHARMACAL CO; CORDANT TECHNOLOGIES INC; MORTON NORWICH PRODS INC DEL; MORTON THIOKOL INC,21290.0,1987-03-05,1989-06-28,2008.0,1987,1989.0,2022.0,False,closed,wrds_classroom_sp500_changes,
MTL,"MTL, MTRC",MTL|MTRC,MERCANTILE BANCORPORATION INC,52821.0,1998-02-23,1999-09-17,,1998,1999.0,,False,closed,wrds_classroom_sp500_changes,
MTRC,"MTL, MTRC",MTL|MTRC,MERCANTILE BANCORPORATION INC,52821.0,1998-02-23,1999-09-17,,1998,1999.0,,False,closed,wrds_classroom_sp500_changes,
MTW,"MTW, MANT",MTW|MANT,MANITOWOC CO INC,51263.0,2007-11-16,2009-08-31,1990.0,2007,2009.0,,False,closed,wrds_classroom_sp500_changes,
MTYRF,"MTYRF, MP",MTYRF|MP,MCINTYRE MINES LTD; MCINTYRE PORCUPINE MINES LTD,13135.0,1957-03-01,1964-01-15,,1957,1964.0,,False,closed,wrds_classroom_sp500_changes,
MU,"DRAM, MCRN, MU",DRAM|MCRN|MU,Micron Technology,53613.0,1994-09-27,,1984.0,1994,,,True,current,wrds_classroom_sp500_changes;wikipedia_current_sp500,current as of source; WRDS cutoff 2022-12-30
MUB,MUB,MUB,MUELLER BRASS CO,20503.0,1957-06-19,1965-09-29,2007.0,1957,1965.0,,False,closed,wrds_classroom_sp500_changes,
MUN,"MUN, PWA, WEAR",MUN|PWA|WEAR,MUNSINGWEAR INC; PREMIUMWEAR INC,13290.0,1957-03-01,1979-05-02,2003.0,1957,1979.0,2018.0,False,closed,wrds_classroom_sp500_changes,
MUR,MUR,MUR,MURPHY OIL CORP; MURPHY CORP,28345.0,2005-08-15,2017-07-25,1980.0,2005,2017.0,,False,closed,wrds_classroom_sp500_changes,
MWD,"MS, MWD",MS|MWD,Morgan Stanley,69032.0,1993-07-29,,,1993,,,False,open_unknown_after_source_cutoff,wrds_classroom_sp500_changes;wikipedia_current_sp500,current as of source; WRDS cutoff 2022-12-30; historical alias; current ticker match is MS; left date unknown after membership source cutoff
MWI,"MWI, MCL",MWI|MCL,MOORE CORP LTD; MOORE WALLACE INC,62324.0,1987-08-20,1999-05-27,2014.0,1987,1999.0,2017.0,False,closed,wrds_classroom_sp500_changes,
MWW,"TMPW, MNST, MWW",TMPW|MNST|MWW,MONSTER WORLDWIDE INC; T M P WORLDWIDE INC,84342.0,2001-06-04,2011-12-16,,2001,2011.0,,False,closed,wrds_classroom_sp500_changes,
MXB,"MXB, MSCI",MXB|MSCI,M S C I INC,92402.0,2018-04-04,,,2018,,,False,open_unknown_after_source_cutoff,wrds_classroom_sp500_changes,left date unknown after membership source cutoff
MXIM,MXIM,MXIM,MAXIM INTEGRATED PRODUCTS INC,11896.0,2000-05-10,2007-09-26,,2000,2007.0,,False,closed,wrds_classroom_sp500_changes,
MXIM,MXIM,MXIM,MAXIM INTEGRATED PRODUCTS INC,11896.0,2018-12-03,2021-08-27,,2018,2021.0,,False,closed,wrds_classroom_sp500_changes,
MXS,"MXS, DIA",MXS|DIA,DIAMOND ALKALI CO; MAXUS ENERGY CORP; DIAMOND SHAMROCK CORP,24715.0,1984-10-04,1995-03-30,,1984,1995.0,,False,closed,wrds_classroom_sp500_changes,
MYG,MYG,MYG,MAYTAG CORP; MAYTAG CO,13119.0,1960-12-14,2006-03-31,,1960,2006.0,,False,closed,wrds_classroom_sp500_changes,
MYL,"MYL, MYLN",MYL|MYLN,MYLAN INC; MYLAN LABS INC; MYLAN N V,69550.0,2004-04-23,2020-11-16,,2004,2020.0,,False,closed,wrds_classroom_sp500_changes,
MYLN,"MYL, MYLN",MYL|MYLN,MYLAN INC; MYLAN LABS INC; MYLAN N V,69550.0,2004-04-23,2020-11-16,,2004,2020.0,,False,closed,wrds_classroom_sp500_changes,
MZ,"CMZ, MZ",CMZ|MZ,CINCINNATI MILACRON INC; CINCINNATI MILLING MACHINE CO; MILACRON INC,22680.0,1954-04-20,2000-06-28,,1954,2000.0,,False,closed,wrds_classroom_sp500_changes,
MZ,MZ,MZ,MACY R H & CO INC,12976.0,1957-03-01,1986-07-16,,1957,1986.0,,False,closed,wrds_classroom_sp500_changes,
N,N,N,INCO LTD; INTERNATIONAL NICKEL CO CDA LTD,12546.0,1925-12-31,2002-07-19,,1925,2002.0,,False,closed,wrds_classroom_sp500_changes,
NAB,"BI, NAB",BI|NAB,NABISCO INC; NATIONAL BISCUIT CO,13311.0,1925-12-31,1974-05-08,,1925,1974.0,,False,closed,wrds_classroom_sp500_changes,
NAB,"BI, NAB",BI|NAB,NABISCO INC; NATIONAL BISCUIT CO,13311.0,1977-11-03,1981-07-02,,1977,1981.0,,False,closed,wrds_classroom_sp500_changes,
NAC,NAC,NAC,MC KEESPORT TIN PLATE CO; MC KEESPORT TIN PLATE CORP; NATIONAL CAN CORP,16803.0,1957-03-01,1985-05-08,1999.0,1957,1985.0,,False,closed,wrds_classroom_sp500_changes,
NAE,"AKG, ALG, NAE",AKG|ALG|NAE,ARKLA INC; ARKANSAS LA GAS CO; NORAM ENERGY CORP,29196.0,1989-01-05,1997-08-06,,1989,1997.0,,False,closed,wrds_classroom_sp500_changes,
NAL,NAL,NAL,NATIONAL AIRLINES INC,22189.0,1970-08-13,1976-06-30,2007.0,1970,1976.0,2017.0,False,closed,wrds_classroom_sp500_changes,
NAS,NAS,NAS,CONDE NAST PUBNS INC,16256.0,1957-03-01,1965-12-15,1973.0,1957,1965.0,,False,closed,wrds_classroom_sp500_changes,
NAS,"NAS, NLS, NSI",NAS|NLS|NSI,NATIONAL SERVICE INDUSTRIES INC; NATIONAL LINEN SERVICE CORP,22066.0,1986-12-04,2001-11-30,1973.0,1986,2001.0,,False,closed,wrds_classroom_sp500_changes,
NAV,"HR, NAV",HR|NAV,INTERNATIONAL HARVESTER CO; NAVISTAR INTERNATIONAL CORP,12503.0,1925-12-31,2006-12-19,,1925,2006.0,,False,closed,wrds_classroom_sp500_changes,
NAVI,NAVI,NAVI,NAVIENT CORP,14601.0,2014-05-01,2018-06-04,2014.0,2014,2018.0,,False,closed,wrds_classroom_sp500_changes,
NB,"NCB, NCNB, NB, BAC",NCB|NCNB|NB|BAC,Bank of America,59408.0,1976-06-30,,2023.0,1976,,,False,open_unknown_after_source_cutoff,wrds_classroom_sp500_changes;wikipedia_current_sp500,current as of source; WRDS cutoff 2022-12-30; historical alias; current ticker match is BAC; left date unknown after membership source cutoff
NB,NB,NB,NABISCO BRANDS INC,63255.0,1981-07-06,1985-09-11,2023.0,1981,1985.0,,False,closed,wrds_classroom_sp500_changes,
NBD,"FCN, NBKD, NBD",FCN|NBKD|NBD,NATIONAL BANK DETROIT MICH; N B D BANCORP INC; FIRST CHICAGO N B D CORP; NATIONAL DETROIT CORP,56450.0,1987-04-23,1998-10-01,2017.0,1987,1998.0,2018.0,False,closed,wrds_classroom_sp500_changes,
NBKD,"FCN, NBKD, NBD",FCN|NBKD|NBD,NATIONAL BANK DETROIT MICH; N B D BANCORP INC; FIRST CHICAGO N B D CORP; NATIONAL DETROIT CORP,56450.0,1987-04-23,1998-10-01,,1987,1998.0,,False,closed,wrds_classroom_sp500_changes,
NBL,"NOBL, NBL",NOBL|NBL,NOBLE AFFILIATES INC; NOBLE ENERGY INC,61815.0,2007-10-08,2020-10-09,,2007,2020.0,,False,closed,wrds_classroom_sp500_changes,
NBR,"NBR, AGO, AEL",NBR|AGO|AEL,ANGLO LTD; NABORS INDUSTRIES LTD; ANGLO ENERGY INC; ANGLO ENERGY LTD; ANGLO LAUTARO NITRATE CORP; ANGLO LAUTARO NITRATE LTD; NABORS INDUSTRIES INC,29102.0,2000-10-18,2015-03-20,1973.0,2000,2015.0,,False,closed,wrds_classroom_sp500_changes,
NC,"NCR, NC",NCR|NC,NATIONAL CASH REGISTER CO; N C R CORP,19537.0,1925-12-31,1991-09-19,1977.0,1925,1991.0,,False,closed,wrds_classroom_sp500_changes,
NC,"NCO, NC",NCO|NC,NACCO INDUSTRIES INC; NORTH AMERICAN COAL CORP,28118.0,1962-04-25,2000-06-02,1977.0,1962,2000.0,,False,closed,wrds_classroom_sp500_changes,
NCB,"NCB, NCNB, NB, BAC",NCB|NCNB|NB|BAC,Bank of America,59408.0,1976-06-30,,,1976,,,False,open_unknown_after_source_cutoff,wrds_classroom_sp500_changes;wikipedia_current_sp500,current as of source; WRDS cutoff 2022-12-30; historical alias; current ticker match is BAC; left date unknown after membership source cutoff
NCC,"NCC, NCTY",NCC|NCTY,NATIONAL CITY CORP,56232.0,1994-09-27,2008-12-31,2012.0,1994,2008.0,2022.0,False,closed,wrds_classroom_sp500_changes,
NCE,"NCE, PSR",NCE|PSR,PUBLIC SERVICE CO CO; NEW CENTURY ENERGIES INC,22613.0,1966-12-15,1976-06-30,2009.0,1966,1976.0,2017.0,False,closed,wrds_classroom_sp500_changes,
NCE,"NCE, PSR",NCE|PSR,PUBLIC SERVICE CO CO; NEW CENTURY ENERGIES INC,22613.0,1998-11-03,2000-08-18,2009.0,1998,2000.0,2017.0,False,closed,wrds_classroom_sp500_changes,
NCLH,NCLH,NCLH,Norwegian Cruise Line Holdings,13760.0,2017-10-13,,2013.0,2017,,,True,current,wrds_classroom_sp500_changes;wikipedia_current_sp500,current as of source; WRDS cutoff 2022-12-30
NCM,"NCM, AMT",NCM|AMT,ACME CLEVELAND CORP NEW; NATIONAL ACME CO; ACME CLEVELAND CORP,10057.0,1957-03-01,1992-07-02,,1957,1992.0,,False,closed,wrds_classroom_sp500_changes,
NCNB,"NCB, NCNB, NB, BAC",NCB|NCNB|NB|BAC,Bank of America,59408.0,1976-06-30,,,1976,,,False,open_unknown_after_source_cutoff,wrds_classroom_sp500_changes;wikipedia_current_sp500,current as of source; WRDS cutoff 2022-12-30; historical alias; current ticker match is BAC; left date unknown after membership source cutoff
NCO,"NCO, NC",NCO|NC,NACCO INDUSTRIES INC; NORTH AMERICAN COAL CORP,28118.0,1962-04-25,2000-06-02,,1962,2000.0,,False,closed,wrds_classroom_sp500_changes,
NCR,"NCR, NC",NCR|NC,NATIONAL CASH REGISTER CO; N C R CORP,19537.0,1925-12-31,1991-09-19,,1925,1991.0,,False,closed,wrds_classroom_sp500_changes,
NCR,NCR,NCR,N C R CORP NEW,84372.0,2000-01-03,2007-09-28,,2000,2007.0,,False,closed,wrds_classroom_sp500_changes,
NCTY,"NCC, NCTY",NCC|NCTY,NATIONAL CITY CORP,56232.0,1994-09-27,2008-12-31,2004.0,1994,2008.0,,False,closed,wrds_classroom_sp500_changes,
ND,"ND, KRA",ND|KRA,KRAFT INC; NATIONAL DAIRY PRODS CORP; KRAFTCO CORP,12730.0,1950-07-03,1980-09-26,,1950,1980.0,,False,closed,wrds_classroom_sp500_changes,
NDAQ,NDAQ,NDAQ,"Nasdaq, Inc.",90601.0,2008-10-22,,2002.0,2008,,,True,current,wrds_classroom_sp500_changes;wikipedia_current_sp500,current as of source; WRDS cutoff 2022-12-30
NDCO,"NE, NDCO",NE|NDCO,NOBLE CORP BAAR; NOBLE CORP; NOBLE CORP PLC; NOBLE DRILLING CORP,90537.0,2001-01-16,2009-03-26,,2001,2009.0,,False,closed,wrds_classroom_sp500_changes,
NDCO,"NE, NDCO",NE|NDCO,NOBLE CORP BAAR; NOBLE CORP; NOBLE CORP PLC; NOBLE DRILLING CORP,90537.0,2011-01-18,2015-07-17,,2011,2015.0,,False,closed,wrds_classroom_sp500_changes,
NDSN,NDSN,NDSN,Nordson Corporation,57809.0,2022-02-15,,1980.0,2022,,,True,current,wrds_classroom_sp500_changes;wikipedia_current_sp500,current as of source; WRDS cutoff 2022-12-30
NE,"NE, NT",NE|NT,NORTEL NETWORKS CORP NEW; NORTHERN TELECOM LTD; NORTHERN ELECTRIC LTD; NORTEL NETWORKS CORP,58640.0,1980-11-20,2002-07-19,2021.0,1980,2002.0,,False,closed,wrds_classroom_sp500_changes,
NE,"NE, NDCO",NE|NDCO,NOBLE CORP BAAR; NOBLE CORP; NOBLE CORP PLC; NOBLE DRILLING CORP,90537.0,2001-01-16,2009-03-26,2021.0,2001,2009.0,,False,closed,wrds_classroom_sp500_changes,
NE,"NE, NDCO",NE|NDCO,NOBLE CORP BAAR; NOBLE CORP; NOBLE CORP PLC; NOBLE DRILLING CORP,90537.0,2011-01-18,2015-07-17,2021.0,2011,2015.0,,False,closed,wrds_classroom_sp500_changes,
NEB,NEB,NEB,NEISNER BROTHERS INC,18390.0,1961-06-21,1968-11-06,,1961,1968.0,,False,closed,wrds_classroom_sp500_changes,
NEC,"NED, NEC, NSY",NED|NEC|NSY,NATIONAL EDUCATION CORP; NATIONAL SYSTEMS CORP,47028.0,1989-03-02,1995-02-23,,1989,1995.0,,False,closed,wrds_classroom_sp500_changes,
NED,"NED, NEC, NSY",NED|NEC|NSY,NATIONAL EDUCATION CORP; NATIONAL SYSTEMS CORP,47028.0,1989-03-02,1995-02-23,,1989,1995.0,,False,closed,wrds_classroom_sp500_changes,
NEE,"FPL, NEE",FPL|NEE,NextEra Energy,24205.0,1976-06-30,,1973.0,1976,,,True,current,wrds_classroom_sp500_changes;wikipedia_current_sp500,current as of source; WRDS cutoff 2022-12-30
NEG,"NGE, NEG, EAS",NGE|NEG|EAS,ENERGY EAST CORP; NEW YORK ST ELEC & GAS CORP,24096.0,1957-03-01,1976-06-30,,1957,1976.0,,False,closed,wrds_classroom_sp500_changes,
NEM,NEM,NEM,Newmont,21207.0,1969-05-15,,1980.0,1969,,,True,current,wrds_classroom_sp500_changes;wikipedia_current_sp500,current as of source; WRDS cutoff 2022-12-30
NES,NES,NES,NEW ENGLAND ELEC SYS,23499.0,1957-03-01,1983-11-30,,1957,1983.0,,False,closed,wrds_classroom_sp500_changes,
NET,"NET, MFE, MCAF, NETA",NET|MFE|MCAF|NETA,NETWORKS ASSOCIATES INC; MCAFEE INC; MCAFEE ASSOCIATES INC,77976.0,2008-12-23,2011-02-28,2019.0,2008,2011.0,,False,closed,wrds_classroom_sp500_changes,
NETA,"NET, MFE, MCAF, NETA",NET|MFE|MCAF|NETA,NETWORKS ASSOCIATES INC; MCAFEE INC; MCAFEE ASSOCIATES INC,77976.0,2008-12-23,2011-02-28,,2008,2011.0,,False,closed,wrds_classroom_sp500_changes,
NEU,"EY, NEU",EY|NEU,NEWMARKET CORP; ETHYL CORP,42550.0,1987-02-26,1994-03-10,1980.0,1987,1994.0,,False,closed,wrds_classroom_sp500_changes,
NEWL,"NWL, NEWL",NWL|NEWL,NEWELL COMPANIES INC; NEWELL CO; NEWELL BRANDS INC; NEWELL RUBBERMAID INC,60986.0,1989-04-27,2023-09-18,2015.0,1989,2023.0,2015.0,False,closed,wrds_classroom_sp500_changes,
NFB,"NFBC, NFB",NFBC|NFB,NORTH FORK BANCORPORATION NY; NORTH FORK BANCORPORATION NY INC,58094.0,2002-07-17,2006-11-30,,2002,2006.0,,False,closed,wrds_classroom_sp500_changes,
NFBC,"NFBC, NFB",NFBC|NFB,NORTH FORK BANCORPORATION NY; NORTH FORK BANCORPORATION NY INC,58094.0,2002-07-17,2006-11-30,,2002,2006.0,,False,closed,wrds_classroom_sp500_changes,
NFG,NFG,NFG,NATIONAL FUEL GAS CO N J,25590.0,1972-09-28,1976-06-30,1973.0,1972,1976.0,,False,closed,wrds_classroom_sp500_changes,
NFK,NFK,NFK,NORFOLK & WESTERN RAILWAY CO,13522.0,1958-06-04,1982-06-02,,1958,1982.0,,False,closed,wrds_classroom_sp500_changes,
NFLX,NFLX,NFLX,Netflix,89393.0,2010-12-20,,2002.0,2010,,,True,current,wrds_classroom_sp500_changes;wikipedia_current_sp500,current as of source; WRDS cutoff 2022-12-30
NFX,NFX,NFX,NEWFIELD EXPLORATION CO,79915.0,2010-12-20,2019-02-14,1993.0,2010,2019.0,2019.0,False,closed,wrds_classroom_sp500_changes,
NG,NG,NG,NATIONAL GYPSUM CO,20570.0,1957-03-01,1986-05-07,2003.0,1957,1986.0,,False,closed,wrds_classroom_sp500_changes,
NGE,"NGE, NEG, EAS",NGE|NEG|EAS,ENERGY EAST CORP; NEW YORK ST ELEC & GAS CORP,24096.0,1957-03-01,1976-06-30,2013.0,1957,1976.0,2024.0,False,closed,wrds_classroom_sp500_changes,
NGH,"NGH, RN",NGH|RN,R J R NABISCO HOLDINGS CORP; NABISCO GROUP HOLDING CORP,76597.0,1998-09-15,2000-12-11,2004.0,1998,2000.0,2016.0,False,closed,wrds_classroom_sp500_changes,
NGVT,NGVT,NGVT,INGEVITY CORP,16044.0,2016-05-16,2016-05-16,2016.0,2016,2016.0,,False,closed,wrds_classroom_sp500_changes,
NGX,"NXG, NGX",NXG|NGX,NORTHGATE EXPLORATION LTD; NORTHGATE MINERALS CORP,49955.0,1971-06-24,1978-10-04,,1971,1978.0,,False,closed,wrds_classroom_sp500_changes,
NH,"LH, NH, NHLI",LH|NH|NHLI,NATIONAL HEALTH LABS HLDGS INC; LABORATORY CORP AMERICA HLDGS; NATIONAL HEALTH LABORATORIES INC,12062.0,2004-11-01,,,2004,,,False,open_unknown_after_source_cutoff,wrds_classroom_sp500_changes,left date unknown after membership source cutoff
NHLI,"LH, NH, NHLI",LH|NH|NHLI,NATIONAL HEALTH LABS HLDGS INC; LABORATORY CORP AMERICA HLDGS; NATIONAL HEALTH LABORATORIES INC,12062.0,2004-11-01,,2010.0,2004,,,False,open_unknown_after_source_cutoff,wrds_classroom_sp500_changes,left date unknown after membership source cutoff
NI,NI,NI,NiSource,38762.0,2000-11-02,,1973.0,2000,,,True,current,wrds_classroom_sp500_changes;wikipedia_current_sp500,current as of source; WRDS cutoff 2022-12-30
NII,"FOX, AAV, NII",FOX|AAV|NII,AVATEX CORP; FOXMEYER HEALTH CORP; NATIONAL INTERGROUP INC,17278.0,1983-09-13,1994-09-26,2015.0,1983,1994.0,2016.0,False,closed,wrds_classroom_sp500_changes,
NIKE,"NKE, NIKE",NKE|NIKE,"Nike, Inc.",57665.0,1988-11-03,,,1988,,,False,open_unknown_after_source_cutoff,wrds_classroom_sp500_changes;wikipedia_current_sp500,current as of source; WRDS cutoff 2022-12-30; historical alias; current ticker match is NKE; left date unknown after membership source cutoff
NKE,"NKE, NIKE",NKE|NIKE,"Nike, Inc.",57665.0,1988-11-03,,1980.0,1988,,,True,current,wrds_classroom_sp500_changes;wikipedia_current_sp500,current as of source; WRDS cutoff 2022-12-30
NKP,NKP,NKP,NEW YORK CHICAGO & ST LOUIS RR,13442.0,1925-12-31,1964-10-21,2003.0,1925,1964.0,2017.0,False,closed,wrds_classroom_sp500_changes,
NKTR,"NKTR, INHL",NKTR|INHL,NEKTAR THERAPEUTICS; INHALE THERAPEUTIC SYSTEMS,80539.0,2018-03-19,2019-10-02,1994.0,2018,2019.0,,False,closed,wrds_classroom_sp500_changes,
NL,"LT, NL",LT|NL,N L INDUSTRIES INC; NATIONAL LEAD CO,13303.0,1957-03-01,1994-01-03,1980.0,1957,1994.0,,False,closed,wrds_classroom_sp500_changes,
NLC,NLC,NLC,NALCO CHEMICAL CO,41179.0,1990-03-07,1999-07-30,,1990,1999.0,,False,closed,wrds_classroom_sp500_changes,
NLOK,"SYMC, NLOK, GEN",SYMC|NLOK|GEN,Gen Digital,75607.0,2003-03-25,,,2003,,,False,open_unknown_after_source_cutoff,wrds_classroom_sp500_changes;wikipedia_current_sp500,current as of source; WRDS cutoff 2022-12-30; historical alias; current ticker match is GEN; left date unknown after membership source cutoff
NLS,"NAS, NLS, NSI",NAS|NLS|NSI,NATIONAL SERVICE INDUSTRIES INC; NATIONAL LINEN SERVICE CORP,22066.0,1986-12-04,2001-11-30,,1986,2001.0,,False,closed,wrds_classroom_sp500_changes,
NLSN,NLSN,NLSN,NIELSEN HOLDINGS PLC; NIELSEN HOLDINGS N V; NIELSEN N V,12542.0,2013-07-09,2022-10-11,,2013,2022.0,,False,closed,wrds_classroom_sp500_changes,
NLT,NLT,NLT,N L T CORP,54615.0,1976-07-01,1982-11-10,,1976,1982.0,,False,closed,wrds_classroom_sp500_changes,
NLV,"GIC, NLV",GIC|NLV,GENERAL INSTRUMENT CORP DEL; GENERAL INSTRUMENT CORP NEW; NEXTLEVEL SYSTEMS INC,77644.0,1996-04-01,2000-01-05,2007.0,1996,2000.0,2017.0,False,closed,wrds_classroom_sp500_changes,
NME,"NME, THC",NME|THC,TENET HEALTHCARE CORP; NATIONAL MEDICAL ENTERPRISES INC,52337.0,1979-02-08,2016-04-15,,1979,2016.0,,False,closed,wrds_classroom_sp500_changes,
NMK,NMK,NMK,NIAGARA MOHAWK POWER CORP; NIAGARA MOHAWK HOLDINGS INC,24184.0,1957-03-01,2002-01-31,1980.0,1957,2002.0,2002.0,False,closed,wrds_classroom_sp500_changes,
NND,NND,NND,NEWPORT NEWS SHIPBUILDING,21418.0,1957-03-01,1968-09-10,,1957,1968.0,,False,closed,wrds_classroom_sp500_changes,
NNEXF,"DNR, NNEXF, DENRF",DNR|NNEXF|DENRF,NEWSCOPE RESOURCES LTD; DENBURY RESOURCES INC,82196.0,2009-04-02,2015-03-20,,2009,2015.0,,False,closed,wrds_classroom_sp500_changes,
NNG,"INI, NNG, ENE",INI|NNG|ENE,INTERNORTH INC; NORTHERN NAT GAS CO; ENRON CORP,23317.0,1951-09-06,2001-11-29,,1951,2001.0,,False,closed,wrds_classroom_sp500_changes,
NOB,"WFC, NOB",WFC|NOB,Wells Fargo,38703.0,1976-06-30,,2007.0,1976,,2018.0,False,open_unknown_after_source_cutoff,wrds_classroom_sp500_changes;wikipedia_current_sp500,current as of source; WRDS cutoff 2022-12-30; historical alias; current ticker match is WFC; left date unknown after membership source cutoff
NOBE,"NOBE, JWN",NOBE|JWN,NORDSTROM BEST INC; NORDSTROM INC,57817.0,1986-08-07,2020-06-19,,1986,2020.0,,False,closed,wrds_classroom_sp500_changes,
NOBL,"NOBL, NBL",NOBL|NBL,NOBLE AFFILIATES INC; NOBLE ENERGY INC,61815.0,2007-10-08,2020-10-09,2013.0,2007,2020.0,,False,closed,wrds_classroom_sp500_changes,
NOC,NOC,NOC,Northrop Grumman,24766.0,1957-03-04,,1981.0,1957,,,True,current,wrds_classroom_sp500_changes;wikipedia_current_sp500,current as of source; WRDS cutoff 2022-12-30
NOI,"NOI, NOV",NOI|NOV,NATIONAL OILWELL VARCO INC; NATIONAL OILWELL INC; N O V INC,84032.0,2005-03-14,2021-09-17,2015.0,2005,2021.0,2016.0,False,closed,wrds_classroom_sp500_changes,
NOR,"MTI, CDD, NOR, TKC, MNP",MTI|CDD|NOR|TKC|MNP,THIOKOL CORP DEL; NORWICH PHARMACAL CO; CORDANT TECHNOLOGIES INC; MORTON NORWICH PRODS INC DEL; MORTON THIOKOL INC,21290.0,1957-03-01,1964-01-29,,1957,1964.0,,False,closed,wrds_classroom_sp500_changes,
NOR,"MTI, CDD, NOR, TKC, MNP",MTI|CDD|NOR|TKC|MNP,THIOKOL CORP DEL; NORWICH PHARMACAL CO; CORDANT TECHNOLOGIES INC; MORTON NORWICH PRODS INC DEL; MORTON THIOKOL INC,21290.0,1987-03-05,1989-06-28,,1987,1989.0,,False,closed,wrds_classroom_sp500_changes,
NOV,"NOI, NOV",NOI|NOV,NATIONAL OILWELL VARCO INC; NATIONAL OILWELL INC; N O V INC,84032.0,2005-03-14,2021-09-17,1996.0,2005,2021.0,,False,closed,wrds_classroom_sp500_changes,
NOVL,NOVL,NOVL,NOVELL INC,90609.0,1991-11-01,2011-04-27,,1991,2011.0,,False,closed,wrds_classroom_sp500_changes,
NOW,NOW,NOW,ServiceNow,13447.0,2019-11-21,,2012.0,2019,,,True,current,wrds_classroom_sp500_changes;wikipedia_current_sp500,current as of source; WRDS cutoff 2022-12-30
NOXL,NOXL,NOXL,NOXELL CORP,58596.0,1984-08-09,1989-11-30,1996.0,1984,1989.0,,False,closed,wrds_classroom_sp500_changes,
NP,NP,NP,NORTHERN PACIFIC RAILWAY CO,13573.0,1925-12-31,1970-03-04,2025.0,1925,1970.0,,False,closed,wrds_classroom_sp500_changes,
NR,"ROK, NV, NR",ROK|NV|NR,ROCKWELL INTERNATIONAL CORP; NORTH AMERICAN ROCKWELL CORP; NORTH AMERICAN AVIATION INC,18948.0,1957-03-01,1996-12-06,,1957,1996.0,,False,closed,wrds_classroom_sp500_changes,
NRG,"SGA, NRG, SNT",SGA|NRG|SNT,SONAT INC; SOUTHERN NAT RES INC; SOUTHERN NAT GAS CO,21514.0,1957-03-01,1999-10-25,2003.0,1957,1999.0,,False,closed,wrds_classroom_sp500_changes,
NRG,NRG,NRG,NRG Energy,90071.0,2010-01-29,,2003.0,2010,,,True,current,wrds_classroom_sp500_changes;wikipedia_current_sp500,current as of source; WRDS cutoff 2022-12-30
NRT,NRT,NRT,NORTON CO,39300.0,1988-05-12,1990-05-24,1980.0,1988,1990.0,,False,closed,wrds_classroom_sp500_changes,
NS,NS,NS,NATIONAL STEEL CORP,19019.0,1957-03-01,1983-09-12,,1957,1983.0,,False,closed,wrds_classroom_sp500_changes,
NSC,NSC,NSC,Norfolk Southern,64311.0,1957-03-04,,1982.0,1957,,,True,current,wrds_classroom_sp500_changes;wikipedia_current_sp500,current as of source; WRDS cutoff 2022-12-30
NSI,NSI,NSI,NORTON SIMON INC,46447.0,1971-08-19,1983-09-14,2023.0,1971,1983.0,,False,closed,wrds_classroom_sp500_changes,
NSI,"NAS, NLS, NSI",NAS|NLS|NSI,NATIONAL SERVICE INDUSTRIES INC; NATIONAL LINEN SERVICE CORP,22066.0,1986-12-04,2001-11-30,2023.0,1986,2001.0,,False,closed,wrds_classroom_sp500_changes,
NSM,NSM,NSM,NATIONAL SEMICONDUCTOR CORP,51377.0,1976-12-09,2011-09-23,2012.0,1976,2011.0,2018.0,False,closed,wrds_classroom_sp500_changes,
NSU,NSU,NSU,NATIONAL SUGAR REFNG CO,22330.0,1957-03-01,1969-03-05,,1957,1969.0,,False,closed,wrds_classroom_sp500_changes,
NSY,"NED, NEC, NSY",NED|NEC|NSY,NATIONAL EDUCATION CORP; NATIONAL SYSTEMS CORP,47028.0,1989-03-02,1995-02-23,2007.0,1989,1995.0,2017.0,False,closed,wrds_classroom_sp500_changes,
NT,"NE, NT",NE|NT,NORTEL NETWORKS CORP NEW; NORTHERN TELECOM LTD; NORTHERN ELECTRIC LTD; NORTEL NETWORKS CORP,58640.0,1980-11-20,2002-07-19,,1980,2002.0,,False,closed,wrds_classroom_sp500_changes,
NTAP,NTAP,NTAP,NetApp,82598.0,1999-06-25,,1995.0,1999,,,True,current,wrds_classroom_sp500_changes;wikipedia_current_sp500,current as of source; WRDS cutoff 2022-12-30
NTRS,NTRS,NTRS,Northern Trust,58246.0,1998-01-30,,1980.0,1998,,,True,current,wrds_classroom_sp500_changes;wikipedia_current_sp500,current as of source; WRDS cutoff 2022-12-30
NTS,"NTS, CSU",NTS|CSU,CUBAN AMERICAN SUGAR CO; NORTH AMERICAN SUGAR INDS INC,13565.0,1957-03-01,1961-08-16,,1957,1961.0,,False,closed,wrds_classroom_sp500_changes,
NTY,NTY,NTY,NATIONAL TEA CO,13370.0,1959-02-25,1970-04-22,2014.0,1959,1970.0,2016.0,False,closed,wrds_classroom_sp500_changes,
NU,"ES, NU",ES|NU,Eversource Energy,44206.0,2009-03-17,,2021.0,2009,,,False,open_unknown_after_source_cutoff,wrds_classroom_sp500_changes;wikipedia_current_sp500,current as of source; WRDS cutoff 2022-12-30; historical alias; current ticker match is ES; left date unknown after membership source cutoff
NUE,NUE,NUE,Nucor,34817.0,1985-04-18,,1980.0,1985,,,True,current,wrds_classroom_sp500_changes;wikipedia_current_sp500,current as of source; WRDS cutoff 2022-12-30
NUM,NUM,NUM,NATIONAL UNION ELECTRIC CORP,34550.0,1966-05-26,1970-04-22,,1966,1970.0,,False,closed,wrds_classroom_sp500_changes,
NV,"ROK, NV, NR",ROK|NV|NR,ROCKWELL INTERNATIONAL CORP; NORTH AMERICAN ROCKWELL CORP; NORTH AMERICAN AVIATION INC,18948.0,1957-03-01,1996-12-06,,1957,1996.0,,False,closed,wrds_classroom_sp500_changes,
NVDA,NVDA,NVDA,Nvidia,86580.0,2001-11-30,,1999.0,2001,,,True,current,wrds_classroom_sp500_changes;wikipedia_current_sp500,current as of source; WRDS cutoff 2022-12-30
NVLS,NVLS,NVLS,NOVELLUS SYSTEMS INC,12067.0,2000-06-19,2012-06-04,,2000,2012.0,,False,closed,wrds_classroom_sp500_changes,
NVR,NVR,NVR,N V R INC,79785.0,2019-09-26,,1985.0,2019,,,False,open_unknown_after_source_cutoff,wrds_classroom_sp500_changes,left date unknown after membership source cutoff
NVR,NVR,NVR,"NVR, Inc.",,2019-09-26,,1985.0,2019,,,True,current,wikipedia_current_sp500,
NVT,NVT,NVT,NVENT ELECTRIC PLC,17676.0,2018-05-01,2018-05-01,2018.0,2018,2018.0,,False,closed,wrds_classroom_sp500_changes,
NW,"NW, NWT",NW|NWT,NORTHWEST INDUSTRIES INC; CHICAGO & NORTH WESTERN RY CO,21995.0,1978-11-24,1985-07-31,1996.0,1978,1985.0,2018.0,False,closed,wrds_classroom_sp500_changes,
NWA,NWA,NWA,N W A INC; NORTHWEST AIRLINES INC,21485.0,1976-01-15,1989-07-26,,1976,1989.0,,False,closed,wrds_classroom_sp500_changes,
NWEN,"NWEN, TEX, TERX",NWEN|TEX|TERX,TEREX CORP NEW; NORTHWEST ENGINEERING CO,58318.0,2006-12-20,2008-11-05,,2006,2008.0,,False,closed,wrds_classroom_sp500_changes,
NWL,"NWL, NEWL",NWL|NEWL,NEWELL COMPANIES INC; NEWELL CO; NEWELL BRANDS INC; NEWELL RUBBERMAID INC,60986.0,1989-04-27,2023-09-18,1980.0,1989,2023.0,,False,closed,wrds_classroom_sp500_changes,
NWP,NWP,NWP,NORTHWEST PIPELINE CORP; NORTHWEST ENERGY CO,57779.0,1974-09-12,1975-12-26,,1974,1975.0,,False,closed,wrds_classroom_sp500_changes,
NWP,NWP,NWP,NORTHWEST ENERGY CO,58659.0,1975-12-29,1976-06-30,,1975,1976.0,,False,closed,wrds_classroom_sp500_changes,
NWS,"NWSA, FOXA, TFCFA, NWS",NWSA|FOXA|TFCFA|NWS,TWENTY FIRST CENTURY FOX INC; NEWS CORP,90441.0,2004-12-20,2019-03-19,2013.0,2004,2019.0,,False,closed,wrds_classroom_sp500_changes,
NWS,NWS,NWS,News Corp (Class B),13964.0,2015-09-18,,2013.0,2015,,,True,current,wrds_classroom_sp500_changes;wikipedia_current_sp500,current as of source; WRDS cutoff 2022-12-30
NWS,"TFCF, FOX, NWS",TFCF|FOX|NWS,TWENTY FIRST CENTURY FOX INC; NEWS CORP,90442.0,2015-09-21,2019-03-19,2013.0,2015,2019.0,,False,closed,wrds_classroom_sp500_changes,
NWSA,"NWSA, FOXA, TFCFA, NWS",NWSA|FOXA|TFCFA|NWS,TWENTY FIRST CENTURY FOX INC; NEWS CORP,90441.0,2004-12-20,2019-03-19,2013.0,2004,2019.0,,False,closed,wrds_classroom_sp500_changes,
NWSA,NWSA,NWSA,News Corp (Class A),13963.0,2013-07-01,,2013.0,2013,,,True,current,wrds_classroom_sp500_changes;wikipedia_current_sp500,current as of source; WRDS cutoff 2022-12-30
NWT,"NW, NWT",NW|NWT,NORTHWEST INDUSTRIES INC; CHICAGO & NORTH WESTERN RY CO,21995.0,1978-11-24,1985-07-31,,1978,1985.0,,False,closed,wrds_classroom_sp500_changes,
NXG,"NXG, NGX",NXG|NGX,NORTHGATE EXPLORATION LTD; NORTHGATE MINERALS CORP,49955.0,1971-06-24,1978-10-04,2012.0,1971,1978.0,,False,closed,wrds_classroom_sp500_changes,
NXPI,NXPI,NXPI,NXP Semiconductors,12084.0,2021-03-22,,2010.0,2021,,,True,current,wrds_classroom_sp500_changes;wikipedia_current_sp500,current as of source; WRDS cutoff 2022-12-30
NXTL,"NXTL, CALL",NXTL|CALL,FLEET CALL INC; NEXTEL COMMUNICATIONS INC,77284.0,1998-04-01,2005-08-12,,1998,2005.0,,False,closed,wrds_classroom_sp500_changes,
NYK,"NYT, NYK",NYT|NYK,NEW YORK TIMES CO,47466.0,1984-11-23,2010-12-17,,1984,2010.0,,False,closed,wrds_classroom_sp500_changes,
NYN,NYN,NYN,NYNEX CORP,66018.0,1983-12-01,1997-08-14,,1983,1997.0,,False,closed,wrds_classroom_sp500_changes,
NYT,"NYT, NYK",NYT|NYK,NEW YORK TIMES CO,47466.0,1984-11-23,2010-12-17,1973.0,1984,2010.0,,False,closed,wrds_classroom_sp500_changes,
NYX,NYX,NYX,N Y S E GROUP INC; N Y S E EURONEXT,91143.0,2007-10-25,2013-11-12,,2007,2013.0,,False,closed,wrds_classroom_sp500_changes,
O,O,O,Realty Income,81045.0,2015-04-07,,1994.0,2015,,,True,current,wrds_classroom_sp500_changes;wikipedia_current_sp500,current as of source; WRDS cutoff 2022-12-30
OAT,OAT,OAT,QUAKER OATS CO,24539.0,1957-03-01,2001-08-02,,1957,2001.0,,False,closed,wrds_classroom_sp500_changes,
OCF,"OCF, OWC",OCF|OWC,OWENS CORNING; OWENS CORNING FIBERGLAS CORP,24811.0,1957-03-01,2000-09-29,,1957,2000.0,,False,closed,wrds_classroom_sp500_changes,
ODEP,"ODP, ODEP",ODP|ODEP,O D P CORP; OFFICE DEPOT INC,75573.0,1999-06-24,2010-12-17,,1999,2010.0,,False,closed,wrds_classroom_sp500_changes,
ODFL,ODFL,ODFL,Old Dominion,77037.0,2019-12-09,,1991.0,2019,,,True,current,wrds_classroom_sp500_changes;wikipedia_current_sp500,current as of source; WRDS cutoff 2022-12-30
ODP,"ODP, ODEP",ODP|ODEP,O D P CORP; OFFICE DEPOT INC,75573.0,1999-06-24,2010-12-17,,1999,2010.0,,False,closed,wrds_classroom_sp500_changes,
ODRE,"ODRE, ODRES, UDRT, UDR",ODRE|ODRES|UDRT|UDR,U D R INC; OLD DOMINION REAL ESTATE INVT TR; UNITED DOMINION REALTY TR INC,59300.0,2016-03-07,,,2016,,,False,open_unknown_after_source_cutoff,wrds_classroom_sp500_changes,left date unknown after membership source cutoff
ODRES,"ODRE, ODRES, UDRT, UDR",ODRE|ODRES|UDRT|UDR,U D R INC; OLD DOMINION REAL ESTATE INVT TR; UNITED DOMINION REALTY TR INC,59300.0,2016-03-07,,,2016,,,False,open_unknown_after_source_cutoff,wrds_classroom_sp500_changes,left date unknown after membership source cutoff
OG,"COV, OG",COV|OG,OGDEN CORP; COVANTA ENERGY CORP,34841.0,1987-12-10,1996-08-15,,1987,1996.0,,False,closed,wrds_classroom_sp500_changes,
OGN,OGN,OGN,ORGANON & CO,21124.0,2021-06-03,2023-10-18,2021.0,2021,2023.0,,False,closed,wrds_classroom_sp500_changes,
OI,OI,OI,OWENS ILLINOIS INC; OWENS ILLINOIS GLASS CO; OWENS BOTTLE CO,13661.0,1957-03-01,1987-03-25,1991.0,1957,1987.0,,False,closed,wrds_classroom_sp500_changes,
OI,OI,OI,O I GLASS INC; OWENS ILL INC,77157.0,1997-08-01,2000-12-08,1991.0,1997,2000.0,,False,closed,wrds_classroom_sp500_changes,
OI,OI,OI,O I GLASS INC; OWENS ILL INC,77157.0,2009-01-02,2016-12-01,1991.0,2009,2016.0,,False,closed,wrds_classroom_sp500_changes,
OILS,"TOSC, OILS, TOS",TOSC|OILS|TOS,TOSCO CORP; OIL SHALE CORP,61663.0,1999-09-20,2001-09-20,,1999,2001.0,,False,closed,wrds_classroom_sp500_changes,
OK,"OK, OKEN",OK|OKEN,OLD KENT FINANCIAL CORP,59345.0,1999-12-02,2001-03-30,2009.0,1999,2001.0,2018.0,False,closed,wrds_classroom_sp500_changes,
OKE,"OKE, ONG",OKE|ONG,ONEOK INC; OKLAHOMA NAT GAS CO; ONEOK INC NEW,25232.0,1957-03-01,2001-08-29,1980.0,1957,2001.0,,False,closed,wrds_classroom_sp500_changes,
OKE,"OKE, ONG",OKE|ONG,Oneok,25232.0,2010-03-15,,1980.0,2010,,,True,current,wrds_classroom_sp500_changes;wikipedia_current_sp500,current as of source; WRDS cutoff 2022-12-30
OKEN,"OK, OKEN",OK|OKEN,OLD KENT FINANCIAL CORP,59345.0,1999-12-02,2001-03-30,,1999,2001.0,,False,closed,wrds_classroom_sp500_changes,
OLM,"OLN, OLM",OLN|OLM,OLIN CORP; MATHIESON ALKALI WKS INC; OLIN MATHIESON CHEM CORP; MATHIESON CHEM CORP,13610.0,1957-03-01,1975-02-05,2002.0,1957,1975.0,2018.0,False,closed,wrds_classroom_sp500_changes,
OLN,"OLN, OLM",OLN|OLM,OLIN CORP; MATHIESON ALKALI WKS INC; OLIN MATHIESON CHEM CORP; MATHIESON CHEM CORP,13610.0,1957-03-01,1975-02-05,1973.0,1957,1975.0,,False,closed,wrds_classroom_sp500_changes,
OM,OM,OM,OUTBOARD MARINE CORP; OUTBOARD MARINE & MFG CO,20394.0,1973-03-01,1996-09-30,2020.0,1973,1996.0,,False,closed,wrds_classroom_sp500_changes,
OMC,OMC,OMC,MAYER OSCAR & CO INC DE,51799.0,1971-01-14,1981-05-13,1980.0,1971,1981.0,,False,closed,wrds_classroom_sp500_changes,
OMC,"DOYL, OMC, OMCM",DOYL|OMC|OMCM,Omnicom Group,30681.0,1997-12-24,,1980.0,1997,,,True,current,wrds_classroom_sp500_changes;wikipedia_current_sp500,current as of source; WRDS cutoff 2022-12-30
OMCM,"DOYL, OMC, OMCM",DOYL|OMC|OMCM,Omnicom Group,30681.0,1997-12-24,,,1997,,,False,open_unknown_after_source_cutoff,wrds_classroom_sp500_changes;wikipedia_current_sp500,current as of source; WRDS cutoff 2022-12-30; historical alias; current ticker match is OMC; left date unknown after membership source cutoff
OMX,"BCC, OMX",BCC|OMX,BOISE CASCADE CORP; OFFICEMAX INC NEW,42024.0,1970-04-23,2008-06-20,,1970,2008.0,,False,closed,wrds_classroom_sp500_changes,
ON,"ONNN, ON",ONNN|ON,ON Semiconductor,88182.0,2022-06-21,,2000.0,2022,,,True,current,wrds_classroom_sp500_changes;wikipedia_current_sp500,current as of source; WRDS cutoff 2022-12-30
ONE,"BONE, FBGO, ONE",BONE|FBGO|ONE,BANC ONE CORP; BANK ONE CORP; FIRST BANC GROUP OHIO INC,65138.0,1988-04-28,2004-06-30,,1988,2004.0,,False,closed,wrds_classroom_sp500_changes,
ONG,"OKE, ONG",OKE|ONG,ONEOK INC; OKLAHOMA NAT GAS CO; ONEOK INC NEW,25232.0,1957-03-01,2001-08-29,2022.0,1957,2001.0,2023.0,False,closed,wrds_classroom_sp500_changes,
ONG,"OKE, ONG",OKE|ONG,Oneok,25232.0,2010-03-15,,2022.0,2010,,2023.0,False,open_unknown_after_source_cutoff,wrds_classroom_sp500_changes;wikipedia_current_sp500,current as of source; WRDS cutoff 2022-12-30; historical alias; current ticker match is OKE; left date unknown after membership source cutoff
ONNN,"ONNN, ON",ONNN|ON,ON Semiconductor,88182.0,2022-06-21,,,2022,,,False,open_unknown_after_source_cutoff,wrds_classroom_sp500_changes;wikipedia_current_sp500,current as of source; WRDS cutoff 2022-12-30; historical alias; current ticker match is ON; left date unknown after membership source cutoff
ORCL,ORCL,ORCL,Oracle Corporation,10104.0,1989-08-03,,1986.0,1989,,,True,current,wrds_classroom_sp500_changes;wikipedia_current_sp500,current as of source; WRDS cutoff 2022-12-30
ORLY,ORLY,ORLY,O’Reilly Automotive,79103.0,2009-03-27,,1993.0,2009,,,True,current,wrds_classroom_sp500_changes;wikipedia_current_sp500,current as of source; WRDS cutoff 2022-12-30
ORX,"ORX, XP",ORX|XP,SUN EXPLORATION & PRODUCTION CO; ORYX ENERGY CO,75423.0,1988-10-27,1999-02-26,2012.0,1988,1999.0,2018.0,False,closed,wrds_classroom_sp500_changes,
OT,OT,OT,OTIS ELEVATOR CO,13637.0,1957-03-01,1976-01-14,,1957,1976.0,,False,closed,wrds_classroom_sp500_changes,
OTIS,OTIS,OTIS,Otis Worldwide,19286.0,2020-04-03,,2020.0,2020,,,True,current,wrds_classroom_sp500_changes;wikipedia_current_sp500,current as of source; WRDS cutoff 2022-12-30
OVT,OVT,OVT,OVERNITE TRANSPORTATION CO,39394.0,1982-06-03,1986-12-17,2021.0,1982,1986.0,,False,closed,wrds_classroom_sp500_changes,
OWC,"OCF, OWC",OCF|OWC,OWENS CORNING; OWENS CORNING FIBERGLAS CORP,24811.0,1957-03-01,2000-09-29,2014.0,1957,2000.0,2017.0,False,closed,wrds_classroom_sp500_changes,
OXY,OXY,OXY,Occidental Petroleum,34833.0,1957-03-04,,1981.0,1957,,,True,current,wrds_classroom_sp500_changes;wikipedia_current_sp500,current as of source; WRDS cutoff 2022-12-30
PA,"PC, PA",PC|PA,PENN CENTRAL CO; PENNSYLVANIA RAILROAD CO; PENNSYLVANIA NEW YORK CEN TRN CO,13792.0,1925-12-31,1972-09-27,,1925,1972.0,,False,closed,wrds_classroom_sp500_changes,
PA,"AC, PA",AC|PA,AMERICAN CAN CO; PRIMERICA CORP,10241.0,1925-12-31,1988-12-21,,1925,1988.0,,False,closed,wrds_classroom_sp500_changes,
PA,"CCC, C, TRV, CCI, PA",CCC|C|TRV|CCI|PA,Citigroup,70519.0,1988-05-26,,,1988,,,False,open_unknown_after_source_cutoff,wrds_classroom_sp500_changes;wikipedia_current_sp500,current as of source; WRDS cutoff 2022-12-30; historical alias; current ticker match is C; left date unknown after membership source cutoff
PABT,PABT,PABT,PABST BREWING CO,59416.0,1976-07-01,1985-05-15,,1976,1985.0,,False,closed,wrds_classroom_sp500_changes,
PAC,PAC,PAC,PACIFIC TELEPHONE & TELEG CO,13696.0,1957-03-01,1962-10-17,2006.0,1957,1962.0,,False,closed,wrds_classroom_sp500_changes,
PAC,PAC,PAC,PACIFIC TELESIS GROUP,66026.0,1983-12-01,1997-03-31,2006.0,1983,1997.0,,False,closed,wrds_classroom_sp500_changes,
PACC,"PVB, PVT, PACE, PACC",PVB|PVT|PACE|PACC,PROVIDENT COMPANIES INC; PROVIDENT LIFE & ACC INS CO AMER; PROVIDENT LIFE & ACC INS CO,64531.0,1998-08-31,1999-06-30,,1998,1999.0,,False,closed,wrds_classroom_sp500_changes,
PACE,"PVB, PVT, PACE, PACC",PVB|PVT|PACE|PACC,PROVIDENT COMPANIES INC; PROVIDENT LIFE & ACC INS CO AMER; PROVIDENT LIFE & ACC INS CO,64531.0,1998-08-31,1999-06-30,,1998,1999.0,,False,closed,wrds_classroom_sp500_changes,
PALM,"PALM, PLMO",PALM|PLMO,PALM INC; PALMONE INC,87800.0,2000-07-28,2002-08-13,2014.0,2000,2002.0,2020.0,False,closed,wrds_classroom_sp500_changes,
PANW,PANW,PANW,Palo Alto Networks,,2023-06-20,,2012.0,2023,,,True,current,wikipedia_selected_changes;wikipedia_current_sp500,Market capitalization change.[37]; current as of source; WRDS cutoff 2022-12-30
PARA,"VIA, PARA, VIAC, CBS",VIA|PARA|VIAC|CBS,VIACOM INC; C B S CORP NEW; VIACOMCBS INC; PARAMOUNT GLOBAL,76226.0,1994-09-30,,,1994,,,False,open_unknown_after_source_cutoff,wrds_classroom_sp500_changes,left date unknown after membership source cutoff
PAS,PAS,PAS,PAN AMERN SULPHUR CO; PASCO INC,27465.0,1961-02-08,1972-09-13,2012.0,1961,1972.0,2018.0,False,closed,wrds_classroom_sp500_changes,
PAS,"PAS, WH, IL, ICX",PAS|WH|IL|ICX,WHITMAN CORP; PEPSIAMERICAS INC NEW; ILLINOIS CENT INDUSTRIES INC; WHITMAN CORP NEW; I C INDUSTRIES INC,38973.0,1963-03-25,1998-01-29,2012.0,1963,1998.0,2018.0,False,closed,wrds_classroom_sp500_changes,
PAYC,PAYC,PAYC,PAYCOM SOFTWARE INC,14579.0,2020-01-28,2026-03-23,2014.0,2020,2026.0,,False,closed,wrds_classroom_sp500_changes,
PAYX,PAYX,PAYX,Paychex,61621.0,1998-10-01,,1983.0,1998,,,True,current,wrds_classroom_sp500_changes;wikipedia_current_sp500,current as of source; WRDS cutoff 2022-12-30
PB,"ENG, PSB, PB, SB",ENG|PSB|PB|SB,ENGELHARD INDUSTRIES INC; PHIBRO SALOMON INC; SALOMON INC; PHIBRO CORP; ENGELHARD MINERALS & CHEMS CORP,27596.0,1968-01-18,1997-11-26,1998.0,1968,1997.0,,False,closed,wrds_classroom_sp500_changes,
PBCT,PBCT,PBCT,PEOPLES BANK BRIDGEPORT; PEOPLES UNITED FINANCIAL INC,12073.0,2008-11-13,2022-04-01,,2008,2022.0,,False,closed,wrds_classroom_sp500_changes,
PBD,"PBD, HSL",PBD|HSL,PEABODY GALION CORP; HERCULES GALION PRODS INC; PEABODY INTERNATIONAL CORP,35166.0,1975-08-14,1985-10-23,2007.0,1975,1985.0,,False,closed,wrds_classroom_sp500_changes,
PBG,PBG,PBG,PEPSI BOTTLING GROUP INC,86756.0,2001-05-14,2010-02-26,2004.0,2001,2010.0,2020.0,False,closed,wrds_classroom_sp500_changes,
PBI,PBI,PBI,PITNEY BOWES INC,24459.0,1957-03-01,2017-02-28,1972.0,1957,2017.0,,False,closed,wrds_classroom_sp500_changes,
PBR,"POEA, BRO, POBR, PBR",POEA|BRO|POBR|PBR,Brown & Brown,63467.0,2021-09-20,,2000.0,2021,,,False,open_unknown_after_source_cutoff,wrds_classroom_sp500_changes;wikipedia_current_sp500,current as of source; WRDS cutoff 2022-12-30; historical alias; current ticker match is BRO; left date unknown after membership source cutoff
PBY,PBY,PBY,PEP BOYS MANNY MOE & JACK,35238.0,1990-08-14,2000-03-31,2018.0,1990,2000.0,2021.0,False,closed,wrds_classroom_sp500_changes,
PC,"PC, PA",PC|PA,PENN CENTRAL CO; PENNSYLVANIA RAILROAD CO; PENNSYLVANIA NEW YORK CEN TRN CO,13792.0,1925-12-31,1972-09-27,2024.0,1925,1972.0,,False,closed,wrds_classroom_sp500_changes,
PCAR,PCAR,PCAR,Paccar,60506.0,1980-10-02,,1980.0,1980,,,True,current,wrds_classroom_sp500_changes;wikipedia_current_sp500,current as of source; WRDS cutoff 2022-12-30
PCCW,"PCCW, COST",PCCW|COST,Costco,87055.0,1993-10-01,,,1993,,,False,open_unknown_after_source_cutoff,wrds_classroom_sp500_changes;wikipedia_current_sp500,current as of source; WRDS cutoff 2022-12-30; historical alias; current ticker match is COST; left date unknown after membership source cutoff
PCG,PCG,PCG,PACIFIC GAS & ELEC CO; P G & E CORP,13688.0,1925-12-31,2019-01-17,1972.0,1925,2019.0,,False,closed,wrds_classroom_sp500_changes,
PCG,PCG,PCG,PACIFIC GAS & ELEC CO; P G & E CORP,13688.0,2022-10-03,,1972.0,2022,,,False,open_unknown_after_source_cutoff,wrds_classroom_sp500_changes,left date unknown after membership source cutoff
PCG,PCG,PCG,PG&E Corporation,,2022-10-03,,1972.0,2022,,,True,current,wikipedia_current_sp500,
PCH,"PFI, PCH",PFI|PCH,POTLATCHDELTIC CORP; POTLATCH FORESTS INC; POTLATCH CORP NEW; POTLATCH CORP,49744.0,1970-04-23,2001-07-06,,1970,2001.0,,False,closed,wrds_classroom_sp500_changes,
PCI,"GW, GFW, PCI",GW|GFW|PCI,GULF & WESTERN INC; GULF & WESTERN INDS INC; PARAMOUNT COMMUNICATIONS INC,32475.0,1978-12-14,1993-11-22,2025.0,1978,1993.0,,False,closed,wrds_classroom_sp500_changes,
PCL,PCL,PCL,PLUM CREEK TIMBER CO INC; PLUM CREEK TIMBER CO L P,75592.0,2002-01-17,2016-02-19,2025.0,2002,2016.0,,False,closed,wrds_classroom_sp500_changes,
PCLB,PCLB,PCLB,PRICE CO,64064.0,1985-09-12,1993-10-21,1986.0,1985,1993.0,,False,closed,wrds_classroom_sp500_changes,
PCLN,"PCLN, BKNG",PCLN|BKNG,Booking Holdings,86783.0,2009-11-06,,2025.0,2009,,,False,open_unknown_after_source_cutoff,wrds_classroom_sp500_changes;wikipedia_current_sp500,current as of source; WRDS cutoff 2022-12-30; historical alias; current ticker match is BKNG; left date unknown after membership source cutoff
PCO,"PZS, PZB, BCO, PCO",PZS|PZB|BCO|PCO,BRINKS CO; PITTSTON CO,18649.0,1957-07-03,1996-01-19,,1957,1996.0,,False,closed,wrds_classroom_sp500_changes,
PCP,"PCST, PCP",PCST|PCP,PRECISION CASTPARTS CORP,63830.0,2007-06-01,2016-01-29,,2007,2016.0,,False,closed,wrds_classroom_sp500_changes,
PCS,PCS,PCS,SPRINT CORP,86414.0,1998-11-24,2004-04-22,2025.0,1998,2004.0,,False,closed,wrds_classroom_sp500_changes,
PCS,"TMUS, PCS",TMUS|PCS,METROPCS COMMUNICATIONS INC; T MOBILE U S INC,91937.0,2009-06-30,2013-04-30,2025.0,2009,2013.0,,False,closed,wrds_classroom_sp500_changes,
PCS,"TMUS, PCS",TMUS|PCS,T-Mobile US,91937.0,2019-07-15,,2025.0,2019,,,False,open_unknown_after_source_cutoff,wrds_classroom_sp500_changes;wikipedia_current_sp500,current as of source; WRDS cutoff 2022-12-30; historical alias; current ticker match is TMUS; left date unknown after membership source cutoff
PCST,"PCST, PCP",PCST|PCP,PRECISION CASTPARTS CORP,63830.0,2007-06-01,2016-01-29,2013.0,2007,2016.0,,False,closed,wrds_classroom_sp500_changes,
PD,PD,PD,PHELPS DODGE CORP,17806.0,1957-03-01,2007-03-19,2019.0,1957,2007.0,,False,closed,wrds_classroom_sp500_changes,
PDC,PDC,PDC,PARKE DAVIS & CO,20001.0,1957-03-01,1970-11-18,2023.0,1957,1970.0,,False,closed,wrds_classroom_sp500_changes,
PDCO,PDCO,PDCO,PATTERSON DENTAL CO; PATTERSON COMPANIES INC,78034.0,2005-10-11,2018-03-16,,2005,2018.0,,False,closed,wrds_classroom_sp500_changes,
PDG,PDG,PDG,PLACER DOME INC,75181.0,1987-08-20,2002-07-19,2014.0,1987,2002.0,2016.0,False,closed,wrds_classroom_sp500_changes,
PDI,"DXC, PDI, PNDQ, CSCS",DXC|PDI|PNDQ|CSCS,PENN DIXIE INDUSTRIES INC; PENN DIXIE CEM CORP; CONTINENTAL STEEL CORP DE; PENN DIXIE CEMENT CORP; PENNSYLVANIA DIXIE CEM CORP,15915.0,1957-03-01,1977-05-18,2012.0,1957,1977.0,,False,closed,wrds_classroom_sp500_changes,
PDP,"PXD, PDP",PXD|PDP,PARKER & PARSLEY PETROLEUM CO; PARKER & PARSLEY DEVELOPMENT PAR; PIONEER NATURAL RESOURCES CO,75241.0,2008-09-24,2024-05-08,2007.0,2008,2024.0,,False,closed,wrds_classroom_sp500_changes,
PDQ,PDQ,PDQ,PRIME EQUITIES INC; PRIME MOTOR INNS INC,54447.0,1986-07-17,1990-09-19,2009.0,1986,1990.0,2018.0,False,closed,wrds_classroom_sp500_changes,
PDY,PDY,PDY,PEABODY COAL CO,23878.0,1961-06-07,1968-04-03,,1961,1968.0,,False,closed,wrds_classroom_sp500_changes,
PEAK,"PEAK, HCP",PEAK|HCP,HEALTHPEAK PROPERTIES INC; H C P INC; HEALTH CARE PPTY INVS INC,67598.0,2008-03-31,,,2008,,,False,open_unknown_after_source_cutoff,wrds_classroom_sp500_changes,left date unknown after membership source cutoff
PEB,"PKN, PEB, ABI",PKN|PEB|ABI,P E CORP; PERKIN ELMER CORP; APPLIED BIOSYSTEMS INC DEL; APPLERA CORP,27713.0,1974-10-17,2008-11-21,2009.0,1974,2008.0,,False,closed,wrds_classroom_sp500_changes,
PEG,PEG,PEG,Public Service Enterprise Group,,1957-03-04,,1980.0,1957,,,True,current,wikipedia_current_sp500,
PEL,PEL,PEL,PANHANDLE EASTERN PIPE LINE CO; PANENERGY CORP; PANHANDLE EASTERN CORP,22082.0,1957-03-01,1997-06-18,,1957,1997.0,,False,closed,wrds_classroom_sp500_changes,
PENN,PENN,PENN,PENN ENTERTAINMENT INC; PENN NATIONAL GAMING INC,80563.0,2021-03-22,2022-09-16,1994.0,2021,2022.0,,False,closed,wrds_classroom_sp500_changes,
PEP,PEP,PEP,PepsiCo,,1957-03-04,,1972.0,1957,,,True,current,wikipedia_current_sp500,
PET,"PET, PLT",PET|PLT,PACIFIC LTG CORP; PACIFIC ENTERPRISES,16870.0,1957-03-01,1998-06-29,,1957,1998.0,,False,closed,wrds_classroom_sp500_changes,
PET,PET,PET,PET INC; PET MILK CO,17267.0,1967-07-13,1977-05-18,,1967,1977.0,,False,closed,wrds_classroom_sp500_changes,
PETM,PETM,PETM,PETSMART INC,79411.0,2012-10-05,2015-03-11,,2012,2015.0,,False,closed,wrds_classroom_sp500_changes,
PFB,"AMDA, ABW, PFB",AMDA|ABW|PFB,ASSOCIATED BREWING CO; ARMADA CORP; PFEIFFER BREWING CO,19764.0,1966-01-06,1970-03-18,,1966,1970.0,,False,closed,wrds_classroom_sp500_changes,
PFE,PFE,PFE,Pfizer,,1957-03-04,,1972.0,1957,,,True,current,wikipedia_current_sp500,
PFG,PFG,PFG,Principal Financial Group,89195.0,2002-07-22,,2001.0,2002,,,True,current,wrds_classroom_sp500_changes;wikipedia_current_sp500,current as of source; WRDS cutoff 2022-12-30
PFI,"PFI, PCH",PFI|PCH,POTLATCHDELTIC CORP; POTLATCH FORESTS INC; POTLATCH CORP NEW; POTLATCH CORP,49744.0,1970-04-23,2001-07-06,2006.0,1970,2001.0,,False,closed,wrds_classroom_sp500_changes,
PFK,PFK,PFK,PENICK & FORD LTD,13805.0,1957-03-01,1965-06-16,,1957,1965.0,,False,closed,wrds_classroom_sp500_changes,
PG,PG,PG,Procter & Gamble,,1957-03-04,,1962.0,1957,,,True,current,wikipedia_current_sp500,
PGL,PGL,PGL,PEOPLES ENERGY CORP; PEOPLES GAS CO; PEOPLES GAS LT & COKE CO,13821.0,1940-04-15,2007-02-21,,1940,2007.0,,False,closed,wrds_classroom_sp500_changes,
PGN,"CPL, PGN",CPL|PGN,C P & L ENERGY INC; CAROLINA POWER & LIGHT CO; PROGRESS ENERGY INC,23114.0,1989-08-24,2012-06-29,,1989,2012.0,,False,closed,wrds_classroom_sp500_changes,
PGR,"PROG, PGR",PROG|PGR,Progressive Corporation,64390.0,1997-08-04,,1980.0,1997,,,True,current,wrds_classroom_sp500_changes;wikipedia_current_sp500,current as of source; WRDS cutoff 2022-12-30
PH,PH,PH,Parker Hannifin,41355.0,1985-11-07,,1980.0,1985,,,True,current,wrds_classroom_sp500_changes;wikipedia_current_sp500,current as of source; WRDS cutoff 2022-12-30
PHA,"PHA, MTC",PHA|MTC,MONSANTO CHEMICAL CO; PHARMACIA CORP; MONSANTO CO; MONSANTO CHEMICAL WORKS INC,18382.0,1950-07-03,2003-04-15,,1950,2003.0,,False,closed,wrds_classroom_sp500_changes,
PHB,"PHB, PHYB",PHB|PHYB,PIONEER HI BRED INTL INC,63096.0,1993-10-14,1999-10-01,2008.0,1993,1999.0,,False,closed,wrds_classroom_sp500_changes,
PHL,PHL,PHL,PHILIPS INDUSTRIES INC,42753.0,1987-12-31,1990-08-22,2012.0,1987,1990.0,2022.0,False,closed,wrds_classroom_sp500_changes,
PHM,PHM,PHM,PULTE HOME CORP; PULTE CORP; PULTE GROUP INC; PULTE HOMES INC; P H M CORP,54148.0,1984-04-12,,1980.0,1984,,,False,open_unknown_after_source_cutoff,wrds_classroom_sp500_changes,left date unknown after membership source cutoff
PHM,PHM,PHM,PulteGroup,,1984-04-30,,1980.0,1984,,,True,current,wikipedia_current_sp500,
PHNA,"PNBC, PHNA, CFL, CSFN",PNBC|PHNA|CFL|CSFN,P N B CORP; PHILADELPHIA NATIONAL CORP; CORESTATES FINANCIAL CORP,27263.0,1990-12-31,1998-04-28,,1990,1998.0,,False,closed,wrds_classroom_sp500_changes,
PHYB,"PHB, PHYB",PHB|PHYB,PIONEER HI BRED INTL INC,63096.0,1993-10-14,1999-10-01,,1993,1999.0,,False,closed,wrds_classroom_sp500_changes,
PIN,PIN,PIN,PUBLIC SVC CO IND INC; P S I RESOURCES INC; P S I HOLDINGS INC,24192.0,1976-07-01,1994-10-24,2008.0,1976,1994.0,,False,closed,wrds_classroom_sp500_changes,
PIZ,PIZ,PIZ,PIZZA HUT INC DE,56012.0,1976-03-04,1977-11-16,2008.0,1976,1977.0,,False,closed,wrds_classroom_sp500_changes,
PKA,PKA,PKA,PIKE CORP AMER,43094.0,1968-01-18,1969-01-15,,1968,1969.0,,False,closed,wrds_classroom_sp500_changes,
PKG,PKG,PKG,Packaging Corporation of America,87541.0,2017-07-26,,2000.0,2017,,,True,current,wrds_classroom_sp500_changes;wikipedia_current_sp500,current as of source; WRDS cutoff 2022-12-30
PKI,"EGG, PKI",EGG|PKI,PERKINELMER INC; EDGERTON GERMES & GRIER INC; E G & G INC,42200.0,1985-05-09,,,1985,,,False,open_unknown_after_source_cutoff,wrds_classroom_sp500_changes,left date unknown after membership source cutoff
PKN,"PKN, PEB, ABI",PKN|PEB|ABI,P E CORP; PERKIN ELMER CORP; APPLIED BIOSYSTEMS INC DEL; APPLERA CORP,27713.0,1974-10-17,2008-11-21,,1974,2008.0,,False,closed,wrds_classroom_sp500_changes,
PLD,"AMB, PLD",AMB|PLD,Prologis,85592.0,2003-07-17,,1997.0,2003,,,True,current,wrds_classroom_sp500_changes;wikipedia_current_sp500,current as of source; WRDS cutoff 2022-12-30
PLD,"PLD, SCN",PLD|SCN,PROLOGIS; PROLOGIS TRUST; SECURITY CAPITAL INDUSTRIAL TR,80406.0,2003-07-17,2011-06-02,1997.0,2003,2011.0,,False,closed,wrds_classroom_sp500_changes,
PLL,"PLL, PPL",PLL|PPL,PALL CORP,35051.0,1987-12-31,2015-08-28,,1987,2015.0,,False,closed,wrds_classroom_sp500_changes,
PLMO,"PALM, PLMO",PALM|PLMO,PALM INC; PALMONE INC,87800.0,2000-07-28,2002-08-13,,2000,2002.0,,False,closed,wrds_classroom_sp500_changes,
PLT,"PET, PLT",PET|PLT,PACIFIC LTG CORP; PACIFIC ENTERPRISES,16870.0,1957-03-01,1998-06-29,2025.0,1957,1998.0,,False,closed,wrds_classroom_sp500_changes,
PLTR,PLTR,PLTR,Palantir Technologies,,2024-09-23,,2020.0,2024,,,True,current,wikipedia_selected_changes;wikipedia_current_sp500,Market capitalization change.[27]; current as of source; WRDS cutoff 2022-12-30
PLY,"CHA, UPC, PLY",CHA|UPC|PLY,CHAMPION INTERNATIONAL CORP; UNITED STATES PLYWOOD CORP; UNITED STATES PLYWOOD CHAMPION,21397.0,1970-04-23,2000-06-16,,1970,2000.0,,False,closed,wrds_classroom_sp500_changes,
PM,PM,PM,Philip Morris International,92602.0,2008-03-31,,2008.0,2008,,,True,current,wrds_classroom_sp500_changes;wikipedia_current_sp500,current as of source; WRDS cutoff 2022-12-30
PMA,"AOC, AON, PMA",AOC|AON|PMA,Aon plc,61735.0,1996-04-23,,,1996,,,False,open_unknown_after_source_cutoff,wrds_classroom_sp500_changes;wikipedia_current_sp500,current as of source; WRDS cutoff 2022-12-30; historical alias; current ticker match is AON; left date unknown after membership source cutoff
PMCS,"SERA, PMCS",SERA|PMCS,SIERRA SEMICONDUCTOR CORP; P M C SIERRA INC,76624.0,2001-08-03,2007-06-29,,2001,2007.0,,False,closed,wrds_classroom_sp500_changes,
PMI,PMI,PMI,PREMARK INTERNATIONAL INC,71001.0,1989-04-06,1996-05-30,2025.0,1989,1996.0,,False,closed,wrds_classroom_sp500_changes,
PMT,PMT,PMT,PITTSBURGH METALLURGICAL INC,25670.0,1959-05-27,1960-12-14,2009.0,1959,1960.0,,False,closed,wrds_classroom_sp500_changes,
PMTC,"PTC, PMTC",PTC|PMTC,P T C INC; PARAMETRIC TECHNOLOGY CORP,75912.0,1997-04-01,2006-12-29,,1997,2006.0,,False,closed,wrds_classroom_sp500_changes,
PMTC,"PTC, PMTC",PTC|PMTC,P T C INC; PARAMETRIC TECHNOLOGY CORP,75912.0,2021-04-20,,,2021,,,False,open_unknown_after_source_cutoff,wrds_classroom_sp500_changes,left date unknown after membership source cutoff
PN,PN,PN,PAN AMERN WORLD AWYS INC; PAN AMERN AWYS CORP; PAN AM CORP,20984.0,1957-03-01,1991-01-09,2025.0,1957,1991.0,,False,closed,wrds_classroom_sp500_changes,
PNBC,"PNBC, PHNA, CFL, CSFN",PNBC|PHNA|CFL|CSFN,P N B CORP; PHILADELPHIA NATIONAL CORP; CORESTATES FINANCIAL CORP,27263.0,1990-12-31,1998-04-28,1992.0,1990,1998.0,,False,closed,wrds_classroom_sp500_changes,
PNC,"PNC, KCC, KCG",PNC|KCC|KCG,PERMANENTE CEMENT CO; KAISER CEMENT CORP; KAISER CEMENT & GYPSUM CORP,28433.0,1981-12-10,1987-03-04,1975.0,1981,1987.0,,False,closed,wrds_classroom_sp500_changes,
PNC,"PROV, PNC, PNCF",PROV|PNC|PNCF,PNC Financial Services,60442.0,1988-04-14,,1975.0,1988,,,True,current,wrds_classroom_sp500_changes;wikipedia_current_sp500,current as of source; WRDS cutoff 2022-12-30
PNCF,"PROV, PNC, PNCF",PROV|PNC|PNCF,PNC Financial Services,60442.0,1988-04-14,,,1988,,,False,open_unknown_after_source_cutoff,wrds_classroom_sp500_changes;wikipedia_current_sp500,current as of source; WRDS cutoff 2022-12-30; historical alias; current ticker match is PNC; left date unknown after membership source cutoff
PNDQ,"DXC, PDI, PNDQ, CSCS",DXC|PDI|PNDQ|CSCS,PENN DIXIE INDUSTRIES INC; PENN DIXIE CEM CORP; CONTINENTAL STEEL CORP DE; PENN DIXIE CEMENT CORP; PENNSYLVANIA DIXIE CEM CORP,15915.0,1957-03-01,1977-05-18,,1957,1977.0,,False,closed,wrds_classroom_sp500_changes,
PNR,PNR,PNR,Pentair,13586.0,2012-10-01,,1973.0,2012,,,True,current,wrds_classroom_sp500_changes;wikipedia_current_sp500,current as of source; WRDS cutoff 2022-12-30
PNU,PNU,PNU,PHARMACIA & UPJOHN INC,82647.0,1995-11-03,2000-03-31,,1995,2000.0,,False,closed,wrds_classroom_sp500_changes,
PNW,"PNW, AZP",PNW|AZP,Pinnacle West Capital,27991.0,1999-10-04,,1973.0,1999,,,True,current,wrds_classroom_sp500_changes;wikipedia_current_sp500,current as of source; WRDS cutoff 2022-12-30
POBR,"POEA, BRO, POBR, PBR",POEA|BRO|POBR|PBR,Brown & Brown,63467.0,2021-09-20,,,2021,,,False,open_unknown_after_source_cutoff,wrds_classroom_sp500_changes;wikipedia_current_sp500,current as of source; WRDS cutoff 2022-12-30; historical alias; current ticker match is BRO; left date unknown after membership source cutoff
PODD,PODD,PODD,Insulet Corporation,,2023-03-15,,2007.0,2023,,,True,current,wikipedia_selected_changes;wikipedia_current_sp500,"The FDIC placed SVB's main subsidiary, Silicon Valley Bank, into receivership.[41]; current as of source; WRDS cutoff 2022-12-30"
POEA,"POEA, BRO, POBR, PBR",POEA|BRO|POBR|PBR,Brown & Brown,63467.0,2021-09-20,,,2021,,,False,open_unknown_after_source_cutoff,wrds_classroom_sp500_changes;wikipedia_current_sp500,current as of source; WRDS cutoff 2022-12-30; historical alias; current ticker match is BRO; left date unknown after membership source cutoff
POM,POM,POM,PEPCO HOLDINGS INC; POTOMAC ELECTRIC POWER CO,23501.0,2007-11-09,2016-03-29,2025.0,2007,2016.0,,False,closed,wrds_classroom_sp500_changes,
POOL,POOL,POOL,Pool Corporation,82515.0,2020-10-07,,1995.0,2020,,,True,current,wrds_classroom_sp500_changes;wikipedia_current_sp500,current as of source; WRDS cutoff 2022-12-30
PPG,PPG,PPG,PPG Industries,,1957-03-04,,1980.0,1957,,,True,current,wikipedia_current_sp500,
PPI,PPI,PPI,PETER PAUL INC,45663.0,1968-07-25,1978-05-10,2021.0,1968,1978.0,,False,closed,wrds_classroom_sp500_changes,
PPL,"PLL, PPL",PLL|PPL,PALL CORP,35051.0,1987-12-31,2015-08-28,1980.0,1987,2015.0,,False,closed,wrds_classroom_sp500_changes,
PPL,PPL,PPL,P P & L RESOURCES INC; PENNSYLVANIA POWER & LIGHT CO; P P L CORP,22517.0,1995-11-27,,1980.0,1995,,,False,open_unknown_after_source_cutoff,wrds_classroom_sp500_changes,left date unknown after membership source cutoff
PPL,PPL,PPL,PPL Corporation,,2001-10-01,,1980.0,2001,,,True,current,wikipedia_current_sp500,
PPW,PPW,PPW,PACIFICORP; PACIFIC PWR & LT CO,42833.0,1989-03-16,1999-11-29,2017.0,1989,1999.0,2018.0,False,closed,wrds_classroom_sp500_changes,
PRD,PRD,PRD,POLAROID CORP,26438.0,1964-01-30,2000-12-11,,1964,2000.0,,False,closed,wrds_classroom_sp500_changes,
PRGO,PRGO,PRGO,PERRIGO CO; PERRIGO CO PLC,77182.0,2011-12-19,2021-09-17,1991.0,2011,2021.0,,False,closed,wrds_classroom_sp500_changes,
PRI,"PRI, HET",PRI|HET,HARRAHS ENTERTAINMENT INC; PROMUS COMPANIES INC,76090.0,1990-02-08,2008-01-28,2010.0,1990,2008.0,,False,closed,wrds_classroom_sp500_changes,
PRM,"PRM, PRME",PRM|PRME,PRIME COMPUTER INC,60337.0,1984-12-27,1989-08-23,2021.0,1984,1989.0,,False,closed,wrds_classroom_sp500_changes,
PRME,"PRM, PRME",PRM|PRME,PRIME COMPUTER INC,60337.0,1984-12-27,1989-08-23,2022.0,1984,1989.0,,False,closed,wrds_classroom_sp500_changes,
PROG,"PROG, PGR",PROG|PGR,Progressive Corporation,64390.0,1997-08-04,,,1997,,,False,open_unknown_after_source_cutoff,wrds_classroom_sp500_changes;wikipedia_current_sp500,current as of source; WRDS cutoff 2022-12-30; historical alias; current ticker match is PGR; left date unknown after membership source cutoff
PROV,"PROV, PNC, PNCF",PROV|PNC|PNCF,PNC Financial Services,60442.0,1988-04-14,,1996.0,1988,,,False,open_unknown_after_source_cutoff,wrds_classroom_sp500_changes;wikipedia_current_sp500,current as of source; WRDS cutoff 2022-12-30; historical alias; current ticker match is PNC; left date unknown after membership source cutoff
PRU,PRU,PRU,Prudential Financial,89258.0,2002-07-22,,2001.0,2002,,,True,current,wrds_classroom_sp500_changes;wikipedia_current_sp500,current as of source; WRDS cutoff 2022-12-30
PRX,PRX,PRX,PUREX CORP; PUREX INDUSTRIES INC; PUREX LTD,39992.0,1966-06-02,1982-08-18,2018.0,1966,1982.0,2020.0,False,closed,wrds_classroom_sp500_changes,
PSA,"STOR, SEQ, PSA",STOR|SEQ|PSA,Public Storage,64653.0,2005-08-19,,1980.0,2005,,,True,current,wrds_classroom_sp500_changes;wikipedia_current_sp500,current as of source; WRDS cutoff 2022-12-30
PSB,"ENG, PSB, PB, SB",ENG|PSB|PB|SB,ENGELHARD INDUSTRIES INC; PHIBRO SALOMON INC; SALOMON INC; PHIBRO CORP; ENGELHARD MINERALS & CHEMS CORP,27596.0,1968-01-18,1997-11-26,,1968,1997.0,,False,closed,wrds_classroom_sp500_changes,
PSFT,PSFT,PSFT,PEOPLESOFT INC,78083.0,1998-10-02,2004-12-28,,1998,2004.0,,False,closed,wrds_classroom_sp500_changes,
PSKY,PSKY,PSKY,Paramount Skydance Corporation,,1994-09-30,,2005.0,1994,,,True,current,wikipedia_current_sp500,
PSR,"NCE, PSR",NCE|PSR,PUBLIC SERVICE CO CO; NEW CENTURY ENERGIES INC,22613.0,1966-12-15,1976-06-30,2008.0,1966,1976.0,,False,closed,wrds_classroom_sp500_changes,
PSR,"NCE, PSR",NCE|PSR,PUBLIC SERVICE CO CO; NEW CENTURY ENERGIES INC,22613.0,1998-11-03,2000-08-18,2008.0,1998,2000.0,,False,closed,wrds_classroom_sp500_changes,
PSU,PSU,PSU,SOUTH P R SUGAR CO; SOUTH PORTO RICO SUGAR CO,14488.0,1957-03-01,1967-07-19,2007.0,1957,1967.0,2016.0,False,closed,wrds_classroom_sp500_changes,
PSVB,"PSVB, SVRN, SOV",PSVB|SVRN|SOV,PENN SAVINGS BANK WYOMISSING PA; SOVEREIGN BANCORP INC,10562.0,2004-07-01,2009-01-29,,2004,2009.0,,False,closed,wrds_classroom_sp500_changes,
PSX,PSX,PSX,Phillips 66,13356.0,2012-05-01,,2012.0,2012,,,True,current,wrds_classroom_sp500_changes;wikipedia_current_sp500,current as of source; WRDS cutoff 2022-12-30
PSY,PSY,PSY,PILLSBURY CO; PILLSBURY FLOUR MILLS CO; PILLSBURY FLOUR MILLS INC; PILLSBURY COMPANY; PILLSBURY MILLS INC,16360.0,1977-05-19,1989-01-04,2021.0,1977,1989.0,2022.0,False,closed,wrds_classroom_sp500_changes,
PT,PT,PT,PET INC NEW,76608.0,1991-04-02,1995-02-08,,1991,1995.0,,False,closed,wrds_classroom_sp500_changes,
PTC,"PTC, PMTC",PTC|PMTC,P T C INC; PARAMETRIC TECHNOLOGY CORP,75912.0,1997-04-01,2006-12-29,1989.0,1997,2006.0,,False,closed,wrds_classroom_sp500_changes,
PTC,"PTC, PMTC",PTC|PMTC,P T C INC; PARAMETRIC TECHNOLOGY CORP,75912.0,2021-04-20,,1989.0,2021,,,False,open_unknown_after_source_cutoff,wrds_classroom_sp500_changes,left date unknown after membership source cutoff
PTC,PTC,PTC,PTC Inc.,,2021-04-20,,1989.0,2021,,,True,current,wikipedia_current_sp500,
PTR,"PTR, ASN, PTRAS",PTR|ASN|PTRAS,ARCHSTONE COMMUNITIES TRUST; SECURITY CAPITAL PACIFIC TRUST; ARCHSTONE SMITH TRUST; PROPERTY TRUST AMERICA,64451.0,2004-12-20,2007-10-05,,2004,2007.0,,False,closed,wrds_classroom_sp500_changes,
PTRAS,"PTR, ASN, PTRAS",PTR|ASN|PTRAS,ARCHSTONE COMMUNITIES TRUST; SECURITY CAPITAL PACIFIC TRUST; ARCHSTONE SMITH TRUST; PROPERTY TRUST AMERICA,64451.0,2004-12-20,2007-10-05,,2004,2007.0,,False,closed,wrds_classroom_sp500_changes,
PTV,PTV,PTV,PACTIV CORP,87292.0,1999-11-05,2010-11-16,2010.0,1999,2010.0,2017.0,False,closed,wrds_classroom_sp500_changes,
PTW,"ATI, PTW",ATI|PTW,PACTEL CORP; AIRTOUCH COMMUNICATIONS,80094.0,1994-04-06,1999-06-29,2014.0,1994,1999.0,2018.0,False,closed,wrds_classroom_sp500_changes,
PU,PU,PU,PULLMAN CO; PULLMAN INC,14066.0,1957-03-01,1980-11-19,,1957,1980.0,,False,closed,wrds_classroom_sp500_changes,
PUL,PUL,PUL,PUBLICKER INDUSTRIES INC,22787.0,1957-03-01,1970-03-18,2013.0,1957,1970.0,2018.0,False,closed,wrds_classroom_sp500_changes,
PVB,"PVB, PVT, PACE, PACC",PVB|PVT|PACE|PACC,PROVIDENT COMPANIES INC; PROVIDENT LIFE & ACC INS CO AMER; PROVIDENT LIFE & ACC INS CO,64531.0,1998-08-31,1999-06-30,2014.0,1998,1999.0,2018.0,False,closed,wrds_classroom_sp500_changes,
PVH,PVH,PVH,PHILLIPS JONES CORP; PHILLIPS VAN HEUSEN CORP; P V H CORP,13936.0,2013-02-14,2022-09-16,1980.0,2013,2022.0,,False,closed,wrds_classroom_sp500_changes,
PVN,"PVN, CPH",PVN|CPH,CAPITAL HOLDING CORP; PROVIDIAN CORP,53081.0,1976-07-01,1997-06-10,2018.0,1976,1997.0,2018.0,False,closed,wrds_classroom_sp500_changes,
PVN,PVN,PVN,PROVIDIAN FINANCIAL CORP,85073.0,1997-06-11,2005-09-30,2018.0,1997,2005.0,2018.0,False,closed,wrds_classroom_sp500_changes,
PVT,"PVB, PVT, PACE, PACC",PVB|PVT|PACE|PACC,PROVIDENT COMPANIES INC; PROVIDENT LIFE & ACC INS CO AMER; PROVIDENT LIFE & ACC INS CO,64531.0,1998-08-31,1999-06-30,,1998,1999.0,,False,closed,wrds_classroom_sp500_changes,
PWA,"MUN, PWA, WEAR",MUN|PWA|WEAR,MUNSINGWEAR INC; PREMIUMWEAR INC,13290.0,1957-03-01,1979-05-02,,1957,1979.0,,False,closed,wrds_classroom_sp500_changes,
PWER,PWER,PWER,POWER ONE INC,85516.0,2000-10-23,2005-03-11,2023.0,2000,2005.0,,False,closed,wrds_classroom_sp500_changes,
PWJ,PWJ,PWJ,PAINE WEBBER INC; PAINE WEBBER JACKSON & CURTIS; PAINE WEBBER GROUP INC,54463.0,1999-06-04,2000-11-03,2008.0,1999,2000.0,,False,closed,wrds_classroom_sp500_changes,
PWR,PWR,PWR,Quanta Services,85792.0,2009-07-01,,1998.0,2009,,,True,current,wrds_classroom_sp500_changes;wikipedia_current_sp500,current as of source; WRDS cutoff 2022-12-30
PX,PX,PX,PRAXAIR INC,77768.0,1992-07-06,2018-10-30,,1992,2018.0,,False,closed,wrds_classroom_sp500_changes,
PXD,"PXD, PDP",PXD|PDP,PARKER & PARSLEY PETROLEUM CO; PARKER & PARSLEY DEVELOPMENT PAR; PIONEER NATURAL RESOURCES CO,75241.0,2008-09-24,2024-05-08,,2008,2024.0,,False,closed,wrds_classroom_sp500_changes,
PXN,PXN,PXN,PARAMOUNT PICTURES CORP,24176.0,1957-03-01,1966-10-05,,1957,1966.0,,False,closed,wrds_classroom_sp500_changes,
PYPL,PYPL,PYPL,PayPal,15488.0,2015-07-20,,2015.0,2015,,,True,current,wrds_classroom_sp500_changes;wikipedia_current_sp500,current as of source; WRDS cutoff 2022-12-30
PZB,"PZS, PZB, BCO, PCO",PZS|PZB|BCO|PCO,BRINKS CO; PITTSTON CO,18649.0,1957-07-03,1996-01-19,,1957,1996.0,,False,closed,wrds_classroom_sp500_changes,
PZE,"SP, PZE, PZL",SP|PZE|PZL,SOUTH PENN OIL CO; PENNZOIL CO; PENNZENERGY CO; PENNZOIL UNITED INC,35211.0,1983-03-10,1998-12-30,2009.0,1983,1998.0,2018.0,False,closed,wrds_classroom_sp500_changes,
PZL,"SP, PZE, PZL",SP|PZE|PZL,SOUTH PENN OIL CO; PENNZOIL CO; PENNZENERGY CO; PENNZOIL UNITED INC,35211.0,1983-03-10,1998-12-30,,1983,1998.0,,False,closed,wrds_classroom_sp500_changes,
PZS,"PZS, PZB, BCO, PCO",PZS|PZB|BCO|PCO,BRINKS CO; PITTSTON CO,18649.0,1957-07-03,1996-01-19,2013.0,1957,1996.0,2017.0,False,closed,wrds_classroom_sp500_changes,
Q,"QWST, Q",QWST|Q,QWEST COMMUNICATIONS INTL INC,85032.0,2000-07-06,2011-03-31,2025.0,2000,2011.0,,False,closed,wrds_classroom_sp500_changes,
Q,"IQV, Q",IQV|Q,IQVIA,13911.0,2017-08-29,,2025.0,2017,,,False,open_unknown_after_source_cutoff,wrds_classroom_sp500_changes;wikipedia_current_sp500,current as of source; WRDS cutoff 2022-12-30; historical alias; current ticker match is IQV; left date unknown after membership source cutoff
Q,Q,Q,Qnity Electronics,,2025-11-03,,2025.0,2025,,,True,current,wikipedia_selected_changes;wikipedia_current_sp500,"S&P 500 constituent Dupont de Nemours, Inc. spun off Qnity Electronics.[15]; current as of source; WRDS cutoff 2022-12-30"
QCOM,QCOM,QCOM,Qualcomm,77178.0,1999-07-22,,1991.0,1999,,,True,current,wrds_classroom_sp500_changes;wikipedia_current_sp500,current as of source; WRDS cutoff 2022-12-30
QCP,QCP,QCP,QUALITY CARE PROPERTIES INC,16346.0,2016-11-01,2016-11-01,2016.0,2016,2016.0,2018.0,False,closed,wrds_classroom_sp500_changes,
QEP,QEP,QEP,Q E P RESOURCES INC,93422.0,2010-07-01,2015-06-30,,2010,2015.0,,False,closed,wrds_classroom_sp500_changes,
QLGC,QLGC,QLGC,QLOGIC CORP,80266.0,2000-12-12,2011-01-14,,2000,2011.0,,False,closed,wrds_classroom_sp500_changes,
QRVO,"RFMD, QRVO",RFMD|QRVO,R F MICRO DEVICES INC; QORVO INC,85035.0,2015-06-12,2024-12-23,2015.0,2015,2024.0,,False,closed,wrds_classroom_sp500_changes,
QTRN,QTRN,QTRN,QUINTILES TRANSNATIONAL CORP,80470.0,1999-11-16,2003-09-25,,1999,2003.0,,False,closed,wrds_classroom_sp500_changes,
QWST,"QWST, Q",QWST|Q,QWEST COMMUNICATIONS INTL INC,85032.0,2000-07-06,2011-03-31,2023.0,2000,2011.0,2023.0,False,closed,wrds_classroom_sp500_changes,
R,R,R,UNIROYAL INC; UNITED STATES RUBBER CO,14912.0,1925-12-31,1985-09-25,1980.0,1925,1985.0,,False,closed,wrds_classroom_sp500_changes,
R,"RDR, R",RDR|R,RYDER SYSTEMS INC,27633.0,1982-12-30,2017-06-16,1980.0,1982,2017.0,,False,closed,wrds_classroom_sp500_changes,
RA,RA,RA,REPUBLIC AVIATION CORP; R A C CORP,22306.0,1957-03-01,1965-10-13,2016.0,1957,1965.0,,False,closed,wrds_classroom_sp500_changes,
RAD,RAD,RAD,RITE AID CORP,46922.0,1975-12-11,2000-07-26,,1975,2000.0,,False,closed,wrds_classroom_sp500_changes,
RAI,"RAI, RJR",RAI|RJR,REYNOLDS AMERICAN INC; REYNOLDS R J TOBACCO HLDGS INC,86946.0,2002-09-04,2017-07-25,,2002,2017.0,,False,closed,wrds_classroom_sp500_changes,
RAL,RAL,RAL,RALSTON PURINA CO,28353.0,1963-12-05,2001-12-12,2025.0,1963,2001.0,,False,closed,wrds_classroom_sp500_changes,
RAM,RAM,RAM,RAMADA INNS INC,45014.0,1971-12-09,1989-12-20,,1971,1989.0,,False,closed,wrds_classroom_sp500_changes,
RATL,"RATL, VRDX",RATL|VRDX,RATIONAL SOFTWARE CORP; VERDIX CORP,80515.0,2002-02-01,2003-02-21,,2002,2003.0,,False,closed,wrds_classroom_sp500_changes,
RAYC,"RAYC, RYC",RAYC|RYC,RAYCHEM CORP,64346.0,1988-06-16,1999-08-12,2020.0,1988,1999.0,2025.0,False,closed,wrds_classroom_sp500_changes,
RB,"RB, FLC",RB|FLC,R & B FALCON CORP; READING & BATES OFFSHORE DRILL; READING & BATES CORP,46228.0,1972-01-20,1989-08-23,2025.0,1972,1989.0,,False,closed,wrds_classroom_sp500_changes,
RBD,RBD,RBD,RUBBERMAID INC,26884.0,1986-05-08,1999-03-24,,1986,1999.0,,False,closed,wrds_classroom_sp500_changes,
RBI,"RDT, RBI, MGW",RDT|RBI|MGW,MURPHY G W INDS INC; REED ROLLER BIT CO; REED TOOL CO; REED INTL INC,23886.0,1957-03-01,1973-05-30,2000.0,1957,1973.0,2018.0,False,closed,wrds_classroom_sp500_changes,
RBK,"RBK, RBOK",RBK|RBOK,REEBOK INTERNATIONAL LTD,91380.0,1987-01-08,2006-01-31,,1987,2006.0,,False,closed,wrds_classroom_sp500_changes,
RBOK,"RBK, RBOK",RBK|RBOK,REEBOK INTERNATIONAL LTD,91380.0,1987-01-08,2006-01-31,,1987,2006.0,,False,closed,wrds_classroom_sp500_changes,
RBR,RBR,RBR,RUBEROID CO,19844.0,1957-03-01,1967-05-17,2014.0,1957,1967.0,2016.0,False,closed,wrds_classroom_sp500_changes,
RCA,RCA,RCA,RADIO CORP AMER; R C A CORP,14090.0,1925-12-31,1986-06-11,,1925,1986.0,,False,closed,wrds_classroom_sp500_changes,
RCB,"RCB, CHB",RCB|CHB,CHAIN BELT CO; REX CHAINBELT INC; REXNORD INC,21119.0,1957-03-01,1987-05-06,2019.0,1957,1987.0,,False,closed,wrds_classroom_sp500_changes,
RCC,RCC,RCC,ROYAL CROWN COLA CO; ROYAL CROWN COS INC; NEHI CORP,21303.0,1957-03-01,1984-07-18,,1957,1984.0,,False,closed,wrds_classroom_sp500_changes,
RCHI,"RCHI, ACGL",RCHI|ACGL,Arch Capital Group,82276.0,2022-11-01,,,2022,,,False,open_unknown_after_source_cutoff,wrds_classroom_sp500_changes;wikipedia_current_sp500,current as of source; WRDS cutoff 2022-12-30; historical alias; current ticker match is ACGL; left date unknown after membership source cutoff
RCL,RCL,RCL,Royal Caribbean Group,79145.0,2014-12-05,,1993.0,2014,,,True,current,wrds_classroom_sp500_changes;wikipedia_current_sp500,current as of source; WRDS cutoff 2022-12-30
RCR,"EFX, RCR",EFX|RCR,Equifax,52476.0,1997-06-19,,2014.0,1997,,2016.0,False,open_unknown_after_source_cutoff,wrds_classroom_sp500_changes;wikipedia_current_sp500,current as of source; WRDS cutoff 2022-12-30; historical alias; current ticker match is EFX; left date unknown after membership source cutoff
RD,RD,RD,ROYAL DUTCH PETROLEUM CO,25267.0,1957-03-01,2002-07-19,,1957,2002.0,,False,closed,wrds_classroom_sp500_changes,
RDC,RDC,RDC,ROWAN DRILLING CO; ROWAN COMPANIES INC; ROWAN COMPANIES PLC,45495.0,1985-01-10,2014-08-18,,1985,2014.0,,False,closed,wrds_classroom_sp500_changes,
RDG,"RDGE, RDGC, RDG, RDGCA",RDGE|RDGC|RDG|RDGCA,READING ENTERTAINMENT INC; READING CO; READING COMPANY,14154.0,1968-07-08,1972-09-27,,1968,1972.0,,False,closed,wrds_classroom_sp500_changes,
RDGC,"RDGE, RDGC, RDG, RDGCA",RDGE|RDGC|RDG|RDGCA,READING ENTERTAINMENT INC; READING CO; READING COMPANY,14154.0,1968-07-08,1972-09-27,,1968,1972.0,,False,closed,wrds_classroom_sp500_changes,
RDGCA,"RDGE, RDGC, RDG, RDGCA",RDGE|RDGC|RDG|RDGCA,READING ENTERTAINMENT INC; READING CO; READING COMPANY,14154.0,1968-07-08,1972-09-27,,1968,1972.0,,False,closed,wrds_classroom_sp500_changes,
RDGE,"RDGE, RDGC, RDG, RDGCA",RDGE|RDGC|RDG|RDGCA,READING ENTERTAINMENT INC; READING CO; READING COMPANY,14154.0,1968-07-08,1972-09-27,,1968,1972.0,,False,closed,wrds_classroom_sp500_changes,
RDR,"RDR, R",RDR|R,RYDER SYSTEMS INC,27633.0,1982-12-30,2017-06-16,,1982,2017.0,,False,closed,wrds_classroom_sp500_changes,
RDS,RDS,RDS,REVCO D S INC,41662.0,1975-12-11,1986-12-17,2000.0,1975,1986.0,2018.0,False,closed,wrds_classroom_sp500_changes,
RDT,"RDT, RBI, MGW",RDT|RBI|MGW,MURPHY G W INDS INC; REED ROLLER BIT CO; REED TOOL CO; REED INTL INC,23886.0,1957-03-01,1973-05-30,2000.0,1957,1973.0,2015.0,False,closed,wrds_classroom_sp500_changes,
RE,RE,RE,REDMAN INDUSTRIES INC,41486.0,1974-05-09,1988-10-26,,1974,1988.0,,False,closed,wrds_classroom_sp500_changes,
RE,RE,RE,PRUDENTIAL REINSURANCE HOLD INC; EVEREST REINSURANCE HOLDINGS INC; EVEREST RE GROUP LTD,82303.0,2017-06-19,,,2017,,,False,open_unknown_after_source_cutoff,wrds_classroom_sp500_changes,left date unknown after membership source cutoff
REE,REE,REE,RELIANCE ELECTRIC CO; RELIANCE ELECTRIC & ENGR CO,26307.0,1979-01-11,1979-12-26,2021.0,1979,1979.0,,False,closed,wrds_classroom_sp500_changes,
REG,REG,REG,Regency Centers,79782.0,2017-03-02,,1993.0,2017,,,True,current,wrds_classroom_sp500_changes;wikipedia_current_sp500,current as of source; WRDS cutoff 2022-12-30
REGN,REGN,REGN,Regeneron Pharmaceuticals,76614.0,2013-05-01,,1991.0,2013,,,True,current,wrds_classroom_sp500_changes;wikipedia_current_sp500,current as of source; WRDS cutoff 2022-12-30
REI,"CNP, REI, HOU",CNP|REI|HOU,CenterPoint Energy,21792.0,1985-07-25,,2007.0,1985,,,False,open_unknown_after_source_cutoff,wrds_classroom_sp500_changes;wikipedia_current_sp500,current as of source; WRDS cutoff 2022-12-30; historical alias; current ticker match is CNP; left date unknown after membership source cutoff
REN,"REN, SK, RENA, LLE",REN|SK|RENA|LLE,ROLLINS ENVIRONMENTAL SVCS INC; LAIDLAW ENVIRONMENTAL SVCS INC; SAFETY KLEEN CORP NEW,64477.0,1985-11-21,1995-03-31,,1985,1995.0,,False,closed,wrds_classroom_sp500_changes,
RENA,"REN, SK, RENA, LLE",REN|SK|RENA|LLE,ROLLINS ENVIRONMENTAL SVCS INC; LAIDLAW ENVIRONMENTAL SVCS INC; SAFETY KLEEN CORP NEW,64477.0,1985-11-21,1995-03-31,,1985,1995.0,,False,closed,wrds_classroom_sp500_changes,
RESM,"RESM, RMD",RESM|RMD,ResMed,81736.0,2017-07-26,,2025.0,2017,,,False,open_unknown_after_source_cutoff,wrds_classroom_sp500_changes;wikipedia_current_sp500,current as of source; WRDS cutoff 2022-12-30; historical alias; current ticker match is RMD; left date unknown after membership source cutoff
REV,REV,REV,REVLON INC,25988.0,1967-05-18,1985-11-20,,1967,1985.0,,False,closed,wrds_classroom_sp500_changes,
REZI,REZI,REZI,RESIDEO TECHNOLOGIES INC,18142.0,2018-10-29,2018-10-29,2018.0,2018,2018.0,,False,closed,wrds_classroom_sp500_changes,
RF,"RGBK, FABC, RF",RGBK|FABC|RF,Regions Financial Corporation,35044.0,1998-08-28,,1980.0,1998,,,True,current,wrds_classroom_sp500_changes;wikipedia_current_sp500,current as of source; WRDS cutoff 2022-12-30
RFMD,"RFMD, QRVO",RFMD|QRVO,R F MICRO DEVICES INC; QORVO INC,85035.0,2015-06-12,2024-12-23,,2015,2024.0,,False,closed,wrds_classroom_sp500_changes,
RG,"RG, RGLD",RG|RGLD,RHEINGOLD CORP,42323.0,1965-11-04,1973-06-20,2006.0,1965,1973.0,2020.0,False,closed,wrds_classroom_sp500_changes,
RGBK,"RGBK, FABC, RF",RGBK|FABC|RF,Regions Financial Corporation,35044.0,1998-08-28,,,1998,,,False,open_unknown_after_source_cutoff,wrds_classroom_sp500_changes;wikipedia_current_sp500,current as of source; WRDS cutoff 2022-12-30; historical alias; current ticker match is RF; left date unknown after membership source cutoff
RGI,RGI,RGI,RIO GRANDE INDS INC,48258.0,1970-12-17,1976-06-30,2009.0,1970,1976.0,,False,closed,wrds_classroom_sp500_changes,
RGLD,"RG, RGLD",RG|RGLD,RHEINGOLD CORP,42323.0,1965-11-04,1973-06-20,1981.0,1965,1973.0,,False,closed,wrds_classroom_sp500_changes,
RHAT,"RHT, RHAT",RHT|RHAT,RED HAT INC,87184.0,2009-07-27,2019-07-12,,2009,2019.0,,False,closed,wrds_classroom_sp500_changes,
RHI,"RHII, BCMP, BCP, RHI",RHII|BCMP|BCP|RHI,BOOTHE COMPUTER CORP; BOOTHE FINANCIAL CORP; ROBERT HALF INTL INC; BOOTHE COURIER CORP; ROBERT HALF INTERNATIONAL INC,52230.0,2000-12-05,2024-06-24,1980.0,2000,2024.0,,False,closed,wrds_classroom_sp500_changes,
RHII,"RHII, BCMP, BCP, RHI",RHII|BCMP|BCP|RHI,BOOTHE COMPUTER CORP; BOOTHE FINANCIAL CORP; ROBERT HALF INTL INC; BOOTHE COURIER CORP; ROBERT HALF INTERNATIONAL INC,52230.0,2000-12-05,2024-06-24,,2000,2024.0,,False,closed,wrds_classroom_sp500_changes,
RHT,"RHT, RHAT",RHT|RHAT,RED HAT INC,87184.0,2009-07-27,2019-07-12,,2009,2019.0,,False,closed,wrds_classroom_sp500_changes,
RI,RI,RI,CHICAGO ROCK IS & PAC RR CO,23587.0,1953-06-22,1972-09-27,,1953,1972.0,,False,closed,wrds_classroom_sp500_changes,
RIG,RIG,RIG,SONAT OFFSHORE DRILLING INC; TRANSOCEAN SEDCO FOREX INC; TRANSOCEAN LTD; TRANSOCEAN INC NEW; TRANSOCEAN OFFSHORE INC; TRANSOCEAN INC,79237.0,1999-12-31,2008-12-18,1993.0,1999,2008.0,,False,closed,wrds_classroom_sp500_changes,
RIG,RIG,RIG,SONAT OFFSHORE DRILLING INC; TRANSOCEAN SEDCO FOREX INC; TRANSOCEAN LTD; TRANSOCEAN INC NEW; TRANSOCEAN OFFSHORE INC; TRANSOCEAN INC,79237.0,2013-10-29,2017-07-25,1993.0,2013,2017.0,,False,closed,wrds_classroom_sp500_changes,
RIGX,"CSGP, RIGX",CSGP|RIGX,CoStar Group,86288.0,2022-09-19,,,2022,,,False,open_unknown_after_source_cutoff,wrds_classroom_sp500_changes;wikipedia_current_sp500,current as of source; WRDS cutoff 2022-12-30; historical alias; current ticker match is CSGP; left date unknown after membership source cutoff
RII,"RWIN, RII, AN",RWIN|RII|AN,AUTONATION INC DEL; REPUBLIC WASTE INDUSTRIES INC; REPUBLIC INDUSTRIES INC,76282.0,2003-02-24,2017-08-07,,2003,2017.0,,False,closed,wrds_classroom_sp500_changes,
RJF,"RJF, RJFN",RJF|RJFN,Raymond James Financial,69649.0,2017-03-20,,1983.0,2017,,,True,current,wrds_classroom_sp500_changes;wikipedia_current_sp500,current as of source; WRDS cutoff 2022-12-30
RJFN,"RJF, RJFN",RJF|RJFN,Raymond James Financial,69649.0,2017-03-20,,,2017,,,False,open_unknown_after_source_cutoff,wrds_classroom_sp500_changes;wikipedia_current_sp500,current as of source; WRDS cutoff 2022-12-30; historical alias; current ticker match is RJF; left date unknown after membership source cutoff
RJR,RJR,RJR,R J R NABISCO INC; REYNOLDS R J INDUSTRIES INC; REYNOLDS R J TOBACCO CO,14218.0,1957-03-01,1989-02-08,2007.0,1957,1989.0,2012.0,False,closed,wrds_classroom_sp500_changes,
RJR,"RAI, RJR",RAI|RJR,REYNOLDS AMERICAN INC; REYNOLDS R J TOBACCO HLDGS INC,86946.0,2002-09-04,2017-07-25,2007.0,2002,2017.0,2012.0,False,closed,wrds_classroom_sp500_changes,
RKS,RKS,RKS,ROCKWELL STD CORP; TIMKEN DETROIT AXLE CO; ROCKWELL SPRING & AXLE CO,17654.0,1957-03-01,1967-09-27,,1957,1967.0,,False,closed,wrds_classroom_sp500_changes,
RKY,"ACCOB, RKY, TAP",ACCOB|RKY|TAP,Molson Coors Beverage Company,59248.0,1976-06-30,,,1976,,,False,open_unknown_after_source_cutoff,wrds_classroom_sp500_changes;wikipedia_current_sp500,current as of source; WRDS cutoff 2022-12-30; historical alias; current ticker match is TAP; left date unknown after membership source cutoff
RL,RL,RL,Ralph Lauren Corporation,85072.0,2007-02-02,,1997.0,2007,,,True,current,wrds_classroom_sp500_changes;wikipedia_current_sp500,current as of source; WRDS cutoff 2022-12-30
RLM,RLM,RLM,REYNOLDS METALS CO,18921.0,1957-03-01,2000-05-04,,1957,2000.0,,False,closed,wrds_classroom_sp500_changes,
RM,"RM, ROLM",RM|ROLM,ROLM CORP,60572.0,1980-12-18,1984-11-21,2012.0,1980,1984.0,,False,closed,wrds_classroom_sp500_changes,
RMB,RMB,RMB,ROYAL TYPEWRITER INC; ROYAL MC BEE CORP,21901.0,1957-03-01,1965-01-06,,1957,1965.0,,False,closed,wrds_classroom_sp500_changes,
RMC,RMC,RMC,RELIANCE MFG CO,20511.0,1957-03-01,1965-01-13,,1957,1965.0,,False,closed,wrds_classroom_sp500_changes,
RMD,"RESM, RMD",RESM|RMD,ResMed,81736.0,2017-07-26,,1995.0,2017,,,True,current,wrds_classroom_sp500_changes;wikipedia_current_sp500,current as of source; WRDS cutoff 2022-12-30
RML,RML,RML,RUSSELL CORP; RUSSELL MLS INC,47490.0,1984-11-23,2000-12-11,,1984,2000.0,,False,closed,wrds_classroom_sp500_changes,
RN,"NGH, RN",NGH|RN,R J R NABISCO HOLDINGS CORP; NABISCO GROUP HOLDING CORP,76597.0,1998-09-15,2000-12-11,2016.0,1998,2000.0,2018.0,False,closed,wrds_classroom_sp500_changes,
RNB,RNB,RNB,REPUBLIC NATIONAL BANK N Y; REPUBLIC NEW YORK CORP,53938.0,1995-07-05,1999-12-31,,1995,1999.0,,False,closed,wrds_classroom_sp500_changes,
ROAD,"CBB, ROAD",CBB|ROAD,ROADWAY SERVICES INC; CALIBER SYSTEM INC; ROADWAY EXPRESS INC,59432.0,1976-07-01,1998-01-27,2018.0,1976,1998.0,,False,closed,wrds_classroom_sp500_changes,
ROH,ROH,ROH,ROHM & HAAS CO,23990.0,1982-09-16,2009-04-01,,1982,2009.0,,False,closed,wrds_classroom_sp500_changes,
ROK,"ROK, NV, NR",ROK|NV|NR,ROCKWELL INTERNATIONAL CORP; NORTH AMERICAN ROCKWELL CORP; NORTH AMERICAN AVIATION INC,18948.0,1957-03-01,1996-12-06,1981.0,1957,1996.0,,False,closed,wrds_classroom_sp500_changes,
ROK,ROK,ROK,Rockwell Automation,84381.0,1996-12-09,,1981.0,1996,,,True,current,wrds_classroom_sp500_changes;wikipedia_current_sp500,current as of source; WRDS cutoff 2022-12-30
ROL,ROL,ROL,"Rollins, Inc.",36003.0,2018-10-01,,1980.0,2018,,,True,current,wrds_classroom_sp500_changes;wikipedia_current_sp500,current as of source; WRDS cutoff 2022-12-30
ROLM,"RM, ROLM",RM|ROLM,ROLM CORP,60572.0,1980-12-18,1984-11-21,,1980,1984.0,,False,closed,wrds_classroom_sp500_changes,
RON,"CRON, RON, CAM",CRON|RON|CAM,COOPER CAMERON CORP; CAMERON INTERNATIONAL CORP,81857.0,2008-01-29,2016-04-01,,2008,2016.0,,False,closed,wrds_classroom_sp500_changes,
ROP,ROP,ROP,ROPER GEO D CORP MASS; ROPER CORP; ROPER GEO D CORP; FLORENCE STOVE CO,20343.0,1968-07-18,1988-04-13,1992.0,1968,1988.0,,False,closed,wrds_classroom_sp500_changes,
ROP,"ROP, ROPR",ROP|ROPR,Roper Technologies,77338.0,2009-12-23,,1992.0,2009,,,True,current,wrds_classroom_sp500_changes;wikipedia_current_sp500,current as of source; WRDS cutoff 2022-12-30
ROPR,"ROP, ROPR",ROP|ROPR,Roper Technologies,77338.0,2009-12-23,,,2009,,,False,open_unknown_after_source_cutoff,wrds_classroom_sp500_changes;wikipedia_current_sp500,current as of source; WRDS cutoff 2022-12-30; historical alias; current ticker match is ROP; left date unknown after membership source cutoff
ROST,ROST,ROST,Ross Stores,91556.0,2009-12-21,,1985.0,2009,,,True,current,wrds_classroom_sp500_changes;wikipedia_current_sp500,current as of source; WRDS cutoff 2022-12-30
RRC,"LOM, LOMK, RRC",LOM|LOMK|RRC,LOMAK PETROLEUM INC; RANGE RESOURCES CORP,50017.0,2007-12-21,2018-06-15,1980.0,2007,2018.0,,False,closed,wrds_classroom_sp500_changes,
RRD,"RRD, DNY, DON",RRD|DNY|DON,DONNELLEY R R & SONS CO,38682.0,1984-07-19,2012-12-11,,1984,2012.0,,False,closed,wrds_classroom_sp500_changes,
RS,RS,RS,REPUBLIC IRON & STEEL CO; REPUBLIC STEEL CORP,14189.0,1957-03-01,1984-07-18,1994.0,1957,1984.0,,False,closed,wrds_classroom_sp500_changes,
RSG,RSG,RSG,Republic Services,86228.0,2008-12-05,,1998.0,2008,,,True,current,wrds_classroom_sp500_changes;wikipedia_current_sp500,current as of source; WRDS cutoff 2022-12-30
RSH,"TAN, RSH",TAN|RSH,RADIOSHACK CORP; AMERICAN HIDE & LEATHER CO; TANDY CORP; GENERAL AMERICAN INDUSTRIES INC,15560.0,1973-03-01,2011-06-30,2007.0,1973,2011.0,2017.0,False,closed,wrds_classroom_sp500_changes,
RT,"RT, RYI, IAD",RT|RYI|IAD,INLAND STEEL CO; RYERSON INC; RYERSON TULL INC NEW; INLAND STEEL INDUSTRIES INC,12458.0,1957-03-01,1998-06-30,,1957,1998.0,,False,closed,wrds_classroom_sp500_changes,
RTC,"FRO, RTC",FRO|RTC,FRONTIER CORP; ROCHESTER TELEPHONE CORP,26737.0,1962-10-18,1976-06-30,,1962,1976.0,,False,closed,wrds_classroom_sp500_changes,
RTC,"FRO, RTC",FRO|RTC,FRONTIER CORP; ROCHESTER TELEPHONE CORP,26737.0,1997-01-02,1999-09-28,,1997,1999.0,,False,closed,wrds_classroom_sp500_changes,
RTN,RTN,RTN,RAYTHEON MANUFACTURING CO; RAYTHEON CO,24942.0,1957-03-01,2020-04-03,,1957,2020.0,,False,closed,wrds_classroom_sp500_changes,
RTX,RTX,RTX,RTX Corporation,,1957-03-04,,1962.0,1957,,,True,current,wikipedia_current_sp500,
RUP,RUP,RUP,RUPPERT JACOB CO,22381.0,1957-03-01,1963-09-04,1996.0,1957,1963.0,2018.0,False,closed,wrds_classroom_sp500_changes,
RVB,RVB,RVB,REPUBLIC BRASS CORP; REVERE COPPER & BRASS INC,17646.0,1957-03-01,1981-06-24,,1957,1981.0,,False,closed,wrds_classroom_sp500_changes,
RVS,RVS,RVS,REEVES BROTHERS INC,23050.0,1957-03-01,1982-06-30,2014.0,1957,1982.0,2015.0,False,closed,wrds_classroom_sp500_changes,
RVTY,RVTY,RVTY,Revvity,,1985-05-31,,1973.0,1985,,,True,current,wikipedia_current_sp500,
RWIN,"RWIN, RII, AN",RWIN|RII|AN,AUTONATION INC DEL; REPUBLIC WASTE INDUSTRIES INC; REPUBLIC INDUSTRIES INC,76282.0,2003-02-24,2017-08-07,,2003,2017.0,,False,closed,wrds_classroom_sp500_changes,
RX,"RX, CZT",RX|CZT,I M S HEALTH INC; COGNIZANT CORP,84020.0,1996-11-01,2010-02-26,2006.0,1996,2010.0,2018.0,False,closed,wrds_classroom_sp500_changes,
RXM,RXM,RXM,RICHARDSON MERRELL INC; VICK CHEM CO; VICK CHEM INC,19430.0,1957-03-01,1973-05-30,2011.0,1957,1973.0,2018.0,False,closed,wrds_classroom_sp500_changes,
RYAN,RYAN,RYAN,RYANS RESTAURANT GROUP INC; RYANS FAMILY STEAK HOUSES INC,68049.0,1989-09-14,1996-12-31,2021.0,1989,1996.0,,False,closed,wrds_classroom_sp500_changes,
RYC,"RAYC, RYC",RAYC|RYC,RAYCHEM CORP,64346.0,1988-06-16,1999-08-12,2007.0,1988,1999.0,2017.0,False,closed,wrds_classroom_sp500_changes,
RYI,"RT, RYI, IAD",RT|RYI|IAD,INLAND STEEL CO; RYERSON INC; RYERSON TULL INC NEW; INLAND STEEL INDUSTRIES INC,12458.0,1957-03-01,1998-06-30,,1957,1998.0,,False,closed,wrds_classroom_sp500_changes,
RYN,RYN,RYN,RYAN HOMES INC,52062.0,1984-04-12,1986-12-03,1994.0,1984,1986.0,,False,closed,wrds_classroom_sp500_changes,
RYR,"KFM, RYR",KFM|RYR,RYMER FOODS INC; RYMER CO; KROEHLER MFG CO,25718.0,1963-03-14,1982-04-07,,1963,1982.0,,False,closed,wrds_classroom_sp500_changes,
RYT,"FBG, RYT",FBG|RYT,FABERGE INC; RAYETTE INC; RAYETTE FABERGE INC,31763.0,1967-07-20,1984-08-08,2009.0,1967,1984.0,,False,closed,wrds_classroom_sp500_changes,
S,S,S,SEARS ROEBUCK & CO,14322.0,1925-12-31,2005-03-24,2021.0,1925,2005.0,,False,closed,wrds_classroom_sp500_changes,
S,"FON, S, UT",FON|S|UT,UNITED UTILITIES INC; UNITED TELECOMMUNICATIONS INC; SPRINT CORP; SPRINT NEXTEL CORP,39087.0,1972-09-28,1983-11-30,2021.0,1972,1983.0,,False,closed,wrds_classroom_sp500_changes,
S,"FON, S, UT",FON|S|UT,UNITED UTILITIES INC; UNITED TELECOMMUNICATIONS INC; SPRINT CORP; SPRINT NEXTEL CORP,39087.0,1989-07-27,2013-07-08,2021.0,1989,2013.0,,False,closed,wrds_classroom_sp500_changes,
SA,SA,SA,SAFEWAY STORES INC,17291.0,1957-03-01,1986-11-26,2004.0,1957,1986.0,,False,closed,wrds_classroom_sp500_changes,
SAA,SAA,SAA,SANDERS ASSOCIATES INC,42999.0,1985-12-12,1986-08-20,2007.0,1985,1986.0,,False,closed,wrds_classroom_sp500_changes,
SAF,SAF,SAF,SANTA FE INTERNATIONAL CORP; SANTA FE DRILLING CO,39896.0,1969-03-06,1981-12-09,2018.0,1969,1981.0,2021.0,False,closed,wrds_classroom_sp500_changes,
SAF,"SAF, SAFC",SAF|SAFC,SAFECO CORP,59440.0,1976-07-01,2008-09-22,2018.0,1976,2008.0,2021.0,False,closed,wrds_classroom_sp500_changes,
SAFC,"SAF, SAFC",SAF|SAFC,SAFECO CORP,59440.0,1976-07-01,2008-09-22,2012.0,1976,2008.0,2022.0,False,closed,wrds_classroom_sp500_changes,
SAFK,"SAFK, SK",SAFK|SK,SAFETY KLEEN CORP,65066.0,1987-10-08,1998-03-31,,1987,1998.0,,False,closed,wrds_classroom_sp500_changes,
SAI,"SAI, BRO, KB",SAI|BRO|KB,BROAD INC; SUNAMERICA INC; KAUFMAN & BROAD BLDG CO; KAUFMAN & BROAD INC,33312.0,1970-04-23,1989-03-07,,1970,1989.0,,False,closed,wrds_classroom_sp500_changes,
SAI,"SAI, BRO, KB",SAI|BRO|KB,BROAD INC; SUNAMERICA INC; KAUFMAN & BROAD BLDG CO; KAUFMAN & BROAD INC,33312.0,1997-07-17,1998-12-31,,1997,1998.0,,False,closed,wrds_classroom_sp500_changes,
SAI,"SAI, LDOS",SAI|LDOS,S A I C INC; LEIDOS HOLDINGS INC,91547.0,2009-12-21,2013-09-20,,2009,2013.0,,False,closed,wrds_classroom_sp500_changes,
SAI,"SAI, LDOS",SAI|LDOS,Leidos,91547.0,2019-08-09,,,2019,,,False,open_unknown_after_source_cutoff,wrds_classroom_sp500_changes;wikipedia_current_sp500,current as of source; WRDS cutoff 2022-12-30; historical alias; current ticker match is LDOS; left date unknown after membership source cutoff
SANM,SANM,SANM,SANMINA CORP; SANMINA SCI CORP; SANMINA HOLDINGS INC,79108.0,2000-06-21,2007-06-29,1993.0,2000,2007.0,,False,closed,wrds_classroom_sp500_changes,
SAPE,SAPE,SAPE,SAPIENT CORP,83413.0,2000-05-05,2002-05-10,,2000,2002.0,,False,closed,wrds_classroom_sp500_changes,
SATS,SATS,SATS,EchoStar,,2026-03-23,,2008.0,2026,,,True,current,wikipedia_selected_changes;wikipedia_current_sp500,Market capitalization change.[9]; current as of source; WRDS cutoff 2022-12-30
SB,SB,SB,STANDARD BRANDS INC; FLEISCHMANN CO,14533.0,1925-12-31,1981-07-29,2008.0,1925,1981.0,,False,closed,wrds_classroom_sp500_changes,
SB,"ENG, PSB, PB, SB",ENG|PSB|PB|SB,ENGELHARD INDUSTRIES INC; PHIBRO SALOMON INC; SALOMON INC; PHIBRO CORP; ENGELHARD MINERALS & CHEMS CORP,27596.0,1968-01-18,1997-11-26,2008.0,1968,1997.0,,False,closed,wrds_classroom_sp500_changes,
SBAC,SBAC,SBAC,SBA Communications,86996.0,2017-09-01,,1999.0,2017,,,True,current,wrds_classroom_sp500_changes;wikipedia_current_sp500,current as of source; WRDS cutoff 2022-12-30
SBC,"SBC, SVC",SBC|SVC,STOKELY BROS & CO INC; STOKELY VAN CAMP INC,20407.0,1957-03-01,1983-08-31,2022.0,1957,1983.0,,False,closed,wrds_classroom_sp500_changes,
SBC,"SBC, T",SBC|T,A T & T INC; SOUTHWESTERN BELL CORP; S B C COMMUNICATIONS INC,66093.0,1983-12-01,,2022.0,1983,,,False,open_unknown_after_source_cutoff,wrds_classroom_sp500_changes,left date unknown after membership source cutoff
SBD,"SCI, SBD",SCI|SBD,SEABOARD COAST LINE INDS INC; SEABOARD AIR LINE RY CO; SEABOARD COAST LINE RR; SEABOARD COAST LINE RR CO,22410.0,1967-06-29,1980-11-05,,1967,1980.0,,False,closed,wrds_classroom_sp500_changes,
SBK,"SCI, SBK",SCI|SBK,STORER BROADCASTING CO; STORER COMMUNICATIONS INC,25611.0,1957-03-01,1966-10-05,,1957,1966.0,,False,closed,wrds_classroom_sp500_changes,
SBK,"SCI, SBK",SCI|SBK,STORER BROADCASTING CO; STORER COMMUNICATIONS INC,25611.0,1984-06-28,1985-12-11,,1984,1985.0,,False,closed,wrds_classroom_sp500_changes,
SBL,"SMBL, SBL",SMBL|SBL,SYMBOL TECHNOLOGIES INC,73940.0,2000-12-11,2007-01-09,,2000,2007.0,,False,closed,wrds_classroom_sp500_changes,
SBNC,"AFNL, SBNC, SBNL, SOTR",AFNL|SBNC|SBNL|SOTR,ALABAMA FINANCIAL GROUP INC; SOUTHTRUST CORP; SOUTHERN BANCORPORATION AL,71686.0,1999-03-01,2004-10-29,2009.0,1999,2004.0,,False,closed,wrds_classroom_sp500_changes,
SBNL,"AFNL, SBNC, SBNL, SOTR",AFNL|SBNC|SBNL|SOTR,ALABAMA FINANCIAL GROUP INC; SOUTHTRUST CORP; SOUTHERN BANCORPORATION AL,71686.0,1999-03-01,2004-10-29,,1999,2004.0,,False,closed,wrds_classroom_sp500_changes,
SBNY,SBNY,SBNY,SIGNATURE BANK NEW YORK N Y,90090.0,2021-12-20,2023-03-15,2024.0,2021,2023.0,,False,closed,wrds_classroom_sp500_changes,
SBUX,SBUX,SBUX,Starbucks,77702.0,2000-06-07,,1992.0,2000,,,True,current,wrds_classroom_sp500_changes;wikipedia_current_sp500,current as of source; WRDS cutoff 2022-12-30
SCC,"SCC, STO",SCC|STO,STONE CONTAINER CORP,36978.0,1982-10-07,1998-11-17,2007.0,1982,1998.0,,False,closed,wrds_classroom_sp500_changes,
SCG,SCG,SCG,SOUTH CAROLINA ELEC & GAS CO; SCANA CORP NEW; SCANA CORP,23085.0,2009-01-02,2018-12-31,2015.0,2009,2018.0,2018.0,False,closed,wrds_classroom_sp500_changes,
SCH,"SCH, SCHW",SCH|SCHW,Charles Schwab Corporation,75186.0,1997-06-02,,,1997,,,False,open_unknown_after_source_cutoff,wrds_classroom_sp500_changes;wikipedia_current_sp500,current as of source; WRDS cutoff 2022-12-30; historical alias; current ticker match is SCHW; left date unknown after membership source cutoff
SCHW,"SCH, SCHW",SCH|SCHW,Charles Schwab Corporation,75186.0,1997-06-02,,1987.0,1997,,,True,current,wrds_classroom_sp500_changes;wikipedia_current_sp500,current as of source; WRDS cutoff 2022-12-30
SCI,"SCI, SBK",SCI|SBK,STORER BROADCASTING CO; STORER COMMUNICATIONS INC,25611.0,1957-03-01,1966-10-05,1980.0,1957,1966.0,,False,closed,wrds_classroom_sp500_changes,
SCI,"SCI, SBD",SCI|SBD,SEABOARD COAST LINE INDS INC; SEABOARD AIR LINE RY CO; SEABOARD COAST LINE RR; SEABOARD COAST LINE RR CO,22410.0,1967-06-29,1980-11-05,1980.0,1967,1980.0,,False,closed,wrds_classroom_sp500_changes,
SCI,"SCI, SBK",SCI|SBK,STORER BROADCASTING CO; STORER COMMUNICATIONS INC,25611.0,1984-06-28,1985-12-11,1980.0,1984,1985.0,,False,closed,wrds_classroom_sp500_changes,
SCI,"SCI, SRV",SCI|SRV,SERVICE CORP INTERNATIONAL,51625.0,1986-12-18,2000-03-15,1980.0,1986,2000.0,,False,closed,wrds_classroom_sp500_changes,
SCM,"SCM, SCT",SCM|SCT,SMITH CORONA INC; S C M CORP; SMITH CORONA MARCHANT INC; SMITH & CORONA TYPEWRITERS INC,20474.0,1966-10-13,1974-05-08,2012.0,1966,1974.0,,False,closed,wrds_classroom_sp500_changes,
SCN,"PLD, SCN",PLD|SCN,PROLOGIS; PROLOGIS TRUST; SECURITY CAPITAL INDUSTRIAL TR,80406.0,2003-07-17,2011-06-02,,2003,2011.0,,False,closed,wrds_classroom_sp500_changes,
SCO,SCO,SCO,SCOVILL MANUFACTURING CO; SCOVILL MFG CO; SCOVILL INC,24336.0,1957-03-01,1976-03-03,2008.0,1957,1976.0,,False,closed,wrds_classroom_sp500_changes,
SCT,"SCM, SCT",SCM|SCT,SMITH CORONA INC; S C M CORP; SMITH CORONA MARCHANT INC; SMITH & CORONA TYPEWRITERS INC,20474.0,1966-10-13,1974-05-08,,1966,1974.0,,False,closed,wrds_classroom_sp500_changes,
SCV,SCV,SCV,S C A SERVICES INC,56186.0,1983-02-03,1984-10-03,,1983,1984.0,,False,closed,wrds_classroom_sp500_changes,
SDG,SDG,SDG,SMITH DOUGLASS INC,25128.0,1957-03-01,1965-01-06,2016.0,1957,1965.0,,False,closed,wrds_classroom_sp500_changes,
SDS,SDS,SDS,SCIENTIFIC DATA SYS INC,43633.0,1968-08-22,1969-05-21,2006.0,1968,1969.0,,False,closed,wrds_classroom_sp500_changes,
SDS,"SNDT, SDS",SNDT|SDS,SUNGARD DATA SYSTEMS INC,10108.0,2002-07-22,2005-08-11,2006.0,2002,2005.0,,False,closed,wrds_classroom_sp500_changes,
SE,SE,SE,SPECTRA ENERGY CORP,91650.0,2007-01-03,2017-02-27,2017.0,2007,2017.0,,False,closed,wrds_classroom_sp500_changes,
SEBL,SEBL,SEBL,SIEBEL SYSTEMS INC,83693.0,2000-05-05,2006-01-31,,2000,2006.0,,False,closed,wrds_classroom_sp500_changes,
SED,SED,SED,SEDCO INC,48549.0,1970-04-23,1985-01-09,,1970,1985.0,,False,closed,wrds_classroom_sp500_changes,
SEDG,SEDG,SEDG,SOLAREDGE TECHNOLOGIES INC,15272.0,2021-12-20,2023-12-18,2015.0,2021,2023.0,,False,closed,wrds_classroom_sp500_changes,
SEE,SEE,SEE,SEALED AIR CORP NEW,85926.0,1998-04-01,2023-12-18,1980.0,1998,2023.0,,False,closed,wrds_classroom_sp500_changes,
SEG,"SGAT, SEG",SGAT|SEG,SEAGATE TECHNOLOGY INC,69607.0,1996-08-16,2000-11-21,2024.0,1996,2000.0,,False,closed,wrds_classroom_sp500_changes,
SEQ,"STOR, SEQ, PSA",STOR|SEQ|PSA,Public Storage,64653.0,2005-08-19,,,2005,,,False,open_unknown_after_source_cutoff,wrds_classroom_sp500_changes;wikipedia_current_sp500,current as of source; WRDS cutoff 2022-12-30; historical alias; current ticker match is PSA; left date unknown after membership source cutoff
SERA,"SERA, PMCS",SERA|PMCS,SIERRA SEMICONDUCTOR CORP; P M C SIERRA INC,76624.0,2001-08-03,2007-06-29,2021.0,2001,2007.0,,False,closed,wrds_classroom_sp500_changes,
SF,"SF, ASF",SF|ASF,ATCHISON TOPEKA & SANTA FE RY CO,10575.0,1925-12-31,1968-08-20,1983.0,1925,1968.0,,False,closed,wrds_classroom_sp500_changes,
SFA,SFA,SFA,SCIENTIFIC ATLANTA INC,45671.0,1981-02-26,2006-02-24,,1981,2006.0,,False,closed,wrds_classroom_sp500_changes,
SFC,SFC,SFC,SEABOARD FINANCE CO,23528.0,1957-03-01,1969-03-26,2008.0,1957,1969.0,2021.0,False,closed,wrds_classroom_sp500_changes,
SFF,SFF,SFF,SANTA FE INDS INC,46682.0,1968-08-22,1983-12-28,2014.0,1968,1983.0,2018.0,False,closed,wrds_classroom_sp500_changes,
SFN,SFN,SFN,S F N COMPANIES INC; SCOTT FORESMAN & CO DE,40723.0,1967-07-27,1985-02-06,,1967,1985.0,,False,closed,wrds_classroom_sp500_changes,
SFR,SFR,SFR,SCHAEFER F & M CORP,47562.0,1970-03-19,1976-06-30,,1970,1976.0,,False,closed,wrds_classroom_sp500_changes,
SFR,"SFS, SFR",SFS|SFR,SANTA FE SNYDER CORP; SANTA FE ENERGY RESOURCES INC,76122.0,1990-12-05,1997-07-25,,1990,1997.0,,False,closed,wrds_classroom_sp500_changes,
SFS,"SFS, SFR",SFS|SFR,SANTA FE SNYDER CORP; SANTA FE ENERGY RESOURCES INC,76122.0,1990-12-05,1997-07-25,,1990,1997.0,,False,closed,wrds_classroom_sp500_changes,
SFX,SFX,SFX,SANTA FE PAC CORP; SANTA FE SOUTHN PAC CORP,66069.0,1983-12-29,1995-09-21,2002.0,1983,1995.0,2018.0,False,closed,wrds_classroom_sp500_changes,
SGA,"SGA, NRG, SNT",SGA|NRG|SNT,SONAT INC; SOUTHERN NAT RES INC; SOUTHERN NAT GAS CO,21514.0,1957-03-01,1999-10-25,1993.0,1957,1999.0,,False,closed,wrds_classroom_sp500_changes,
SGAT,"SGAT, SEG",SGAT|SEG,SEAGATE TECHNOLOGY INC,69607.0,1996-08-16,2000-11-21,,1996,2000.0,,False,closed,wrds_classroom_sp500_changes,
SGI,"AHP, SGI, SGIB, APC",AHP|SGI|SGIB|APC,ALPHA PORTLAND INDS INC; ALPHA PORTLAND CEM CO; SLATTERY GROUP INC,18315.0,1957-03-01,1982-09-15,2003.0,1957,1982.0,,False,closed,wrds_classroom_sp500_changes,
SGI,"SGI, SGIC",SGI|SGIC,SILICON GRAPHICS INC,10791.0,1994-01-18,2000-06-20,2003.0,1994,2000.0,,False,closed,wrds_classroom_sp500_changes,
SGIB,"AHP, SGI, SGIB, APC",AHP|SGI|SGIB|APC,ALPHA PORTLAND INDS INC; ALPHA PORTLAND CEM CO; SLATTERY GROUP INC,18315.0,1957-03-01,1982-09-15,,1957,1982.0,,False,closed,wrds_classroom_sp500_changes,
SGIC,"SGI, SGIC",SGI|SGIC,SILICON GRAPHICS INC,10791.0,1994-01-18,2000-06-20,,1994,2000.0,,False,closed,wrds_classroom_sp500_changes,
SGL,"SGL, SMK",SGL|SMK,SUPERMARKETS OPERATION CO; SUPERMARKETS GENERAL CORP,37065.0,1986-10-09,1987-10-07,,1986,1987.0,,False,closed,wrds_classroom_sp500_changes,
SGN,"SGN, SI",SGN|SI,SIGNAL OIL & GAS CO; SIGNAL COMPANIES INC,36505.0,1979-07-26,1985-09-25,2023.0,1979,1985.0,,False,closed,wrds_classroom_sp500_changes,
SGP,"SGP, SRG",SGP|SRG,SCHERING PLOUGH CORP; SCHERING CORP,25013.0,1957-03-01,2009-11-03,,1957,2009.0,,False,closed,wrds_classroom_sp500_changes,
SH,SH,SH,SCHENLEY INDUSTRIES INC; SCHENLEY DISTILLERS CORP,19385.0,1944-06-07,1968-09-10,2006.0,1944,1968.0,,False,closed,wrds_classroom_sp500_changes,
SHBB,"SHN, SHBB, SHON",SHN|SHBB|SHON,SHONEYS BIG BOY ENTERPRISES INC; SHONEYS INC,70376.0,1985-01-31,1996-12-31,,1985,1996.0,,False,closed,wrds_classroom_sp500_changes,
SHL,SHL,SHL,SHELLER MFG CORP,24387.0,1960-02-24,1965-06-16,,1960,1965.0,,False,closed,wrds_classroom_sp500_changes,
SHLD,"KMRT, SHLD",KMRT|SHLD,SEARS HOLDINGS CORP; KMART HOLDING CORP,89757.0,2005-03-28,2012-09-04,2023.0,2005,2012.0,,False,closed,wrds_classroom_sp500_changes,
SHN,"SHN, SHBB, SHON",SHN|SHBB|SHON,SHONEYS BIG BOY ENTERPRISES INC; SHONEYS INC,70376.0,1985-01-31,1996-12-31,,1985,1996.0,,False,closed,wrds_classroom_sp500_changes,
SHNA,"HNAT, SHNA, SNC",HNAT|SHNA|SNC,HARTFORD NATIONAL CORP; SHAWMUT NATIONAL CORP,41081.0,1989-06-01,1995-11-30,,1989,1995.0,,False,closed,wrds_classroom_sp500_changes,
SHON,"SHN, SHBB, SHON",SHN|SHBB|SHON,SHONEYS BIG BOY ENTERPRISES INC; SHONEYS INC,70376.0,1985-01-31,1996-12-31,,1985,1996.0,,False,closed,wrds_classroom_sp500_changes,
SHW,SHW,SHW,Sherwin-Williams,36468.0,1964-05-14,,1980.0,1964,,,True,current,wrds_classroom_sp500_changes;wikipedia_current_sp500,current as of source; WRDS cutoff 2022-12-30
SI,"SGN, SI",SGN|SI,SIGNAL OIL & GAS CO; SIGNAL COMPANIES INC,36505.0,1979-07-26,1985-09-25,2025.0,1979,1985.0,,False,closed,wrds_classroom_sp500_changes,
SIAL,SIAL,SIAL,SIGMA ALDRICH CORP,70536.0,1994-09-21,2015-11-18,,1994,2015.0,,False,closed,wrds_classroom_sp500_changes,
SIG,SIG,SIG,SIGNET JEWELERS LTD,12076.0,2015-07-29,2018-03-16,1988.0,2015,2018.0,,False,closed,wrds_classroom_sp500_changes,
SIH,"SIH, HCA, SNSTA, SNSTZ",SIH|HCA|SNSTA|SNSTZ,HOTEL CORP AMER; SONESTA INTERNATIONAL HOTELS CP; CHILDS CO,14461.0,1970-04-23,1976-12-08,1988.0,1970,1976.0,2017.0,False,closed,wrds_classroom_sp500_changes,
SII,SII,SII,SMITH INTERNATIONAL INC; SMITH INDUSTRIES INTL INC,45794.0,2006-10-02,2010-08-26,2010.0,2006,2010.0,,False,closed,wrds_classroom_sp500_changes,
SIM,SIM,SIM,SIMMONS COMPANY; SIMMONS CO,14402.0,1963-03-14,1979-02-07,1993.0,1963,1979.0,,False,closed,wrds_classroom_sp500_changes,
SITC,"DDR, SITC",DDR|SITC,D D R CORP; DEVELOPERS DIVERSIFIED RLTY CORP; SITE CENTERS CORP,78927.0,2007-03-23,2009-03-27,1993.0,2007,2009.0,,False,closed,wrds_classroom_sp500_changes,
SIVB,SIVB,SIVB,S V B FINANCIAL GROUP; SILICON VALLEY BANCSHARES,11786.0,2018-03-19,2023-03-15,,2018,2023.0,,False,closed,wrds_classroom_sp500_changes,
SJM,SJM,SJM,J.M. Smucker Company (The),42585.0,2008-11-06,,1994.0,2008,,,True,current,wrds_classroom_sp500_changes;wikipedia_current_sp500,current as of source; WRDS cutoff 2022-12-30
SJO,SJO,SJO,ST JOSEPH LEAD CO; ST JOE MINERALS CORP,14250.0,1925-12-31,1981-09-09,2007.0,1925,1981.0,2012.0,False,closed,wrds_classroom_sp500_changes,
SK,SK,SK,PACKARD MTR CO; STUDEBAKER PACKARD CORP; STUDEBAKER CORP,14613.0,1957-03-01,1964-04-22,,1957,1964.0,,False,closed,wrds_classroom_sp500_changes,
SK,"REN, SK, RENA, LLE",REN|SK|RENA|LLE,ROLLINS ENVIRONMENTAL SVCS INC; LAIDLAW ENVIRONMENTAL SVCS INC; SAFETY KLEEN CORP NEW,64477.0,1985-11-21,1995-03-31,,1985,1995.0,,False,closed,wrds_classroom_sp500_changes,
SK,"SAFK, SK",SAFK|SK,SAFETY KLEEN CORP,65066.0,1987-10-08,1998-03-31,,1987,1998.0,,False,closed,wrds_classroom_sp500_changes,
SKA,"SKG, ASC, SKA",SKG|ASC|SKA,SKAGGS COS INC; SKAGGS DRUG CTRS INC; AMERICAN STORES CO NEW,44652.0,1979-07-30,1999-06-23,2009.0,1979,1999.0,2021.0,False,closed,wrds_classroom_sp500_changes,
SKB,"SKB, SKL",SKB|SKL,SMITHKLINE BECKMAN CORP; SMITHKLINE CORP; SMITH KLINE & FRENCH LABS,26390.0,1979-02-08,1989-07-26,2014.0,1979,1989.0,2017.0,False,closed,wrds_classroom_sp500_changes,
SKG,"SKG, ASC, SKA",SKG|ASC|SKA,SKAGGS COS INC; SKAGGS DRUG CTRS INC; AMERICAN STORES CO NEW,44652.0,1979-07-30,1999-06-23,2014.0,1979,1999.0,2022.0,False,closed,wrds_classroom_sp500_changes,
SKH,"SKY, SKH",SKY|SKH,SKYLINE HOMES INC; SKYLINE CORP; SKYLINE CHAMPION CORP,38850.0,1974-05-09,1995-07-28,,1974,1995.0,,False,closed,wrds_classroom_sp500_changes,
SKL,"SKB, SKL",SKB|SKL,SMITHKLINE BECKMAN CORP; SMITHKLINE CORP; SMITH KLINE & FRENCH LABS,26390.0,1979-02-08,1989-07-26,,1979,1989.0,,False,closed,wrds_classroom_sp500_changes,
SKTV,"SKTV, USAI, HSNI, IAC, IACI",SKTV|USAI|HSNI|IAC|IACI,IAC INC; INTERACTIVECORP; IAC INTERACTIVECORP; U S A INTERACTIVE; H S N INC; U S A NETWORKS INC; SILVER KING COMMUNICATIONS INC; IAC INTERACTIVECORP NEW,78840.0,2006-12-01,2008-08-20,,2006,2008.0,,False,closed,wrds_classroom_sp500_changes,
SKY,"SKY, SKH",SKY|SKH,SKYLINE HOMES INC; SKYLINE CORP; SKYLINE CHAMPION CORP,38850.0,1974-05-09,1995-07-28,1973.0,1974,1995.0,,False,closed,wrds_classroom_sp500_changes,
SLB,SLB,SLB,SCHLUMBERGER LTD; AMERICAN TYPE FOUNDERS INC; A T F INC; DAYSTROM INC; AMERICAN TYPE FOUNDERS CO,14277.0,1957-03-01,1962-01-31,1981.0,1957,1962.0,,False,closed,wrds_classroom_sp500_changes,
SLB,SLB,SLB,Schlumberger,14277.0,1957-03-04,,1981.0,1957,,,True,current,wrds_classroom_sp500_changes;wikipedia_current_sp500,current as of source; WRDS cutoff 2022-12-30
SLC,SLC,SLC,SOUTHLAND CORP,55351.0,1984-02-16,1987-12-09,2004.0,1984,1987.0,2015.0,False,closed,wrds_classroom_sp500_changes,
SLE,"CFD, HSH, SLE",CFD|HSH|SLE,CONSOLIDATED GROCERS CORP; CONSOLIDATED FOODS CORP; HILLSHIRE BRANDS CO; SARA LEE CORP,22840.0,1981-09-10,2012-06-28,2019.0,1981,2012.0,,False,closed,wrds_classroom_sp500_changes,
SLG,SLG,SLG,S L GREEN REALTY CORP,85265.0,2015-03-23,2021-03-19,1997.0,2015,2021.0,,False,closed,wrds_classroom_sp500_changes,
SLM,"SLM, SLMA",SLM|SLMA,STUDENT LOAN MARKETING ASSN; U S A EDUCATION INC; S L M HOLDING CORP; S L M CORP,66325.0,1998-07-01,2014-04-30,1983.0,1998,2014.0,,False,closed,wrds_classroom_sp500_changes,
SLMA,"SLM, SLMA",SLM|SLMA,STUDENT LOAN MARKETING ASSN; U S A EDUCATION INC; S L M HOLDING CORP; S L M CORP,66325.0,1998-07-01,2014-04-30,,1998,2014.0,,False,closed,wrds_classroom_sp500_changes,
SLR,"SLR, SLTN",SLR|SLTN,SOLECTRON CORP,75857.0,1998-12-31,2007-10-01,,1998,2007.0,,False,closed,wrds_classroom_sp500_changes,
SLTN,"SLR, SLTN",SLR|SLTN,SOLECTRON CORP,75857.0,1998-12-31,2007-10-01,2013.0,1998,2007.0,,False,closed,wrds_classroom_sp500_changes,
SLZ,SLZ,SLZ,SCHLITZ JOS BREWING CO,45081.0,1967-11-09,1982-06-16,2004.0,1967,1982.0,2018.0,False,closed,wrds_classroom_sp500_changes,
SM,SM,SM,SPIEGEL MAY STERN INC; SPIEGEL INC,17013.0,1957-03-01,1965-11-03,1992.0,1957,1965.0,,False,closed,wrds_classroom_sp500_changes,
SMB,SMB,SMB,SUNBEAM CORP ILL; SUNBEAM CORP IL; SUNBEAM CORP DE,24037.0,1957-03-01,1982-01-13,2008.0,1957,1982.0,,False,closed,wrds_classroom_sp500_changes,
SMBL,"SMBL, SBL",SMBL|SBL,SYMBOL TECHNOLOGIES INC,73940.0,2000-12-11,2007-01-09,,2000,2007.0,,False,closed,wrds_classroom_sp500_changes,
SMC,"AOS, SMC",AOS|SMC,A. O. Smith,65402.0,2017-07-26,,2012.0,2017,,,False,open_unknown_after_source_cutoff,wrds_classroom_sp500_changes;wikipedia_current_sp500,current as of source; WRDS cutoff 2022-12-30; historical alias; current ticker match is AOS; left date unknown after membership source cutoff
SMCI,SMCI,SMCI,Supermicro,,2024-03-18,,2007.0,2024,,,True,current,wikipedia_selected_changes;wikipedia_current_sp500,Market capitalization change.[31]; current as of source; WRDS cutoff 2022-12-30
SMED,"SMED, SMS",SMED|SMS,SHARED MEDICAL SYSTEMS CORP,70229.0,1984-10-25,2000-06-07,,1984,2000.0,,False,closed,wrds_classroom_sp500_changes,
SMF,SMF,SMF,SINGER CO; SINGER MANUFACTURING CO,27473.0,1960-06-22,1988-02-10,,1960,1988.0,,False,closed,wrds_classroom_sp500_changes,
SMI,SMI,SMI,SPRINGS MILLS INC; SPRINGS INDUSTRIES INC,44062.0,1967-06-29,2000-12-11,2021.0,1967,2000.0,2025.0,False,closed,wrds_classroom_sp500_changes,
SMK,"SGL, SMK",SGL|SMK,SUPERMARKETS OPERATION CO; SUPERMARKETS GENERAL CORP,37065.0,1986-10-09,1987-10-07,,1986,1987.0,,False,closed,wrds_classroom_sp500_changes,
SMS,"SMED, SMS",SMED|SMS,SHARED MEDICAL SYSTEMS CORP,70229.0,1984-10-25,2000-06-07,,1984,2000.0,,False,closed,wrds_classroom_sp500_changes,
SN,"SN, AN",SN|AN,STANDARD OIL CO IND; AMOCO CORP,19553.0,1957-03-01,1998-12-31,2023.0,1957,1998.0,,False,closed,wrds_classroom_sp500_changes,
SNA,"SNAP, SNA",SNAP|SNA,Snap-on,60206.0,1982-09-16,,1973.0,1982,,,True,current,wrds_classroom_sp500_changes;wikipedia_current_sp500,current as of source; WRDS cutoff 2022-12-30
SNAP,"SNAP, SNA",SNAP|SNA,Snap-on,60206.0,1982-09-16,,2017.0,1982,,,False,open_unknown_after_source_cutoff,wrds_classroom_sp500_changes;wikipedia_current_sp500,current as of source; WRDS cutoff 2022-12-30; historical alias; current ticker match is SNA; left date unknown after membership source cutoff
SNAT,"TFC, BBK, SNB, SNAT, BBT",TFC|BBK|SNB|SNAT|BBT,Truist Financial,71563.0,1997-12-04,,,1997,,,False,open_unknown_after_source_cutoff,wrds_classroom_sp500_changes;wikipedia_current_sp500,current as of source; WRDS cutoff 2022-12-30; historical alias; current ticker match is TFC; left date unknown after membership source cutoff
SNB,"TFC, BBK, SNB, SNAT, BBT",TFC|BBK|SNB|SNAT|BBT,Truist Financial,71563.0,1997-12-04,,,1997,,,False,open_unknown_after_source_cutoff,wrds_classroom_sp500_changes;wikipedia_current_sp500,current as of source; WRDS cutoff 2022-12-30; historical alias; current ticker match is TFC; left date unknown after membership source cutoff
SNC,"HNAT, SHNA, SNC",HNAT|SHNA|SNC,HARTFORD NATIONAL CORP; SHAWMUT NATIONAL CORP,41081.0,1989-06-01,1995-11-30,,1989,1995.0,,False,closed,wrds_classroom_sp500_changes,
SND,"ICA, SND",ICA|SND,SAN DIEGO IMPERIAL CORP; IMPERIAL CORP AMER,27000.0,1965-06-17,1976-06-30,2016.0,1965,1976.0,,False,closed,wrds_classroom_sp500_changes,
SNDK,SNDK,SNDK,SANDISK CORP,82618.0,2006-04-20,2016-05-12,2025.0,2006,2016.0,,False,closed,wrds_classroom_sp500_changes,
SNDK,SNDK,SNDK,Sandisk,,2025-11-28,,2025.0,2025,,,True,current,wikipedia_selected_changes;wikipedia_current_sp500,S&P 500 constituent Omnicom Group Inc. acquired (The) Interpublic Group.[13][14]; current as of source; WRDS cutoff 2022-12-30
SNDT,"SNDT, SDS",SNDT|SDS,SUNGARD DATA SYSTEMS INC,10108.0,2002-07-22,2005-08-11,,2002,2005.0,,False,closed,wrds_classroom_sp500_changes,
SNI,SNI,SNI,SCRIPPS NETWORKS INTERACTIVE INC,92709.0,2008-07-01,2018-03-06,,2008,2018.0,,False,closed,wrds_classroom_sp500_changes,
SNPS,SNPS,SNPS,Synopsys,77357.0,2017-03-16,,1992.0,2017,,,True,current,wrds_classroom_sp500_changes;wikipedia_current_sp500,current as of source; WRDS cutoff 2022-12-30
SNSTA,"SIH, HCA, SNSTA, SNSTZ",SIH|HCA|SNSTA|SNSTZ,HOTEL CORP AMER; SONESTA INTERNATIONAL HOTELS CP; CHILDS CO,14461.0,1970-04-23,1976-12-08,,1970,1976.0,,False,closed,wrds_classroom_sp500_changes,
SNSTZ,"SIH, HCA, SNSTA, SNSTZ",SIH|HCA|SNSTA|SNSTZ,HOTEL CORP AMER; SONESTA INTERNATIONAL HOTELS CP; CHILDS CO,14461.0,1970-04-23,1976-12-08,,1970,1976.0,,False,closed,wrds_classroom_sp500_changes,
SNT,"SGA, NRG, SNT",SGA|NRG|SNT,SONAT INC; SOUTHERN NAT RES INC; SOUTHERN NAT GAS CO,21514.0,1957-03-01,1999-10-25,1993.0,1957,1999.0,,False,closed,wrds_classroom_sp500_changes,
SNV,"SNV, CBTB",SNV|CBTB,SYNOVUS FINANCIAL CORP; C B & T BANCSHARES INC,20053.0,1997-11-28,2007-12-31,,1997,2007.0,,False,closed,wrds_classroom_sp500_changes,
SO,SO,SO,Southern Company,,1957-03-04,,1981.0,1957,,,True,current,wikipedia_current_sp500,
SOAL,"SOAL, LUV",SOAL|LUV,Southwest Airlines,58683.0,1994-07-01,,,1994,,,False,open_unknown_after_source_cutoff,wrds_classroom_sp500_changes;wikipedia_current_sp500,current as of source; WRDS cutoff 2022-12-30; historical alias; current ticker match is LUV; left date unknown after membership source cutoff
SOC,SOC,SOC,SUPERIOR OIL CO,21709.0,1961-01-11,1984-10-03,2021.0,1961,1984.0,,False,closed,wrds_classroom_sp500_changes,
SOE,"SOE, MIR",SOE|MIR,SOUTHERN ENERGY INC DEL; MIRANT CORP,88601.0,2001-04-03,2003-07-16,,2001,2003.0,,False,closed,wrds_classroom_sp500_changes,
SOH,"SOH, SRD",SOH|SRD,STANDARD OIL CO OH,21450.0,1981-10-15,1987-07-01,,1981,1987.0,,False,closed,wrds_classroom_sp500_changes,
SOLS,SOLS,SOLS,Solstice Advanced Materials,,2025-10-30,2025-12-22,2025.0,2025,2025.0,,False,closed,wikipedia_selected_changes,S&P 500 and S&P 100 constituent Honeywell International Inc. spun off Solstice Advanced Materials.[15]
SOLV,SOLV,SOLV,Solventum,,2024-04-01,,2024.0,2024,,,True,current,wikipedia_selected_changes;wikipedia_current_sp500,S&P 500 and 100 constituent 3M Co. spun off Solventum.[30]; current as of source; WRDS cutoff 2022-12-30
SOM,"MOB, SOM",MOB|SOM,MOBIL CORP; MOBIL OIL CORP; SOCONY VACUUM OIL INC; SOCONY VACUUM CORP; SOCONY MOBIL OIL INC; STANDARD OIL CO N Y,15966.0,1957-03-01,1999-11-30,,1957,1999.0,,False,closed,wrds_classroom_sp500_changes,
SOO,SOO,SOO,SOO LINE CORP; MINNEAPOLIS ST PAUL & SAULT STE; SOO LINE RR CO,22138.0,1970-03-05,1976-06-30,,1970,1976.0,,False,closed,wrds_classroom_sp500_changes,
SOTR,"AFNL, SBNC, SBNL, SOTR",AFNL|SBNC|SBNL|SOTR,ALABAMA FINANCIAL GROUP INC; SOUTHTRUST CORP; SOUTHERN BANCORPORATION AL,71686.0,1999-03-01,2004-10-29,,1999,2004.0,,False,closed,wrds_classroom_sp500_changes,
SOV,"SOVN, SOV, VNAT",SOVN|SOV|VNAT,VIRGINIA NATIONAL BANKSHARES INC; SOVRAN FINANCIAL CORP,71889.0,1988-12-08,1990-08-31,,1988,1990.0,,False,closed,wrds_classroom_sp500_changes,
SOV,"PSVB, SVRN, SOV",PSVB|SVRN|SOV,PENN SAVINGS BANK WYOMISSING PA; SOVEREIGN BANCORP INC,10562.0,2004-07-01,2009-01-29,,2004,2009.0,,False,closed,wrds_classroom_sp500_changes,
SOVN,"SOVN, SOV, VNAT",SOVN|SOV|VNAT,VIRGINIA NATIONAL BANKSHARES INC; SOVRAN FINANCIAL CORP,71889.0,1988-12-08,1990-08-31,,1988,1990.0,,False,closed,wrds_classroom_sp500_changes,
SP,"SP, PZE, PZL",SP|PZE|PZL,SOUTH PENN OIL CO; PENNZOIL CO; PENNZENERGY CO; PENNZOIL UNITED INC,35211.0,1983-03-10,1998-12-30,,1983,1998.0,,False,closed,wrds_classroom_sp500_changes,
SPAC,"SPC, SPAC",SPC|SPAC,SECURITY PACIFIC CORP,60839.0,1988-04-14,1992-04-22,,1988,1992.0,,False,closed,wrds_classroom_sp500_changes,
SPC,"TRV, SPC, SPK, STA, STPL",TRV|SPC|SPK|STA|STPL,Travelers Companies (The),59459.0,1976-07-01,,2021.0,1976,,,False,open_unknown_after_source_cutoff,wrds_classroom_sp500_changes;wikipedia_current_sp500,current as of source; WRDS cutoff 2022-12-30; historical alias; current ticker match is TRV; left date unknown after membership source cutoff
SPC,"SPC, SPAC",SPC|SPAC,SECURITY PACIFIC CORP,60839.0,1988-04-14,1992-04-22,2021.0,1988,1992.0,,False,closed,wrds_classroom_sp500_changes,
SPG,SPG,SPG,Simon Property Group,80100.0,2002-06-26,,1993.0,2002,,,True,current,wrds_classroom_sp500_changes;wikipedia_current_sp500,current as of source; WRDS cutoff 2022-12-30
SPGI,SPGI,SPGI,S&P Global,,1957-03-04,,1973.0,1957,,,True,current,wikipedia_current_sp500,
SPK,SPK,SPK,STANDARD PACKAGING CORP,26446.0,1959-05-27,1970-10-28,,1959,1970.0,,False,closed,wrds_classroom_sp500_changes,
SPK,"TRV, SPC, SPK, STA, STPL",TRV|SPC|SPK|STA|STPL,Travelers Companies (The),59459.0,1976-07-01,,,1976,,,False,open_unknown_after_source_cutoff,wrds_classroom_sp500_changes;wikipedia_current_sp500,current as of source; WRDS cutoff 2022-12-30; historical alias; current ticker match is TRV; left date unknown after membership source cutoff
SPLS,SPLS,SPLS,STAPLES INC,75489.0,1998-10-07,2017-09-15,,1998,2017.0,,False,closed,wrds_classroom_sp500_changes,
SPP,SPP,SPP,SCOTT PAPER CO,18032.0,1957-03-01,1995-12-12,,1957,1995.0,,False,closed,wrds_classroom_sp500_changes,
SPW,"SPW, SPXC",SPW|SPXC,S P X TECHNOLOGIES INC; SEALED POWER CORP; S P X CORP,55212.0,1983-02-03,1995-07-12,,1983,1995.0,,False,closed,wrds_classroom_sp500_changes,
SPXC,"SPW, SPXC",SPW|SPXC,S P X TECHNOLOGIES INC; SEALED POWER CORP; S P X CORP,55212.0,1983-02-03,1995-07-12,1980.0,1983,1995.0,,False,closed,wrds_classroom_sp500_changes,
SQB,SQB,SQB,SQUIBB CORP; SQUIBB BEECH NUT INC,45604.0,1968-01-18,1970-04-22,2015.0,1968,1970.0,2016.0,False,closed,wrds_classroom_sp500_changes,
SQB,SQB,SQB,SQUIBB CORP; SQUIBB BEECH NUT INC,45604.0,1981-09-10,1989-10-04,2015.0,1981,1989.0,2016.0,False,closed,wrds_classroom_sp500_changes,
SQD,SQD,SQD,SQUARE D CO,20079.0,1957-03-01,1991-05-21,,1957,1991.0,,False,closed,wrds_classroom_sp500_changes,
SR,SR,SR,SOUTHERN RAILWAY CO,14509.0,1925-12-31,1982-06-02,1973.0,1925,1982.0,,False,closed,wrds_classroom_sp500_changes,
SR,"LG, SR",LG|SR,SPIRE INC; LACLEDE GAS & LT CO; LACLEDE GROUP INC; LACLEDE GAS CO,12781.0,1957-03-01,1976-06-30,1973.0,1957,1976.0,,False,closed,wrds_classroom_sp500_changes,
SRCL,SRCL,SRCL,STERICYCLE INC,83906.0,2008-11-19,2018-11-30,,2008,2018.0,,False,closed,wrds_classroom_sp500_changes,
SRD,"SOH, SRD",SOH|SRD,STANDARD OIL CO OH,21450.0,1981-10-15,1987-07-01,,1981,1987.0,,False,closed,wrds_classroom_sp500_changes,
SRE,SRE,SRE,Sempra,86136.0,1998-06-30,,1998.0,1998,,,True,current,wrds_classroom_sp500_changes;wikipedia_current_sp500,current as of source; WRDS cutoff 2022-12-30
SRG,"SGP, SRG",SGP|SRG,SCHERING PLOUGH CORP; SCHERING CORP,25013.0,1957-03-01,2009-11-03,2015.0,1957,2009.0,,False,closed,wrds_classroom_sp500_changes,
SRL,SRL,SRL,SEARLE G D & CO,40010.0,1964-01-30,1985-09-25,1996.0,1964,1985.0,,False,closed,wrds_classroom_sp500_changes,
SRR,"GSR, SRR",GSR|SRR,STRIDE RITE CORP; GREEN SHOE MFG CO,27764.0,1989-12-18,1997-10-06,2006.0,1989,1997.0,2018.0,False,closed,wrds_classroom_sp500_changes,
SRT,SRT,SRT,ST REGIS PAPER CO; ST REGIS CORP,23325.0,1957-03-01,1984-11-21,,1957,1984.0,,False,closed,wrds_classroom_sp500_changes,
SRV,"SCI, SRV",SCI|SRV,SERVICE CORP INTERNATIONAL,51625.0,1986-12-18,2000-03-15,2007.0,1986,2000.0,,False,closed,wrds_classroom_sp500_changes,
SRY,SRY,SRY,STANRAY CORP; STANDARD RY EQUIP CO,24651.0,1968-06-13,1976-06-30,2005.0,1968,1976.0,2017.0,False,closed,wrds_classroom_sp500_changes,
SSP,SSP,SSP,SCRIPPS HOWARD INC; SCRIPPS E W CO OHIO; E W SCRIPPS CO,84176.0,2005-12-20,2008-06-30,1988.0,2005,2008.0,,False,closed,wrds_classroom_sp500_changes,
ST,ST,ST,CHICAGO MILWAUKEE ST PAUL & PAC,22402.0,1953-06-23,1972-02-18,2010.0,1953,1972.0,,False,closed,wrds_classroom_sp500_changes,
STA,STA,STA,STALEY A E MANUFACTURING CO; STALEY CONTINENTAL INC,39263.0,1963-06-13,1973-02-28,,1963,1973.0,,False,closed,wrds_classroom_sp500_changes,
STA,"TRV, SPC, SPK, STA, STPL",TRV|SPC|SPK|STA|STPL,Travelers Companies (The),59459.0,1976-07-01,,,1976,,,False,open_unknown_after_source_cutoff,wrds_classroom_sp500_changes;wikipedia_current_sp500,current as of source; WRDS cutoff 2022-12-30; historical alias; current ticker match is TRV; left date unknown after membership source cutoff
STAG,"STK, STAG",STK|STAG,STORAGE TECHNOLOGY CORP,58464.0,1981-10-29,1984-11-07,2011.0,1981,1984.0,,False,closed,wrds_classroom_sp500_changes,
STB,"FNAC, STB, STRZ, FSR",FNAC|STB|STRZ|FSR,FIRST NATL BK CINCINNTI OHIO; FIRST NATL CINCINNATI CORP; STAR BANC CORP; FIRSTAR CORP NEW WIS,36127.0,1999-01-04,2001-02-26,,1999,2001.0,,False,closed,wrds_classroom_sp500_changes,
STBK,"STT, STBK",STT|STBK,State Street Corporation,72726.0,1997-08-15,,2020.0,1997,,,False,open_unknown_after_source_cutoff,wrds_classroom_sp500_changes;wikipedia_current_sp500,current as of source; WRDS cutoff 2022-12-30; historical alias; current ticker match is STT; left date unknown after membership source cutoff
STE,"STRL, STE",STRL|STE,Steris,77649.0,2019-12-23,,1992.0,2019,,,True,current,wrds_classroom_sp500_changes;wikipedia_current_sp500,current as of source; WRDS cutoff 2022-12-30
STF,STF,STF,STAUFFER CHEMICAL CO,25216.0,1979-07-26,1985-04-10,,1979,1985.0,,False,closed,wrds_classroom_sp500_changes,
STI,STI,STI,SUNTRUST BANKS INC,68144.0,1988-05-05,2019-12-06,2022.0,1988,2019.0,,False,closed,wrds_classroom_sp500_changes,
STJ,"STJ, STJM",STJ|STJM,ST JUDE MEDICAL INC,68591.0,1989-12-01,2017-01-04,,1989,2017.0,,False,closed,wrds_classroom_sp500_changes,
STJM,"STJ, STJM",STJ|STJM,ST JUDE MEDICAL INC,68591.0,1989-12-01,2017-01-04,,1989,2017.0,,False,closed,wrds_classroom_sp500_changes,
STK,"STK, STAG",STK|STAG,STORAGE TECHNOLOGY CORP,58464.0,1981-10-29,1984-11-07,2009.0,1981,1984.0,,False,closed,wrds_classroom_sp500_changes,
STLD,STLD,STLD,Steel Dynamics,84262.0,2022-12-22,,1996.0,2022,,,True,current,wrds_classroom_sp500_changes;wikipedia_current_sp500,current as of source; WRDS cutoff 2022-12-30
STN,STN,STN,STEVENS J P & CO INC,23421.0,1950-07-03,1988-05-11,2005.0,1950,1988.0,,False,closed,wrds_classroom_sp500_changes,
STO,"SCC, STO",SCC|STO,STONE CONTAINER CORP,36978.0,1982-10-07,1998-11-17,,1982,1998.0,,False,closed,wrds_classroom_sp500_changes,
STOR,"STOR, SEQ, PSA",STOR|SEQ|PSA,Public Storage,64653.0,2005-08-19,,,2005,,,False,open_unknown_after_source_cutoff,wrds_classroom_sp500_changes;wikipedia_current_sp500,current as of source; WRDS cutoff 2022-12-30; historical alias; current ticker match is PSA; left date unknown after membership source cutoff
STPL,"TRV, SPC, SPK, STA, STPL",TRV|SPC|SPK|STA|STPL,Travelers Companies (The),59459.0,1976-07-01,,,1976,,,False,open_unknown_after_source_cutoff,wrds_classroom_sp500_changes;wikipedia_current_sp500,current as of source; WRDS cutoff 2022-12-30; historical alias; current ticker match is TRV; left date unknown after membership source cutoff
STR,"STR, MFS",STR|MFS,MOUNTAIN FUEL SUPPLY CO; QUESTAR CORP,27756.0,2006-12-01,2010-06-30,,2006,2010.0,,False,closed,wrds_classroom_sp500_changes,
STRL,"STRL, STE",STRL|STE,Steris,77649.0,2019-12-23,,1991.0,2019,,,False,open_unknown_after_source_cutoff,wrds_classroom_sp500_changes;wikipedia_current_sp500,current as of source; WRDS cutoff 2022-12-30; historical alias; current ticker match is STE; left date unknown after membership source cutoff
STRY,"SYK, STRY",SYK|STRY,Stryker Corporation,73139.0,2000-12-12,,,2000,,,False,open_unknown_after_source_cutoff,wrds_classroom_sp500_changes;wikipedia_current_sp500,current as of source; WRDS cutoff 2022-12-30; historical alias; current ticker match is SYK; left date unknown after membership source cutoff
STRZ,"FNAC, STB, STRZ, FSR",FNAC|STB|STRZ|FSR,FIRST NATL BK CINCINNTI OHIO; FIRST NATL CINCINNATI CORP; STAR BANC CORP; FIRSTAR CORP NEW WIS,36127.0,1999-01-04,2001-02-26,2025.0,1999,2001.0,,False,closed,wrds_classroom_sp500_changes,
STT,"STT, STBK",STT|STBK,State Street Corporation,72726.0,1997-08-15,,1980.0,1997,,,True,current,wrds_classroom_sp500_changes;wikipedia_current_sp500,current as of source; WRDS cutoff 2022-12-30
STX,STX,STX,Seagate Technology,89641.0,2012-07-02,,2002.0,2012,,,True,current,wrds_classroom_sp500_changes;wikipedia_current_sp500,current as of source; WRDS cutoff 2022-12-30
STY,STY,STY,DRUG INC; STERLING DRUG INC; STERLING PRODS INC,14592.0,1957-03-01,1988-02-24,2008.0,1957,1988.0,2016.0,False,closed,wrds_classroom_sp500_changes,
STZ,"STZ, CDB, CBRNA, WINEA, CDG",STZ|CDB|CBRNA|WINEA|CDG,Constellation Brands,69796.0,2005-07-01,,1992.0,2005,,,True,current,wrds_classroom_sp500_changes;wikipedia_current_sp500,current as of source; WRDS cutoff 2022-12-30
SUB,"UJB, SUB",UJB|SUB,SUMMIT BANCORP; U J B FINANCIAL CORP; UNITED JERSEY BKS HACKENSACK,51588.0,1998-01-28,2001-02-28,2008.0,1998,2001.0,,False,closed,wrds_classroom_sp500_changes,
SUC,"SUC, ITC",SUC|ITC,AMERICAN MOLASSES CO; SUCREST CORP; INGREDIENT TECHNOLOGY CORP,22920.0,1963-01-31,1973-02-28,,1963,1973.0,,False,closed,wrds_classroom_sp500_changes,
SUN,SUN,SUN,SUNOCO INC; SUN INC; SUN OIL CO,14656.0,1969-03-06,2012-10-04,2012.0,1969,2012.0,,False,closed,wrds_classroom_sp500_changes,
SUNE,"SUNE, WFR",SUNE|WFR,SUNEDISON INC; M E M C ELECTRONIC MATERIALS INC,81776.0,2007-05-31,2011-12-16,1981.0,2007,2011.0,,False,closed,wrds_classroom_sp500_changes,
SUNW,"JAVA, SUNW",JAVA|SUNW,SUN MICROSYSTEMS INC,10078.0,1992-08-20,2010-01-28,,1992,2010.0,,False,closed,wrds_classroom_sp500_changes,
SUO,SUO,SUO,SHELL OIL CO; SHELL UNION OIL CORP,14357.0,1957-03-01,1985-06-12,,1957,1985.0,,False,closed,wrds_classroom_sp500_changes,
SUS,SUS,SUS,LOOSE WILES BISCUIT CO; SUNSHINE BISCUITS INC,14664.0,1957-03-01,1966-06-01,2016.0,1957,1966.0,2016.0,False,closed,wrds_classroom_sp500_changes,
SV,"JNS, SV",JNS|SV,STILWELL FINANCIAL INC; JANUS CAP GROUP INC,88313.0,2000-07-13,2011-11-22,,2000,2011.0,,False,closed,wrds_classroom_sp500_changes,
SVC,"SBC, SVC",SBC|SVC,STOKELY BROS & CO INC; STOKELY VAN CAMP INC,20407.0,1957-03-01,1983-08-31,1995.0,1957,1983.0,,False,closed,wrds_classroom_sp500_changes,
SVM,SVM,SVM,SERVOMATION CORP,39458.0,1968-09-12,1979-02-07,2017.0,1968,1979.0,,False,closed,wrds_classroom_sp500_changes,
SVRN,"PSVB, SVRN, SOV",PSVB|SVRN|SOV,PENN SAVINGS BANK WYOMISSING PA; SOVEREIGN BANCORP INC,10562.0,2004-07-01,2009-01-29,2021.0,2004,2009.0,,False,closed,wrds_classroom_sp500_changes,
SVU,SVU,SVU,SUPERVALU INC; SUPER VALU STORES INC,44951.0,1985-01-31,2012-04-30,1972.0,1985,2012.0,2018.0,False,closed,wrds_classroom_sp500_changes,
SW,SW,SW,Smurfit Westrock,,2024-07-08,,2008.0,2024,,,True,current,wikipedia_current_sp500,
SWEN,"AGAS, SWN, SWEN",AGAS|SWN|SWEN,SOUTHWESTERN ENERGY CO; ARKANSAS WESTERN GAS CO,63765.0,2008-06-06,2017-04-03,,2008,2017.0,,False,closed,wrds_classroom_sp500_changes,
SWK,SWK,SWK,Stanley Black & Decker,43350.0,1982-09-16,,1980.0,1982,,,True,current,wrds_classroom_sp500_changes;wikipedia_current_sp500,current as of source; WRDS cutoff 2022-12-30
SWKS,"AHA, AHAA, SWKS",AHA|AHAA|SWKS,Skyworks Solutions,45911.0,2015-03-12,,1984.0,2015,,,True,current,wrds_classroom_sp500_changes;wikipedia_current_sp500,current as of source; WRDS cutoff 2022-12-30
SWN,"AGAS, SWN, SWEN",AGAS|SWN|SWEN,SOUTHWESTERN ENERGY CO; ARKANSAS WESTERN GAS CO,63765.0,2008-06-06,2017-04-03,,2008,2017.0,,False,closed,wrds_classroom_sp500_changes,
SWX,"SWX, ESM",SWX|ESM,SWIFT & CO; ESMARK INC,19713.0,1957-03-01,1984-08-15,1973.0,1957,1984.0,,False,closed,wrds_classroom_sp500_changes,
SWY,SWY,SWY,SAFEWAY INC,76149.0,1998-11-13,2015-01-26,,1998,2015.0,,False,closed,wrds_classroom_sp500_changes,
SWZA,"SWZA, SZA, DF",SWZA|SZA|DF,DEAN FOODS CO NEW; SUIZA FOODS CORP,83421.0,2006-04-03,2013-05-23,,2006,2013.0,,False,closed,wrds_classroom_sp500_changes,
SX,SX,SX,SOUTHERN PACIFIC CO,14496.0,1925-12-31,1983-12-28,,1925,1983.0,,False,closed,wrds_classroom_sp500_changes,
SXCL,"SXCL, ADPT",SXCL|ADPT,STEEL EXCEL INC; STELL EXCEL INC; A D P T CORP; ADAPTEC INC,10353.0,1999-10-01,2001-05-11,,1999,2001.0,,False,closed,wrds_classroom_sp500_changes,
SY,SY,SY,SPERRY CORP; REMINGTON TYPEWRITER CO; SPERRY RAND CORP; REMINGTON RAND INC,14525.0,1957-03-01,1986-09-17,2019.0,1957,1986.0,,False,closed,wrds_classroom_sp500_changes,
SYF,SYF,SYF,Synchrony Financial,14776.0,2015-11-18,,2014.0,2015,,,True,current,wrds_classroom_sp500_changes;wikipedia_current_sp500,current as of source; WRDS cutoff 2022-12-30
SYK,"SYK, STRY",SYK|STRY,Stryker Corporation,73139.0,2000-12-12,,1980.0,2000,,,True,current,wrds_classroom_sp500_changes;wikipedia_current_sp500,current as of source; WRDS cutoff 2022-12-30
SYMC,"SYMC, NLOK, GEN",SYMC|NLOK|GEN,Gen Digital,75607.0,2003-03-25,,,2003,,,False,open_unknown_after_source_cutoff,wrds_classroom_sp500_changes;wikipedia_current_sp500,current as of source; WRDS cutoff 2022-12-30; historical alias; current ticker match is GEN; left date unknown after membership source cutoff
SYN,SYN,SYN,SYNTEX CORP,37102.0,1985-09-26,1994-06-06,,1985,1994.0,,False,closed,wrds_classroom_sp500_changes,
SYY,SYY,SYY,Sysco,52038.0,1986-12-18,,1973.0,1986,,,True,current,wrds_classroom_sp500_changes;wikipedia_current_sp500,current as of source; WRDS cutoff 2022-12-30
SZA,"SWZA, SZA, DF",SWZA|SZA|DF,DEAN FOODS CO NEW; SUIZA FOODS CORP,83421.0,2006-04-03,2013-05-23,,2006,2013.0,,False,closed,wrds_classroom_sp500_changes,
T,T,T,AMERICAN TELEPHONE & TELEG CO; A T & T CORP,10401.0,1957-03-01,2005-11-18,1983.0,1957,2005.0,,False,closed,wrds_classroom_sp500_changes,
T,T,T,AT&T,,1983-11-30,,1983.0,1983,,,True,current,wikipedia_current_sp500,
T,"SBC, T",SBC|T,A T & T INC; SOUTHWESTERN BELL CORP; S B C COMMUNICATIONS INC,66093.0,1983-12-01,,1983.0,1983,,,False,open_unknown_after_source_cutoff,wrds_classroom_sp500_changes,left date unknown after membership source cutoff
TA,TA,TA,TRANSAMERICA CORP,19051.0,1979-03-01,1999-07-21,,1979,1999.0,,False,closed,wrds_classroom_sp500_changes,
TAN,"TAN, RSH",TAN|RSH,RADIOSHACK CORP; AMERICAN HIDE & LEATHER CO; TANDY CORP; GENERAL AMERICAN INDUSTRIES INC,15560.0,1973-03-01,2011-06-30,2008.0,1973,2011.0,,False,closed,wrds_classroom_sp500_changes,
TAP,"ACCOB, RKY, TAP",ACCOB|RKY|TAP,Molson Coors Beverage Company,59248.0,1976-06-30,,1975.0,1976,,,True,current,wrds_classroom_sp500_changes;wikipedia_current_sp500,current as of source; WRDS cutoff 2022-12-30
TAP,TAP,TAP,TRAVELERS PPTY CASUALTY CORP NEW,89495.0,2002-08-21,2004-04-01,1975.0,2002,2004.0,,False,closed,wrds_classroom_sp500_changes,
TCB,"TCBK, TCB",TCBK|TCB,TEXAS COMMERCE BANCSHARES INC,58093.0,1984-10-25,1987-04-22,,1984,1987.0,,False,closed,wrds_classroom_sp500_changes,
TCBK,"TCBK, TCB",TCBK|TCB,TEXAS COMMERCE BANCSHARES INC,58093.0,1984-10-25,1987-04-22,1993.0,1984,1987.0,,False,closed,wrds_classroom_sp500_changes,
TCC,TCC,TCC,TENNESSEE COPPER & CHEM CORP; TENNESSEE CORP,14728.0,1960-03-23,1963-06-12,,1960,1963.0,,False,closed,wrds_classroom_sp500_changes,
TCOMA,TCOMA,TCOMA,TELE COMMUNICATIONS INC; TELE COMMUNICATIONS INC NEW,75030.0,1985-08-01,1999-03-09,,1985,1999.0,,False,closed,wrds_classroom_sp500_changes,
TDC,TDC,TDC,TERADATA CORP DE,92293.0,2007-10-01,2017-06-16,2007.0,2007,2017.0,,False,closed,wrds_classroom_sp500_changes,
TDG,TDG,TDG,TransDigm Group,91152.0,2016-06-03,,2006.0,2016,,,True,current,wrds_classroom_sp500_changes;wikipedia_current_sp500,current as of source; WRDS cutoff 2022-12-30
TDM,"TDM, TNDM",TDM|TNDM,TANDEM COMPUTERS INC,74617.0,1984-03-01,1997-08-29,2018.0,1984,1997.0,2022.0,False,closed,wrds_classroom_sp500_changes,
TDY,"ATI, ALT, TDY",ATI|ALT|TDY,A T I INC; ALLEGHENY TELEDYNE INC; ALLEGHENY TECHNOLOGIES; TELEDYNE INC,43123.0,1978-10-26,2015-07-01,1999.0,1978,2015.0,,False,closed,wrds_classroom_sp500_changes,
TDY,"TER, TDY",TER|TDY,TERADYNE INC,51369.0,1999-11-15,2013-12-20,1999.0,1999,2013.0,,False,closed,wrds_classroom_sp500_changes,
TDY,TDY,TDY,Teledyne Technologies,87445.0,2020-06-22,,1999.0,2020,,,True,current,wrds_classroom_sp500_changes;wikipedia_current_sp500,current as of source; WRDS cutoff 2022-12-30
TDY,"TER, TDY",TER|TDY,Teradyne,51369.0,2020-09-21,,1999.0,2020,,,False,open_unknown_after_source_cutoff,wrds_classroom_sp500_changes;wikipedia_current_sp500,current as of source; WRDS cutoff 2022-12-30; historical alias; current ticker match is TER; left date unknown after membership source cutoff
TE,TE,TE,T E C O ENERGY INC; TAMPA ELECTRIC CO,37161.0,2001-10-10,2016-06-30,2020.0,2001,2016.0,,False,closed,wrds_classroom_sp500_changes,
TECH,TECH,TECH,Bio-Techne,75694.0,2021-08-30,,1989.0,2021,,,True,current,wrds_classroom_sp500_changes;wikipedia_current_sp500,current as of source; WRDS cutoff 2022-12-30
TEG,"WPS, TEG",WPS|TEG,INTEGRYS ENERGY GROUP INC; WISCONSIN PUBLIC SERVICE CORP; W P S RESOURCES CORP,25099.0,2007-02-22,2015-06-30,2015.0,2007,2015.0,2022.0,False,closed,wrds_classroom_sp500_changes,
TEK,TEK,TEK,TEKTRONIX INC,40061.0,1967-02-23,2007-11-15,2024.0,1967,2007.0,,False,closed,wrds_classroom_sp500_changes,
TEL,TEL,TEL,T E CONNECTIVITY LTD; TYCO ELECTRONICS LTD; TYCO ELECTRONICS LTD NEW,92157.0,2007-07-02,2009-06-25,2007.0,2007,2009.0,,False,closed,wrds_classroom_sp500_changes,
TEL,TEL,TEL,TE Connectivity,92157.0,2011-10-17,,2007.0,2011,,,True,current,wrds_classroom_sp500_changes;wikipedia_current_sp500,current as of source; WRDS cutoff 2022-12-30
TEN,"TEN, TGT",TEN|TGT,TENNECO INC; TENNESSEE GAS TRANSMISSION CO,26542.0,1978-10-05,1996-12-11,2002.0,1978,1996.0,,False,closed,wrds_classroom_sp500_changes,
TEN,TEN,TEN,TENNECO INC DE; TENNECO AUTOMOTIVE INC; TENNECO INC NEW,84375.0,1996-12-12,1999-11-04,2002.0,1996,1999.0,,False,closed,wrds_classroom_sp500_changes,
TER,"TER, TDY",TER|TDY,TERADYNE INC,51369.0,1999-11-15,2013-12-20,1973.0,1999,2013.0,,False,closed,wrds_classroom_sp500_changes,
TER,"TER, TDY",TER|TDY,Teradyne,51369.0,2020-09-21,,1973.0,2020,,,True,current,wrds_classroom_sp500_changes;wikipedia_current_sp500,current as of source; WRDS cutoff 2022-12-30
TERX,"NWEN, TEX, TERX",NWEN|TEX|TERX,TEREX CORP NEW; NORTHWEST ENGINEERING CO,58318.0,2006-12-20,2008-11-05,2002.0,2006,2008.0,2018.0,False,closed,wrds_classroom_sp500_changes,
TET,TET,TET,TEXAS EASTERN TRANSMISSION CORP; TEXAS EASTERN CORP,27940.0,1966-12-15,1989-04-26,2014.0,1966,1989.0,2018.0,False,closed,wrds_classroom_sp500_changes,
TEX,"NWEN, TEX, TERX",NWEN|TEX|TERX,TEREX CORP NEW; NORTHWEST ENGINEERING CO,58318.0,2006-12-20,2008-11-05,1980.0,2006,2008.0,,False,closed,wrds_classroom_sp500_changes,
TF,TF,TF,FOX FILM CORP; TWENTIETH CENTURY FOX FILM CORP,14859.0,1925-12-31,1981-06-24,2000.0,1925,1981.0,2018.0,False,closed,wrds_classroom_sp500_changes,
TFB,TFB,TFB,TAFT BROADCASTING CO,28548.0,1962-10-25,1987-10-07,,1962,1987.0,,False,closed,wrds_classroom_sp500_changes,
TFC,"TFC, BBK, SNB, SNAT, BBT",TFC|BBK|SNB|SNAT|BBT,Truist Financial,71563.0,1997-12-04,,1980.0,1997,,,True,current,wrds_classroom_sp500_changes;wikipedia_current_sp500,current as of source; WRDS cutoff 2022-12-30
TFCF,"TFCF, FOX, NWS",TFCF|FOX|NWS,TWENTY FIRST CENTURY FOX INC; NEWS CORP,90442.0,2015-09-21,2019-03-19,,2015,2019.0,,False,closed,wrds_classroom_sp500_changes,
TFCFA,"NWSA, FOXA, TFCFA, NWS",NWSA|FOXA|TFCFA|NWS,TWENTY FIRST CENTURY FOX INC; NEWS CORP,90441.0,2004-12-20,2019-03-19,,2004,2019.0,,False,closed,wrds_classroom_sp500_changes,
TFD,TFD,TFD,THRIFTY CORP; THRIFTY DRUG STORES INC,42462.0,1986-05-08,1986-08-06,2004.0,1986,1986.0,2015.0,False,closed,wrds_classroom_sp500_changes,
TFX,TFX,TFX,TELEFLEX INC,44329.0,2019-01-18,2025-03-24,1980.0,2019,2025.0,,False,closed,wrds_classroom_sp500_changes,
TG,TG,TG,TEXASGULF INC; TEXAS GULF SULPHUR CO; TEXAS GULF INC,14760.0,1957-03-01,1972-09-13,1989.0,1957,1972.0,,False,closed,wrds_classroom_sp500_changes,
TG,TG,TG,TEXASGULF INC; TEXAS GULF SULPHUR CO; TEXAS GULF INC,14760.0,1974-04-11,1981-10-28,1989.0,1974,1981.0,,False,closed,wrds_classroom_sp500_changes,
TGNA,"TGNA, GCI",TGNA|GCI,GANNETT CO INC; TEGNA INC,47941.0,1975-12-11,2017-06-01,1980.0,1975,2017.0,,False,closed,wrds_classroom_sp500_changes,
TGR,"TGR, FLY",TGR|FLY,TIGER INTERNATIONAL INC; FLYING TIGER CORP,17340.0,1980-12-11,1989-02-08,,1980,1989.0,,False,closed,wrds_classroom_sp500_changes,
TGT,"DH, TGT",DH|TGT,Target Corporation,49154.0,1976-12-09,,1973.0,1976,,,True,current,wrds_classroom_sp500_changes;wikipedia_current_sp500,current as of source; WRDS cutoff 2022-12-30
TGT,"TEN, TGT",TEN|TGT,TENNECO INC; TENNESSEE GAS TRANSMISSION CO,26542.0,1978-10-05,1996-12-11,1973.0,1978,1996.0,,False,closed,wrds_classroom_sp500_changes,
THC,"NME, THC",NME|THC,TENET HEALTHCARE CORP; NATIONAL MEDICAL ENTERPRISES INC,52337.0,1979-02-08,2016-04-15,1980.0,1979,2016.0,,False,closed,wrds_classroom_sp500_changes,
THY,"THY, CMY",THY|CMY,TRANSITIONAL HOSPITALS CORP; COMMUNITY PSYCHIATRIC CENTERS,53401.0,1987-06-25,1996-10-15,2020.0,1987,1996.0,,False,closed,wrds_classroom_sp500_changes,
TIC,TIC,TIC,TRAVELERS CORP,47300.0,1976-07-01,1993-12-30,2025.0,1976,1993.0,,False,closed,wrds_classroom_sp500_changes,
TIE,"TIE, TIMT",TIE|TIMT,TITANIUM METALS CORP,83699.0,2007-10-29,2012-12-21,1996.0,2007,2012.0,2019.0,False,closed,wrds_classroom_sp500_changes,
TIF,TIF,TIF,TIFFANY & CO NEW,75100.0,2000-06-21,2021-01-06,,2000,2021.0,,False,closed,wrds_classroom_sp500_changes,
TIMT,"TIE, TIMT",TIE|TIMT,TITANIUM METALS CORP,83699.0,2007-10-29,2012-12-21,,2007,2012.0,,False,closed,wrds_classroom_sp500_changes,
TIN,TIN,TIN,TEMPLE INLAND INC,66114.0,1986-12-18,2007-12-28,,1986,2007.0,,False,closed,wrds_classroom_sp500_changes,
TIS,TIS,TIS,TISHMAN REALTY & CNSTRUCTION INC,26462.0,1970-04-23,1977-03-30,,1970,1977.0,,False,closed,wrds_classroom_sp500_changes,
TJX,"TJX, ZY",TJX|ZY,TJX Companies,40539.0,1985-09-26,,1987.0,1985,,,True,current,wrds_classroom_sp500_changes;wikipedia_current_sp500,current as of source; WRDS cutoff 2022-12-30
TKA,TKA,TKA,TONKA CORP,40221.0,1975-03-06,1991-05-06,2014.0,1975,1991.0,2018.0,False,closed,wrds_classroom_sp500_changes,
TKC,"MTI, CDD, NOR, TKC, MNP",MTI|CDD|NOR|TKC|MNP,THIOKOL CORP DEL; NORWICH PHARMACAL CO; CORDANT TECHNOLOGIES INC; MORTON NORWICH PRODS INC DEL; MORTON THIOKOL INC,21290.0,1957-03-01,1964-01-29,2000.0,1957,1964.0,,False,closed,wrds_classroom_sp500_changes,
TKC,"MTI, CDD, NOR, TKC, MNP",MTI|CDD|NOR|TKC|MNP,THIOKOL CORP DEL; NORWICH PHARMACAL CO; CORDANT TECHNOLOGIES INC; MORTON NORWICH PRODS INC DEL; MORTON THIOKOL INC,21290.0,1987-03-05,1989-06-28,2000.0,1987,1989.0,,False,closed,wrds_classroom_sp500_changes,
TKO,TKO,TKO,TKO Group Holdings,,2025-03-24,,1999.0,2025,,,True,current,wikipedia_selected_changes;wikipedia_current_sp500,Market capitalization change.[22]; current as of source; WRDS cutoff 2022-12-30
TKR,TKR,TKR,TIMKEN CO; TIMKEN ROLLER BEARING CO,14795.0,1964-02-20,2001-08-06,1973.0,1964,2001.0,,False,closed,wrds_classroom_sp500_changes,
TL,"TWX, TL",TWX|TL,TIME INC; TIME WARNER INC,40483.0,1964-04-23,2001-01-12,,1964,2001.0,,False,closed,wrds_classroom_sp500_changes,
TLAB,TLAB,TLAB,TELLABS INC,75257.0,1995-07-03,2011-12-20,1980.0,1995,2011.0,2013.0,False,closed,wrds_classroom_sp500_changes,
TLC,"LUK, TLC, JEF",LUK|TLC|JEF,JEFFERIES FINANCIAL GROUP INC; TALCOTT JAMES INC; LEUCADIA NATIONAL CORP; TALCOTT NATIONAL CORP,20415.0,1961-09-06,1963-09-18,,1961,1963.0,,False,closed,wrds_classroom_sp500_changes,
TLC,"LUK, TLC, JEF",LUK|TLC|JEF,JEFFERIES FINANCIAL GROUP INC; TALCOTT JAMES INC; LEUCADIA NATIONAL CORP; TALCOTT NATIONAL CORP,20415.0,1969-07-03,1976-06-30,,1969,1976.0,,False,closed,wrds_classroom_sp500_changes,
TLC,"LUK, TLC, JEF",LUK|TLC|JEF,JEFFERIES FINANCIAL GROUP INC; TALCOTT JAMES INC; LEUCADIA NATIONAL CORP; TALCOTT NATIONAL CORP,20415.0,2007-08-27,2019-09-25,,2007,2019.0,,False,closed,wrds_classroom_sp500_changes,
TMC,TMC,TMC,THATCHER GLASS MFG CO; THATCHER MFG CO; THATCHER GLASS MFG INC,16344.0,1957-03-01,1966-06-22,2021.0,1957,1966.0,,False,closed,wrds_classroom_sp500_changes,
TMC,"TMC, TMS",TMC|TMS,TIMES MIRROR CO,40635.0,1965-12-16,1995-01-31,2021.0,1965,1995.0,,False,closed,wrds_classroom_sp500_changes,
TMC,TMC,TMC,TIMES MIRROR CO NEW,81193.0,1995-02-01,2000-06-12,2021.0,1995,2000.0,,False,closed,wrds_classroom_sp500_changes,
TMK,"TMK, LNH, GL",TMK|LNH|GL,Globe Life,62308.0,1989-04-27,,,1989,,,False,open_unknown_after_source_cutoff,wrds_classroom_sp500_changes;wikipedia_current_sp500,current as of source; WRDS cutoff 2022-12-30; historical alias; current ticker match is GL; left date unknown after membership source cutoff
TMO,"TRMO, TMO",TRMO|TMO,Thermo Fisher Scientific,62092.0,1997-01-02,,1980.0,1997,,,True,current,wrds_classroom_sp500_changes;wikipedia_current_sp500,current as of source; WRDS cutoff 2022-12-30
TMPW,"TMPW, MNST, MWW",TMPW|MNST|MWW,MONSTER WORLDWIDE INC; T M P WORLDWIDE INC,84342.0,2001-06-04,2011-12-16,,2001,2011.0,,False,closed,wrds_classroom_sp500_changes,
TMS,"TMC, TMS",TMC|TMS,TIMES MIRROR CO,40635.0,1965-12-16,1995-01-31,2010.0,1965,1995.0,2022.0,False,closed,wrds_classroom_sp500_changes,
TMUS,"TMUS, PCS",TMUS|PCS,METROPCS COMMUNICATIONS INC; T MOBILE U S INC,91937.0,2009-06-30,2013-04-30,2007.0,2009,2013.0,,False,closed,wrds_classroom_sp500_changes,
TMUS,"TMUS, PCS",TMUS|PCS,T-Mobile US,91937.0,2019-07-15,,2007.0,2019,,,True,current,wrds_classroom_sp500_changes;wikipedia_current_sp500,current as of source; WRDS cutoff 2022-12-30
TNB,TNB,TNB,THOMAS & BETTS CORP,38578.0,1974-10-17,2004-08-02,2007.0,1974,2004.0,2022.0,False,closed,wrds_classroom_sp500_changes,
TNDM,"TDM, TNDM",TDM|TNDM,TANDEM COMPUTERS INC,74617.0,1984-03-01,1997-08-29,2013.0,1984,1997.0,,False,closed,wrds_classroom_sp500_changes,
TNL,"TNL, WYND, WYN",TNL|WYND|WYN,WYNDHAM WORLDWIDE CORP; WYNDHAM DESTINATIONS INC; TRAVEL & LEISURE CO,91392.0,2006-08-01,2018-05-30,2006.0,2006,2018.0,,False,closed,wrds_classroom_sp500_changes,
TNV,"LOF, ANV, TNV",LOF|ANV|TNV,AEROQUIP VICKERS INC; LIBBEY OWENS GLASS CO; LIBBEY OWENS FORD GLASS CO; LIBBEY OWENS FORD CO; TRINOVA CORP,18147.0,1957-03-01,1999-04-09,,1957,1999.0,,False,closed,wrds_classroom_sp500_changes,
TOS,"TOSC, OILS, TOS",TOSC|OILS|TOS,TOSCO CORP; OIL SHALE CORP,61663.0,1999-09-20,2001-09-20,,1999,2001.0,,False,closed,wrds_classroom_sp500_changes,
TOSC,"TOSC, OILS, TOS",TOSC|OILS|TOS,TOSCO CORP; OIL SHALE CORP,61663.0,1999-09-20,2001-09-20,,1999,2001.0,,False,closed,wrds_classroom_sp500_changes,
TOY,"TOY, TOYS",TOY|TOYS,TOYS R US INC,61065.0,1983-09-08,2005-07-21,,1983,2005.0,,False,closed,wrds_classroom_sp500_changes,
TOYS,"TOY, TOYS",TOY|TOYS,TOYS R US INC,61065.0,1983-09-08,2005-07-21,,1983,2005.0,,False,closed,wrds_classroom_sp500_changes,
TPIP,"TPIP, E, TSCO",TPIP|E|TSCO,TRANSCO ENERGY CO; TRANSCONTINENTAL GAS PIPE LN COR; TRANSCO COMPANIES INC,58472.0,1991-04-17,1994-01-17,,1991,1994.0,,False,closed,wrds_classroom_sp500_changes,
TPIX,"LT, TPIX",LT|TPIX,LORIMAR TELEPICTURES CORP; TELEPICTURES CORP,69024.0,1986-04-03,1989-01-11,,1986,1989.0,,False,closed,wrds_classroom_sp500_changes,
TPL,TPL,TPL,Texas Pacific Land Corporation,,2024-11-26,,1980.0,2024,,,True,current,wikipedia_selected_changes;wikipedia_current_sp500,S&P 500 & 100 constituent ConocoPhillips acquired Marathon Oil.[25]; current as of source; WRDS cutoff 2022-12-30
TPR,"COH, TPR",COH|TPR,"Tapestry, Inc.",88661.0,2004-09-01,,2000.0,2004,,,True,current,wrds_classroom_sp500_changes;wikipedia_current_sp500,current as of source; WRDS cutoff 2022-12-30
TR,TR,TR,TEXAS GULF PRODUCING CO,20298.0,1957-03-01,1964-05-13,1980.0,1957,1964.0,,False,closed,wrds_classroom_sp500_changes,
TRA,TRA,TRA,TRANE COMPANY; TRANE CO,25574.0,1960-12-14,1984-02-29,,1960,1984.0,,False,closed,wrds_classroom_sp500_changes,
TRB,TRB,TRB,TRIBUNE COMPANY NEW,65787.0,1986-01-30,2007-12-20,,1986,2007.0,,False,closed,wrds_classroom_sp500_changes,
TREL,"TRN, TSIE, TREL",TRN|TSIE|TREL,TRANSITRON ELECTRONIC CORP,27182.0,1961-02-08,1965-06-16,,1961,1965.0,,False,closed,wrds_classroom_sp500_changes,
TRGP,TRGP,TRGP,Targa Resources,12476.0,2022-10-12,,2010.0,2022,,,True,current,wrds_classroom_sp500_changes;wikipedia_current_sp500,current as of source; WRDS cutoff 2022-12-30
TRIP,TRIP,TRIP,TRIPADVISOR INC,13168.0,2011-12-21,2019-12-20,2011.0,2011,2019.0,,False,closed,wrds_classroom_sp500_changes,
TRL,"TRL, DVA",TRL|DVA,DaVita,82307.0,2008-07-31,,2013.0,2008,,2020.0,False,open_unknown_after_source_cutoff,wrds_classroom_sp500_changes;wikipedia_current_sp500,current as of source; WRDS cutoff 2022-12-30; historical alias; current ticker match is DVA; left date unknown after membership source cutoff
TRMB,TRMB,TRMB,Trimble Inc.,76230.0,2021-01-21,,1990.0,2021,,,True,current,wrds_classroom_sp500_changes;wikipedia_current_sp500,current as of source; WRDS cutoff 2022-12-30
TRMO,"TRMO, TMO",TRMO|TMO,Thermo Fisher Scientific,62092.0,1997-01-02,,,1997,,,False,open_unknown_after_source_cutoff,wrds_classroom_sp500_changes;wikipedia_current_sp500,current as of source; WRDS cutoff 2022-12-30; historical alias; current ticker match is TMO; left date unknown after membership source cutoff
TRN,"TRN, TSIE, TREL",TRN|TSIE|TREL,TRANSITRON ELECTRONIC CORP,27182.0,1961-02-08,1965-06-16,1973.0,1961,1965.0,,False,closed,wrds_classroom_sp500_changes,
TROW,TROW,TROW,T. Rowe Price,10138.0,1999-10-13,,1986.0,1999,,,True,current,wrds_classroom_sp500_changes;wikipedia_current_sp500,current as of source; WRDS cutoff 2022-12-30
TRR,TRR,TRR,TRACOR INC,57234.0,1985-12-12,1987-12-23,,1985,1987.0,,False,closed,wrds_classroom_sp500_changes,
TRV,"TRV, SPC, SPK, STA, STPL",TRV|SPC|SPK|STA|STPL,Travelers Companies (The),59459.0,1976-07-01,,1975.0,1976,,,True,current,wrds_classroom_sp500_changes;wikipedia_current_sp500,current as of source; WRDS cutoff 2022-12-30
TRV,"CCC, C, TRV, CCI, PA",CCC|C|TRV|CCI|PA,Citigroup,70519.0,1988-05-26,,1975.0,1988,,,False,open_unknown_after_source_cutoff,wrds_classroom_sp500_changes;wikipedia_current_sp500,current as of source; WRDS cutoff 2022-12-30; historical alias; current ticker match is C; left date unknown after membership source cutoff
TRW,TRW,TRW,THOMPSON PRODS INC; THOMPSON RAMO WOOLRIDGE INC; T R W INC; THOMPSON RAMO WOOLDRIDGE INC,18681.0,1964-02-20,2002-12-11,,1964,2002.0,,False,closed,wrds_classroom_sp500_changes,
TRY,"DWG, TRY, WEN",DWG|TRY|WEN,DEISEL WEMMER GILBERT CORP; D W G CORP; D W G CIGAR CORP; WENDYS ARBYS GROUP INC; WENDYS CO; TRIARC COMPANIES INC,19828.0,1957-03-01,1967-11-08,1968.0,1957,1967.0,,False,closed,wrds_classroom_sp500_changes,
TS,TS,TS,TEXAS PAC COAL & OIL CO,14779.0,1957-03-01,1963-01-16,2002.0,1957,1963.0,,False,closed,wrds_classroom_sp500_changes,
TSCO,"TPIP, E, TSCO",TPIP|E|TSCO,TRANSCO ENERGY CO; TRANSCONTINENTAL GAS PIPE LN COR; TRANSCO COMPANIES INC,58472.0,1991-04-17,1994-01-17,1994.0,1991,1994.0,,False,closed,wrds_classroom_sp500_changes,
TSCO,TSCO,TSCO,Tractor Supply,80286.0,2014-01-24,,1994.0,2014,,,True,current,wrds_classroom_sp500_changes;wikipedia_current_sp500,current as of source; WRDS cutoff 2022-12-30
TSG,TSG,TSG,SABRE HOLDINGS CORP; SABRE GROUP HOLDINGS INC,84036.0,2000-03-16,2007-03-30,,2000,2007.0,,False,closed,wrds_classroom_sp500_changes,
TSHR,"TSHR, TYM",TSHR|TYM,TYMSHARE INC,59811.0,1981-04-02,1984-05-02,,1981,1984.0,,False,closed,wrds_classroom_sp500_changes,
TSIE,"TRN, TSIE, TREL",TRN|TSIE|TREL,TRANSITRON ELECTRONIC CORP,27182.0,1961-02-08,1965-06-16,,1961,1965.0,,False,closed,wrds_classroom_sp500_changes,
TSLA,TSLA,TSLA,"Tesla, Inc.",93436.0,2020-12-21,,2010.0,2020,,,True,current,wrds_classroom_sp500_changes;wikipedia_current_sp500,current as of source; WRDS cutoff 2022-12-30
TSN,"TYSNA, TSN, TYSN",TYSNA|TSN|TYSN,Tyson Foods,77730.0,2005-08-10,,1980.0,2005,,,True,current,wrds_classroom_sp500_changes;wikipedia_current_sp500,current as of source; WRDS cutoff 2022-12-30
TSO,"INX, ANDV, TSO",INX|ANDV|TSO,INTEX OIL CO; TESORO CORP; ANDEAVOR; TESORO PETROLEUM CORP,37284.0,2007-09-27,2018-09-28,,2007,2018.0,,False,closed,wrds_classroom_sp500_changes,
TSS,"TSS, TSYS",TSS|TSYS,TOTAL SYSTEM SERVICES INC; TOTAL SYSTEMS SERVICES INC,76639.0,2008-01-02,2019-09-20,,2008,2019.0,,False,closed,wrds_classroom_sp500_changes,
TSYS,"TSS, TSYS",TSS|TSYS,TOTAL SYSTEM SERVICES INC; TOTAL SYSTEMS SERVICES INC,76639.0,2008-01-02,2019-09-20,,2008,2019.0,,False,closed,wrds_classroom_sp500_changes,
TT,"TT, ASD",TT|ASD,TRANE INC; AMERICAN STANDARD COS INC DEL,81285.0,2002-05-13,2008-06-05,1980.0,2002,2008.0,,False,closed,wrds_classroom_sp500_changes,
TT,TT,TT,Trane Technologies,,2010-11-17,,1980.0,2010,,,True,current,wikipedia_current_sp500,
TTD,TTD,TTD,Trade Desk (The),,2025-07-18,,2016.0,2025,,,True,current,wikipedia_selected_changes;wikipedia_current_sp500,S&P 500 constituent Synopsys Inc. acquired Ansys.[19]; current as of source; WRDS cutoff 2022-12-30
TTWO,TTWO,TTWO,Take-Two Interactive,84761.0,2018-03-19,,1997.0,2018,,,True,current,wrds_classroom_sp500_changes;wikipedia_current_sp500,current as of source; WRDS cutoff 2022-12-30
TUP,TUP,TUP,TUPPERWARE CORP; TUPPERWARE BRANDS CORP,83462.0,1996-05-31,2004-03-24,,1996,2004.0,,False,closed,wrds_classroom_sp500_changes,
TV,TV,TV,TIDE WTR ASSD OIL CO; TIDEWATER OIL CO,16205.0,1957-03-01,1967-10-04,1993.0,1957,1967.0,,False,closed,wrds_classroom_sp500_changes,
TWA,TWA,TWA,TRANSCONTINENTAL & WESTN AIR INC; TRANS WORLD AIRLINES INC,19617.0,1957-03-01,1976-06-30,2014.0,1957,1976.0,2016.0,False,closed,wrds_classroom_sp500_changes,
TWC,TWC,TWC,TIME WARNER CABLE INC,91883.0,2009-03-30,2016-05-17,,2009,2016.0,,False,closed,wrds_classroom_sp500_changes,
TWRS,"TWRS, CCI",TWRS|CCI,Crown Castle,86339.0,2012-03-14,,,2012,,,False,open_unknown_after_source_cutoff,wrds_classroom_sp500_changes;wikipedia_current_sp500,current as of source; WRDS cutoff 2022-12-30; historical alias; current ticker match is CCI; left date unknown after membership source cutoff
TWTR,TWTR,TWTR,TWITTER INC,14295.0,2018-06-07,2022-10-31,,2018,2022.0,,False,closed,wrds_classroom_sp500_changes,
TWX,"TWX, TL",TWX|TL,TIME INC; TIME WARNER INC,40483.0,1964-04-23,2001-01-12,1992.0,1964,2001.0,2018.0,False,closed,wrds_classroom_sp500_changes,
TWX,"TWX, AOL, AMER",TWX|AOL|AMER,A O L TIME WARNER INC; AMERICA ONLINE INC DEL; TIME WARNER INC NEW,77418.0,1999-01-04,2018-06-19,1992.0,1999,2018.0,2018.0,False,closed,wrds_classroom_sp500_changes,
TX,TX,TX,TEXAS CO; TEXACO INC,14736.0,1925-12-31,2001-10-09,2006.0,1925,2001.0,,False,closed,wrds_classroom_sp500_changes,
TXG,TXG,TXG,TEXAS GAS TRANSMISSION CORP; TEXAS GAS RESOURCES CORP; TEXAS GAS CORP,26788.0,1966-12-15,1983-10-19,2019.0,1966,1983.0,,False,closed,wrds_classroom_sp500_changes,
TXN,TXN,TXN,Texas Instruments,15579.0,1959-03-25,,1972.0,1959,,,True,current,wrds_classroom_sp500_changes;wikipedia_current_sp500,current as of source; WRDS cutoff 2022-12-30
TXO,TXO,TXO,TEXAS OIL & GAS CORP,41523.0,1981-05-14,1986-02-12,2023.0,1981,1986.0,,False,closed,wrds_classroom_sp500_changes,
TXT,TXT,TXT,TEXTRON INC; TEXTRON AMERICAN INC,23579.0,1963-10-17,1970-04-22,1973.0,1963,1970.0,,False,closed,wrds_classroom_sp500_changes,
TXT,TXT,TXT,Textron,23579.0,1978-10-05,,1973.0,1978,,,True,current,wrds_classroom_sp500_changes;wikipedia_current_sp500,current as of source; WRDS cutoff 2022-12-30
TXU,TXU,TXU,TEXAS UTILITIES CO; T X U CORP,24563.0,1957-03-01,2007-10-09,,1957,2007.0,,False,closed,wrds_classroom_sp500_changes,
TYC,"TYC, JCI",TYC|JCI,TYCO INTERNATIONAL LTD SWTZLND; TYCO INTERNATIONAL PLC IRELAND; TYCO INTERNATIONAL LTD; TYCO INTERNATIONAL LTD NEW; TYCO LABS INC; JOHNSON CONTROLS INTL PLC; TYCO INTERNATIONAL LTD BERMUDA,45356.0,1989-07-27,2009-03-16,,1989,2009.0,,False,closed,wrds_classroom_sp500_changes,
TYL,TYL,TYL,Tyler Technologies,76185.0,2020-06-22,,1980.0,2020,,,True,current,wrds_classroom_sp500_changes;wikipedia_current_sp500,current as of source; WRDS cutoff 2022-12-30
TYM,"TSHR, TYM",TSHR|TYM,TYMSHARE INC,59811.0,1981-04-02,1984-05-02,,1981,1984.0,,False,closed,wrds_classroom_sp500_changes,
TYSN,"TYSNA, TSN, TYSN",TYSNA|TSN|TYSN,Tyson Foods,77730.0,2005-08-10,,,2005,,,False,open_unknown_after_source_cutoff,wrds_classroom_sp500_changes;wikipedia_current_sp500,current as of source; WRDS cutoff 2022-12-30; historical alias; current ticker match is TSN; left date unknown after membership source cutoff
TYSNA,"TYSNA, TSN, TYSN",TYSNA|TSN|TYSN,Tyson Foods,77730.0,2005-08-10,,,2005,,,False,open_unknown_after_source_cutoff,wrds_classroom_sp500_changes;wikipedia_current_sp500,current as of source; WRDS cutoff 2022-12-30; historical alias; current ticker match is TSN; left date unknown after membership source cutoff
U,"ALA, U",ALA|U,USAIR GROUP INC; ALLEGHENY AIRLINES INC; U S AIR INC; U S AIRWAYS GROUP INC,28847.0,1986-12-18,2002-05-14,2020.0,1986,2002.0,,False,closed,wrds_classroom_sp500_changes,
UA,"UA, UAA, UARM",UA|UAA|UARM,UNDER ARMOUR INC,90979.0,2014-05-01,2022-06-17,2016.0,2014,2022.0,,False,closed,wrds_classroom_sp500_changes,
UA,UA,UA,UNDER ARMOUR INC,15980.0,2016-04-08,2022-06-17,2016.0,2016,2022.0,,False,closed,wrds_classroom_sp500_changes,
UAA,"UA, UAA, UARM",UA|UAA|UARM,UNDER ARMOUR INC,90979.0,2014-05-01,2022-06-17,2005.0,2014,2022.0,,False,closed,wrds_classroom_sp500_changes,
UAL,"UAL, AEG",UAL|AEG,U A L INC; U A L CORP; ALLEGIS CORP; UNITED AIR LINES INC; UNITED AIR LINES TRANS CORP,19596.0,1941-08-20,1994-07-12,2006.0,1941,1994.0,,False,closed,wrds_classroom_sp500_changes,
UAL,"UAUA, UAL",UAUA|UAL,United Airlines Holdings,91103.0,2015-09-03,,2006.0,2015,,,True,current,wrds_classroom_sp500_changes;wikipedia_current_sp500,current as of source; WRDS cutoff 2022-12-30
UARM,"UA, UAA, UARM",UA|UAA|UARM,UNDER ARMOUR INC,90979.0,2014-05-01,2022-06-17,,2014,2022.0,,False,closed,wrds_classroom_sp500_changes,
UAUA,"UAUA, UAL",UAUA|UAL,United Airlines Holdings,91103.0,2015-09-03,,,2015,,,False,open_unknown_after_source_cutoff,wrds_classroom_sp500_changes;wikipedia_current_sp500,current as of source; WRDS cutoff 2022-12-30; historical alias; current ticker match is UAL; left date unknown after membership source cutoff
UBER,UBER,UBER,Uber,,2023-12-18,,2019.0,2023,,,True,current,wikipedia_selected_changes;wikipedia_current_sp500,Market capitalization change.[32]; current as of source; WRDS cutoff 2022-12-30
UBO,"UBO, UST",UBO|UST,U S T INC; UNITED STS TOB CO,15077.0,1987-04-09,2009-01-05,,1987,2009.0,,False,closed,wrds_classroom_sp500_changes,
UBS,"KBR, UBS",KBR|UBS,UNITED BISCUIT CO AMER; KEEBLER CO,16619.0,1957-03-01,1974-05-08,2000.0,1957,1974.0,,False,closed,wrds_classroom_sp500_changes,
UC,UC,UC,UTAH CONSTRUCTION & MINING CO; UTAH INTERNATIONAL INC,48119.0,1974-10-17,1976-10-20,,1974,1976.0,,False,closed,wrds_classroom_sp500_changes,
UCC,UCC,UCC,UNITED ELEC COAL COS,17099.0,1957-03-01,1961-06-07,2007.0,1957,1961.0,,False,closed,wrds_classroom_sp500_changes,
UCC,"UCC, BP",UCC|BP,UNION BAG CAMP PAPER CORP; UNION BAG & PAPER CORP; UNION CAMP CORP,14883.0,1957-03-01,1999-04-30,2007.0,1957,1999.0,,False,closed,wrds_classroom_sp500_changes,
UCL,UCL,UCL,UNOCAL CORP; UNION OIL CO CALIF,14891.0,1957-03-01,2005-08-10,2020.0,1957,2005.0,,False,closed,wrds_classroom_sp500_changes,
UCM,"CWE, UCM",CWE|UCM,COMMONWEALTH EDISON CO; UNICOM CORP HOLDING CO,20853.0,1941-08-20,2000-10-20,2007.0,1941,2000.0,2019.0,False,closed,wrds_classroom_sp500_changes,
UCT,"UCT, LVOC, UCTV",UCT|LVOC|UCTV,L V O CABLE INC; UNITED CABLE TELEVISION,63802.0,1986-01-09,1989-05-31,,1986,1989.0,,False,closed,wrds_classroom_sp500_changes,
UCTV,"UCT, LVOC, UCTV",UCT|LVOC|UCTV,L V O CABLE INC; UNITED CABLE TELEVISION,63802.0,1986-01-09,1989-05-31,,1986,1989.0,,False,closed,wrds_classroom_sp500_changes,
UD,"UD, UMT, UMC",UD|UMT|UMC,UNIVERSAL MATCH CORP; UNIDYNAMICS CORP; U M C INDUSTRIES INC,26921.0,1960-12-28,1963-03-13,,1960,1963.0,,False,closed,wrds_classroom_sp500_changes,
UD,"UD, UMT, UMC",UD|UMT|UMC,UNIVERSAL MATCH CORP; UNIDYNAMICS CORP; U M C INDUSTRIES INC,26921.0,1968-09-12,1981-02-25,,1968,1981.0,,False,closed,wrds_classroom_sp500_changes,
UDR,"ODRE, ODRES, UDRT, UDR",ODRE|ODRES|UDRT|UDR,U D R INC; OLD DOMINION REAL ESTATE INVT TR; UNITED DOMINION REALTY TR INC,59300.0,2016-03-07,,1980.0,2016,,,False,open_unknown_after_source_cutoff,wrds_classroom_sp500_changes,left date unknown after membership source cutoff
UDR,UDR,UDR,"UDR, Inc.",,2016-03-07,,1980.0,2016,,,True,current,wikipedia_current_sp500,
UDRT,"ODRE, ODRES, UDRT, UDR",ODRE|ODRES|UDRT|UDR,U D R INC; OLD DOMINION REAL ESTATE INVT TR; UNITED DOMINION REALTY TR INC,59300.0,2016-03-07,,,2016,,,False,open_unknown_after_source_cutoff,wrds_classroom_sp500_changes,left date unknown after membership source cutoff
UEP,"UEP, AEE",UEP|AEE,UNION ELECTRIC CO; AMEREN CORP,24985.0,1966-12-15,1976-06-30,2014.0,1966,1976.0,2016.0,False,closed,wrds_classroom_sp500_changes,
UEP,"UEP, AEE",UEP|AEE,Ameren,24985.0,1991-09-19,,2014.0,1991,,2016.0,False,open_unknown_after_source_cutoff,wrds_classroom_sp500_changes;wikipedia_current_sp500,current as of source; WRDS cutoff 2022-12-30; historical alias; current ticker match is AEE; left date unknown after membership source cutoff
UFL,UFL,UFL,UNITED FINANCIAL CORP CA,28265.0,1965-06-17,1973-05-30,2010.0,1965,1973.0,2022.0,False,closed,wrds_classroom_sp500_changes,
UGC,UGC,UGC,UNITED GAS CORP,24061.0,1951-09-06,1966-12-14,2013.0,1951,1966.0,2017.0,False,closed,wrds_classroom_sp500_changes,
UH,"UH, UHD",UH|UHD,U S HOME CORP; U S HOME & DEV CORP,48565.0,1974-06-20,1991-04-16,,1974,1991.0,,False,closed,wrds_classroom_sp500_changes,
UHD,"UH, UHD",UH|UHD,U S HOME CORP; U S HOME & DEV CORP,48565.0,1974-06-20,1991-04-16,,1974,1991.0,,False,closed,wrds_classroom_sp500_changes,
UHS,"UHS, UHSI",UHS|UHSI,Universal Health Services,79637.0,2014-09-20,,1981.0,2014,,,True,current,wrds_classroom_sp500_changes;wikipedia_current_sp500,current as of source; WRDS cutoff 2022-12-30
UHSI,"UHS, UHSI",UHS|UHSI,Universal Health Services,79637.0,2014-09-20,,,2014,,,False,open_unknown_after_source_cutoff,wrds_classroom_sp500_changes;wikipedia_current_sp500,current as of source; WRDS cutoff 2022-12-30; historical alias; current ticker match is UHS; left date unknown after membership source cutoff
UIS,"UIS, BGH",UIS|BGH,BURROUGHS ADDING MACH CO; BURROUGHS CORP; UNISYS CORP,10890.0,1954-04-20,2008-11-10,1972.0,1954,2008.0,,False,closed,wrds_classroom_sp500_changes,
UJB,"UJB, SUB",UJB|SUB,SUMMIT BANCORP; U J B FINANCIAL CORP; UNITED JERSEY BKS HACKENSACK,51588.0,1998-01-28,2001-02-28,2011.0,1998,2001.0,,False,closed,wrds_classroom_sp500_changes,
UK,UK,UK,UNION CARBIDE & CARBON CORP; UNION CARBIDE CORP; UNION CARBIDE CORP HOLDING CO,15659.0,1925-12-31,2001-02-06,2019.0,1925,2001.0,,False,closed,wrds_classroom_sp500_changes,
ULTA,ULTA,ULTA,Ulta Beauty,92322.0,2016-04-18,,2007.0,2016,,,True,current,wrds_classroom_sp500_changes;wikipedia_current_sp500,current as of source; WRDS cutoff 2022-12-30
UMC,"UD, UMT, UMC",UD|UMT|UMC,UNIVERSAL MATCH CORP; UNIDYNAMICS CORP; U M C INDUSTRIES INC,26921.0,1960-12-28,1963-03-13,2000.0,1960,1963.0,,False,closed,wrds_classroom_sp500_changes,
UMC,"UD, UMT, UMC",UD|UMT|UMC,UNIVERSAL MATCH CORP; UNIDYNAMICS CORP; U M C INDUSTRIES INC,26921.0,1968-09-12,1981-02-25,2000.0,1968,1981.0,,False,closed,wrds_classroom_sp500_changes,
UMG,UMG,UMG,U S WEST INC,82309.0,1995-11-01,1998-06-12,,1995,1998.0,,False,closed,wrds_classroom_sp500_changes,
UMG,UMG,UMG,MEDIAONE GROUP INC,88388.0,1998-06-15,2000-06-15,,1998,2000.0,,False,closed,wrds_classroom_sp500_changes,
UMT,"UD, UMT, UMC",UD|UMT|UMC,UNIVERSAL MATCH CORP; UNIDYNAMICS CORP; U M C INDUSTRIES INC,26921.0,1960-12-28,1963-03-13,2007.0,1960,1963.0,2012.0,False,closed,wrds_classroom_sp500_changes,
UMT,"UD, UMT, UMC",UD|UMT|UMC,UNIVERSAL MATCH CORP; UNIDYNAMICS CORP; U M C INDUSTRIES INC,26921.0,1968-09-12,1981-02-25,2007.0,1968,1981.0,2012.0,False,closed,wrds_classroom_sp500_changes,
UN,UN,UN,UNILEVER N V,28310.0,1961-12-06,2002-07-19,,1961,2002.0,,False,closed,wrds_classroom_sp500_changes,
UNA,UNA,UNA,UNITED ARTISTS CORP,26323.0,1959-07-29,1967-05-17,2014.0,1959,1967.0,2018.0,False,closed,wrds_classroom_sp500_changes,
UNC,UNC,UNC,U N C RESOURCES INC; U N C INC; UNITED NUCLEAR CORP,42569.0,1967-08-31,1970-04-22,2007.0,1967,1970.0,2018.0,False,closed,wrds_classroom_sp500_changes,
UNH,"UNIH, UNH",UNIH|UNH,UnitedHealth Group,92655.0,1994-07-01,,1984.0,1994,,,True,current,wrds_classroom_sp500_changes;wikipedia_current_sp500,current as of source; WRDS cutoff 2022-12-30
UNIH,"UNIH, UNH",UNIH|UNH,UnitedHealth Group,92655.0,1994-07-01,,,1994,,,False,open_unknown_after_source_cutoff,wrds_classroom_sp500_changes;wikipedia_current_sp500,current as of source; WRDS cutoff 2022-12-30; historical alias; current ticker match is UNH; left date unknown after membership source cutoff
UNIP,"UNIP, FIST, HANS, MNST, COVI",UNIP|FIST|HANS|MNST|COVI,Monster Beverage,88031.0,2012-06-28,,,2012,,,False,open_unknown_after_source_cutoff,wrds_classroom_sp500_changes;wikipedia_current_sp500,current as of source; WRDS cutoff 2022-12-30; historical alias; current ticker match is MNST; left date unknown after membership source cutoff
UNM,UNM,UNM,UNUMPROVIDENT CORP; U N U M CORP; UNUM GROUP,71175.0,1994-03-11,2021-09-17,1986.0,1994,2021.0,,False,closed,wrds_classroom_sp500_changes,
UNP,UNP,UNP,Union Pacific Corporation,48725.0,1957-03-04,,1980.0,1957,,,True,current,wrds_classroom_sp500_changes;wikipedia_current_sp500,current as of source; WRDS cutoff 2022-12-30
UNPH,"JDSU, VIAV, UNPH",JDSU|VIAV|UNPH,UNIPHASE CORP; VIAVI SOLUTIONS INC; J D S UNIPHASE CORP,79879.0,2000-07-27,2013-12-20,,2000,2013.0,,False,closed,wrds_classroom_sp500_changes,
UP,UP,UP,UNION PACIFIC RAILROAD CO,14904.0,1925-12-31,1969-07-15,2020.0,1925,1969.0,,False,closed,wrds_classroom_sp500_changes,
UPC,"CHA, UPC, PLY",CHA|UPC|PLY,CHAMPION INTERNATIONAL CORP; UNITED STATES PLYWOOD CORP; UNITED STATES PLYWOOD CHAMPION,21397.0,1970-04-23,2000-06-16,2021.0,1970,2000.0,,False,closed,wrds_classroom_sp500_changes,
UPC,"UPC, UPCM",UPC|UPCM,UNION PLANTERS CORP,78263.0,1998-10-01,2004-06-30,2021.0,1998,2004.0,,False,closed,wrds_classroom_sp500_changes,
UPCM,"UPC, UPCM",UPC|UPCM,UNION PLANTERS CORP,78263.0,1998-10-01,2004-06-30,,1998,2004.0,,False,closed,wrds_classroom_sp500_changes,
UPJ,UPJ,UPJ,UPJOHN CO,26681.0,1980-04-24,1995-11-02,,1980,1995.0,,False,closed,wrds_classroom_sp500_changes,
UPR,UPR,UPR,UNION PACIFIC RES GROUP INC,82308.0,1996-10-16,2000-07-14,,1996,2000.0,,False,closed,wrds_classroom_sp500_changes,
UPS,UPS,UPS,United Parcel Service,87447.0,2002-07-22,,1999.0,2002,,,True,current,wrds_classroom_sp500_changes;wikipedia_current_sp500,current as of source; WRDS cutoff 2022-12-30
URB,URB,URB,URIS BUILDINGS CORP,38930.0,1970-04-23,1974-06-19,,1970,1974.0,,False,closed,wrds_classroom_sp500_changes,
URBN,URBN,URBN,URBAN OUTFITTERS INC,79881.0,2010-02-08,2017-03-17,1993.0,2010,2017.0,,False,closed,wrds_classroom_sp500_changes,
URI,URI,URI,United Rentals,85663.0,2014-09-20,,1997.0,2014,,,True,current,wrds_classroom_sp500_changes;wikipedia_current_sp500,current as of source; WRDS cutoff 2022-12-30
USAI,"SKTV, USAI, HSNI, IAC, IACI",SKTV|USAI|HSNI|IAC|IACI,IAC INC; INTERACTIVECORP; IAC INTERACTIVECORP; U S A INTERACTIVE; H S N INC; U S A NETWORKS INC; SILVER KING COMMUNICATIONS INC; IAC INTERACTIVECORP NEW,78840.0,2006-12-01,2008-08-20,2017.0,2006,2008.0,,False,closed,wrds_classroom_sp500_changes,
USAS,"UW, WMI, USAS, WM",UW|WMI|USAS|WM,Waste Management,11955.0,1998-07-17,,2003.0,1998,,,False,open_unknown_after_source_cutoff,wrds_classroom_sp500_changes;wikipedia_current_sp500,current as of source; WRDS cutoff 2022-12-30; historical alias; current ticker match is WM; left date unknown after membership source cutoff
USB,"FBKS, FBS, USB",FBKS|FBS|USB,U.S. Bancorp,66157.0,1995-10-23,,1973.0,1995,,,True,current,wrds_classroom_sp500_changes;wikipedia_current_sp500,current as of source; WRDS cutoff 2022-12-30
USBC,USBC,USBC,UNITED STATES BANCORP,78968.0,1990-10-08,1997-08-01,2006.0,1990,1997.0,,False,closed,wrds_classroom_sp500_changes,
USG,USG,USG,U S G CORP; UNITED STATES GYPSUM CO,19131.0,1941-08-20,1992-02-07,2021.0,1941,1992.0,,False,closed,wrds_classroom_sp500_changes,
USH,"USM, USH",USM|USH,U S M CORP; UNITED SHOE MACHY CORP,26366.0,1958-04-09,1976-05-05,,1958,1976.0,,False,closed,wrds_classroom_sp500_changes,
USH,USH,USH,USLIFE CORP,46594.0,1982-11-11,1997-06-17,,1982,1997.0,,False,closed,wrds_classroom_sp500_changes,
USHC,USHC,USHC,UNITED STATES HEALTHCARE INC; UNITED STATES HEALTH CARE SYS,79119.0,1994-04-18,1996-07-18,,1994,1996.0,,False,closed,wrds_classroom_sp500_changes,
USL,USL,USL,UNITED STS LINES CO N V; INTERNATIONAL MERCANTILE MARINE,15042.0,1957-03-01,1969-02-12,2007.0,1957,1969.0,,False,closed,wrds_classroom_sp500_changes,
USM,"USM, USH",USM|USH,U S M CORP; UNITED SHOE MACHY CORP,26366.0,1958-04-09,1976-05-05,,1958,1976.0,,False,closed,wrds_classroom_sp500_changes,
USS,"USSC, USS",USSC|USS,UNITED STATES SURGICAL CORP,79250.0,1992-07-06,1998-10-01,,1992,1998.0,,False,closed,wrds_classroom_sp500_changes,
USSC,"USSC, USS",USSC|USS,UNITED STATES SURGICAL CORP,79250.0,1992-07-06,1998-10-01,,1992,1998.0,,False,closed,wrds_classroom_sp500_changes,
UST,"UBO, UST",UBO|UST,U S T INC; UNITED STS TOB CO,15077.0,1987-04-09,2009-01-05,2010.0,1987,2009.0,,False,closed,wrds_classroom_sp500_changes,
USW,USW,USW,U S WEST INC NEW; U S WEST INC,66122.0,1983-12-01,2000-07-05,,1983,2000.0,,False,closed,wrds_classroom_sp500_changes,
UT,"FON, S, UT",FON|S|UT,UNITED UTILITIES INC; UNITED TELECOMMUNICATIONS INC; SPRINT CORP; SPRINT NEXTEL CORP,39087.0,1972-09-28,1983-11-30,2000.0,1972,1983.0,2017.0,False,closed,wrds_classroom_sp500_changes,
UT,"FON, S, UT",FON|S|UT,UNITED UTILITIES INC; UNITED TELECOMMUNICATIONS INC; SPRINT CORP; SPRINT NEXTEL CORP,39087.0,1989-07-27,2013-07-08,2000.0,1989,2013.0,2017.0,False,closed,wrds_classroom_sp500_changes,
UV,UV,UV,U V INDUSTRIES INC; UNITED STATES SMLT RFNG & MNG CO,14867.0,1965-09-30,1973-05-30,,1965,1973.0,,False,closed,wrds_classroom_sp500_changes,
UVN,UVN,UVN,UNIVISION COMMUNICATIONS INC,84001.0,2001-02-07,2007-03-28,1999.0,2001,2007.0,2018.0,False,closed,wrds_classroom_sp500_changes,
UW,"UW, WMI, USAS, WM",UW|WMI|USAS|WM,Waste Management,11955.0,1998-07-17,,2000.0,1998,,2017.0,False,open_unknown_after_source_cutoff,wrds_classroom_sp500_changes;wikipedia_current_sp500,current as of source; WRDS cutoff 2022-12-30; historical alias; current ticker match is WM; left date unknown after membership source cutoff
V,V,V,Visa Inc.,92611.0,2009-12-21,,2008.0,2009,,,True,current,wrds_classroom_sp500_changes;wikipedia_current_sp500,current as of source; WRDS cutoff 2022-12-30
VAL,"VAL, ESV",VAL|ESV,E N S C O ROWAN PLC; E N S C O PLC NEW; VALARIS PLC,93159.0,2012-07-31,2016-03-29,2021.0,2012,2016.0,,False,closed,wrds_classroom_sp500_changes,
VAR,VAR,VAR,VARIAN ASSOCIATES INC; VARIAN MEDICAL SYSTEMS INC; VARIAN ASSOCIATES; VARIAN ASSOC,27043.0,1966-10-06,1974-10-16,,1966,1974.0,,False,closed,wrds_classroom_sp500_changes,
VAR,VAR,VAR,VARIAN ASSOCIATES INC; VARIAN MEDICAL SYSTEMS INC; VARIAN ASSOCIATES; VARIAN ASSOC,27043.0,2007-02-12,2021-04-19,,2007,2021.0,,False,closed,wrds_classroom_sp500_changes,
VAT,"MSE, VAT",MSE|VAT,MASSEY FERGUSON LTD; VARITY CORP,34040.0,1966-05-19,1996-09-05,2009.0,1966,1996.0,2018.0,False,closed,wrds_classroom_sp500_changes,
VC,VC,VC,VIRGINIA CAROLINA CHEM CORP,15165.0,1957-03-01,1963-12-04,2010.0,1957,1963.0,,False,closed,wrds_classroom_sp500_changes,
VC,VC,VC,VISTEON CORP,88319.0,2000-06-29,2005-12-30,2010.0,2000,2005.0,,False,closed,wrds_classroom_sp500_changes,
VC,"VCOR, VC, VTR",VCOR|VC|VTR,Ventas,75819.0,2009-03-04,,2010.0,2009,,,False,open_unknown_after_source_cutoff,wrds_classroom_sp500_changes;wikipedia_current_sp500,current as of source; WRDS cutoff 2022-12-30; historical alias; current ticker match is VTR; left date unknown after membership source cutoff
VCA,VCA,VCA,VANADIUM CORP AMER,15149.0,1957-03-01,1960-12-14,,1957,1960.0,,False,closed,wrds_classroom_sp500_changes,
VCA,VCA,VCA,VANADIUM CORP AMER,15149.0,1963-03-14,1967-08-30,,1963,1967.0,,False,closed,wrds_classroom_sp500_changes,
VCOR,"VCOR, VC, VTR",VCOR|VC|VTR,Ventas,75819.0,2009-03-04,,2016.0,2009,,,False,open_unknown_after_source_cutoff,wrds_classroom_sp500_changes;wikipedia_current_sp500,current as of source; WRDS cutoff 2022-12-30; historical alias; current ticker match is VTR; left date unknown after membership source cutoff
VEEV,VEEV,VEEV,Veeva Systems,,2026-05-07,,2013.0,2026,,,True,current,wikipedia_selected_changes;wikipedia_current_sp500,S&P 500 constituent Devon Energy Corp. is acquiring Coterra Energy. [6][7]; current as of source; WRDS cutoff 2022-12-30
VEL,VEL,VEL,VIRGINIA ELECTRIC & POWER CO,23448.0,1957-03-01,1983-05-19,2020.0,1957,1983.0,,False,closed,wrds_classroom_sp500_changes,
VEN,VEN,VEN,VENDO CO; VENDO COMPANY,27238.0,1968-09-12,1975-12-10,,1968,1975.0,,False,closed,wrds_classroom_sp500_changes,
VFC,"VFC, VFM",VFC|VFM,VANITY FAIR MLS INC; V F CORP,43553.0,1979-05-03,2024-04-03,1980.0,1979,2024.0,,False,closed,wrds_classroom_sp500_changes,
VFM,"VFC, VFM",VFC|VFM,VANITY FAIR MLS INC; V F CORP,43553.0,1979-05-03,2024-04-03,,1979,2024.0,,False,closed,wrds_classroom_sp500_changes,
VHI,"VHI, LLC",VHI|LLC,LIBERTY LN CORP; VALHI INC NEW; LLC CORP,45225.0,1968-08-01,1972-09-20,1980.0,1968,1972.0,,False,closed,wrds_classroom_sp500_changes,
VIA,"VIA, PARA, VIAC, CBS",VIA|PARA|VIAC|CBS,VIACOM INC; C B S CORP NEW; VIACOMCBS INC; PARAMOUNT GLOBAL,76226.0,1994-09-30,,2025.0,1994,,,False,open_unknown_after_source_cutoff,wrds_classroom_sp500_changes,left date unknown after membership source cutoff
VIA,"VIA, VIAB",VIA|VIAB,VIACOM INC NEW,91063.0,2006-01-03,2019-12-04,2025.0,2006,2019.0,,False,closed,wrds_classroom_sp500_changes,
VIAB,"VIA, VIAB",VIA|VIAB,VIACOM INC NEW,91063.0,2006-01-03,2019-12-04,,2006,2019.0,,False,closed,wrds_classroom_sp500_changes,
VIAC,"VIA, PARA, VIAC, CBS",VIA|PARA|VIAC|CBS,VIACOM INC; C B S CORP NEW; VIACOMCBS INC; PARAMOUNT GLOBAL,76226.0,1994-09-30,,,1994,,,False,open_unknown_after_source_cutoff,wrds_classroom_sp500_changes,left date unknown after membership source cutoff
VIAV,"JDSU, VIAV, UNPH",JDSU|VIAV|UNPH,UNIPHASE CORP; VIAVI SOLUTIONS INC; J D S UNIPHASE CORP,79879.0,2000-07-27,2013-12-20,1993.0,2000,2013.0,,False,closed,wrds_classroom_sp500_changes,
VICI,VICI,VICI,Vici Properties,17307.0,2022-06-08,,2018.0,2022,,,True,current,wrds_classroom_sp500_changes;wikipedia_current_sp500,current as of source; WRDS cutoff 2022-12-30
VIS,"VIS, AVC",VIS|AVC,A V C CORP; AMERICAN VISCOSE CORP,21549.0,1957-03-01,1963-09-04,2004.0,1957,1963.0,,False,closed,wrds_classroom_sp500_changes,
VLO,VLO,VLO,Valero Energy,85269.0,2002-12-20,,1982.0,2002,,,True,current,wrds_classroom_sp500_changes;wikipedia_current_sp500,current as of source; WRDS cutoff 2022-12-30
VLTO,VLTO,VLTO,Veralto,,2023-10-02,,2023.0,2023,,,True,current,wikipedia_selected_changes;wikipedia_current_sp500,S&P 500 and S&P 100 constituent Danaher Corporation spun off Veralto.[34]; current as of source; WRDS cutoff 2022-12-30
VMC,VMC,VMC,Vulcan Materials Company,15202.0,1999-06-30,,1973.0,1999,,,True,current,wrds_classroom_sp500_changes;wikipedia_current_sp500,current as of source; WRDS cutoff 2022-12-30
VNAT,"SOVN, SOV, VNAT",SOVN|SOV|VNAT,VIRGINIA NATIONAL BANKSHARES INC; SOVRAN FINANCIAL CORP,71889.0,1988-12-08,1990-08-31,,1988,1990.0,,False,closed,wrds_classroom_sp500_changes,
VNO,VNO,VNO,VORNADO INC; VORNADO REALTY TRUST,28388.0,2005-08-12,2023-01-05,1980.0,2005,2023.0,,False,closed,wrds_classroom_sp500_changes,
VNT,VNT,VNT,VONTIER CORP,19807.0,2020-10-09,2021-03-19,2020.0,2020,2021.0,,False,closed,wrds_classroom_sp500_changes,
VO,"VO, DCS",VO|DCS,DISTILLERS CORP SEAGRAMS LTD; SEAGRAM LTD,19916.0,1957-03-01,2000-12-08,2004.0,1957,2000.0,,False,closed,wrds_classroom_sp500_changes,
VON,"VON, ASU",VON|ASU,A C F BRILL MOTORS CO; VONS COMPANIES INC; A C F WRIGLEY STORES INC; ALLIED SUPERMARKETS INC,22074.0,1957-03-01,1965-06-16,2013.0,1957,1965.0,2017.0,False,closed,wrds_classroom_sp500_changes,
VRDX,"RATL, VRDX",RATL|VRDX,RATIONAL SOFTWARE CORP; VERDIX CORP,80515.0,2002-02-01,2003-02-21,,2002,2003.0,,False,closed,wrds_classroom_sp500_changes,
VRSK,VRSK,VRSK,Verisk Analytics,93089.0,2015-10-08,,2009.0,2015,,,True,current,wrds_classroom_sp500_changes;wikipedia_current_sp500,current as of source; WRDS cutoff 2022-12-30
VRSN,VRSN,VRSN,Verisign,85753.0,2006-02-01,,1998.0,2006,,,True,current,wrds_classroom_sp500_changes;wikipedia_current_sp500,current as of source; WRDS cutoff 2022-12-30
VRT,VRT,VRT,VAN RAALTE CO,15157.0,1957-03-01,1968-08-06,2018.0,1957,1968.0,,False,closed,wrds_classroom_sp500_changes,
VRT,VRT,VRT,Vertiv,,2026-03-23,,2018.0,2026,,,True,current,wikipedia_selected_changes;wikipedia_current_sp500,Market capitalization change.[9]; current as of source; WRDS cutoff 2022-12-30
VRTS,VRTS,VRTS,VERITAS SOFTWARE CORP,80055.0,2000-04-03,2005-07-01,2009.0,2000,2005.0,,False,closed,wrds_classroom_sp500_changes,
VRTX,VRTX,VRTX,Vertex Pharmaceuticals,76744.0,2013-09-23,,1991.0,2013,,,True,current,wrds_classroom_sp500_changes;wikipedia_current_sp500,current as of source; WRDS cutoff 2022-12-30
VSM,VSM,VSM,VERSUM MATERIALS INC,16279.0,2016-10-03,2016-10-03,,2016,2016.0,,False,closed,wrds_classroom_sp500_changes,
VST,VST,VST,Vistra Corp.,,2024-05-08,,2016.0,2024,,,True,current,wikipedia_selected_changes;wikipedia_current_sp500,S&P 500 and S&P 100 constituent ExxonMobil acquired Pioneer Natural Resources.[29]; current as of source; WRDS cutoff 2022-12-30
VTR,"VCOR, VC, VTR",VCOR|VC|VTR,Ventas,75819.0,2009-03-04,,1997.0,2009,,,True,current,wrds_classroom_sp500_changes;wikipedia_current_sp500,current as of source; WRDS cutoff 2022-12-30
VTRS,VTRS,VTRS,Viatris,20057.0,2004-04-23,,1980.0,2004,,,True,current,wrds_classroom_sp500_changes;wikipedia_current_sp500,current as of source; WRDS cutoff 2022-12-30
VTSS,VTSS,VTSS,VTIESSE SEMICONDUCTOR CORP; VITESSE SEMICONDUCTOR CORP,77173.0,2000-12-12,2002-08-20,,2000,2002.0,,False,closed,wrds_classroom_sp500_changes,
VVI,"G, DL, VVI",G|DL|VVI,GREYHOUND DIAL CORP; DIAL CORP DEL; DIAL CORP ARIZ; VIAD CORP; GREYHOUND CORP,19721.0,1989-08-24,1996-08-15,,1989,1996.0,,False,closed,wrds_classroom_sp500_changes,
VZ,"VZ, BEL",VZ|BEL,Verizon,65875.0,1983-11-30,,1983.0,1983,,,True,current,wrds_classroom_sp500_changes;wikipedia_current_sp500,current as of source; WRDS cutoff 2022-12-30
WAB,WAB,WAB,Wabtec,81677.0,2019-02-27,,1995.0,2019,,,True,current,wrds_classroom_sp500_changes;wikipedia_current_sp500,current as of source; WRDS cutoff 2022-12-30
WAG,"WBA, WAG",WBA|WAG,WALGREENS BOOTS ALLIANCE INC; WALGREEN CO,19502.0,1979-10-11,2025-08-28,,1979,2025.0,,False,closed,wrds_classroom_sp500_changes,
WAI,WAI,WAI,WESTERN ATLAS INC,80410.0,1994-03-18,1998-08-10,2023.0,1994,1998.0,,False,closed,wrds_classroom_sp500_changes,
WAMU,"COOP, WAMU, WM, WMIH",COOP|WAMU|WM|WMIH,WASHINGTON MUTUAL SAVINGS BANK; W M I HOLDINGS CORP; WASHINGTON MUTUAL INC; MR COOPER GROUP INC; W M I H CORP,81593.0,1997-07-02,2008-09-29,,1997,2008.0,,False,closed,wrds_classroom_sp500_changes,
WAN,WAN,WAN,WANG LABORATORIES INC,65816.0,1980-08-28,1992-08-19,,1980,1992.0,,False,closed,wrds_classroom_sp500_changes,
WAT,WAT,WAT,Waters Corporation,82651.0,2002-01-02,,1995.0,2002,,,True,current,wrds_classroom_sp500_changes;wikipedia_current_sp500,current as of source; WRDS cutoff 2022-12-30
WATS,"WPI, WATS, ACT, AGN",WPI|WATS|ACT|AGN,ALLERGAN PLC; ACTAVIS INC; ACTAVIS PLC; WATSON PHARMACEUTICALS INC,78916.0,1999-04-12,2020-05-11,,1999,2020.0,,False,closed,wrds_classroom_sp500_changes,
WB,WB,WB,WARNER BROS PICTURES INC,17048.0,1957-03-01,1967-07-12,2014.0,1957,1967.0,,False,closed,wrds_classroom_sp500_changes,
WB,"WB, CAMC, FUNC, FTU",WB|CAMC|FUNC|FTU,CAMERON FINANCIAL CORP; FIRST UNION CORP; WACHOVIA CORP 2ND NEW,36469.0,1989-02-09,2008-12-31,2014.0,1989,2008.0,,False,closed,wrds_classroom_sp500_changes,
WB,"FW, WB",FW|WB,WACHOVIA CORP; FIRST WACHOVIA CORP; WACHOVIA CORP NEW,50200.0,1993-10-01,2001-08-31,2014.0,1993,2001.0,,False,closed,wrds_classroom_sp500_changes,
WBA,"WBA, WAG",WBA|WAG,WALGREENS BOOTS ALLIANCE INC; WALGREEN CO,19502.0,1979-10-11,2025-08-28,,1979,2025.0,,False,closed,wrds_classroom_sp500_changes,
WBC,"I, WBC",I|WBC,WESTERN BANCORPORATION; FIRSTAMERICA CORP; FIRST INTERSTATE BANCORP,26550.0,1976-07-01,1996-03-29,,1976,1996.0,,False,closed,wrds_classroom_sp500_changes,
WBD,WBD,WBD,Warner Bros. Discovery,22976.0,2022-04-11,,2005.0,2022,,,True,current,wrds_classroom_sp500_changes;wikipedia_current_sp500,current as of source; WRDS cutoff 2022-12-30
WBL,"WBL, WELB",WBL|WELB,WELBILT CORP; DETROIT MICH STOVE CO,23288.0,1963-03-14,1964-07-15,,1963,1964.0,,False,closed,wrds_classroom_sp500_changes,
WBR,"WBR, WRC",WBR|WRC,WARNACO INC; WARNER BROS CO,38885.0,1974-05-09,1979-05-02,,1974,1979.0,,False,closed,wrds_classroom_sp500_changes,
WCG,WCG,WCG,WELLCARE HEALTH PLANS INC; WELLCARE GROUP INC,90272.0,2018-09-17,2020-01-27,,2018,2020.0,,False,closed,wrds_classroom_sp500_changes,
WCH,"HWR, WCH",HWR|WCH,WALKER HIRAM CONSUMERS HOME LTD; WALKER HIRAM RES LTD,61890.0,1980-04-10,1986-10-22,2014.0,1980,1986.0,2018.0,False,closed,wrds_classroom_sp500_changes,
WCI,"WCI, KSR, KNS",WCI|KSR|KNS,WARNER COMMUNICATIONS INC; KINNEY SERVICE CORP; KINNEY SERVICES INC; KINNEY NATIONAL SERVICE INC,38551.0,1975-10-16,1989-08-02,2013.0,1975,1989.0,2017.0,False,closed,wrds_classroom_sp500_changes,
WCOM,"LDDSA, ADCO, WCOM, LDDS",LDDSA|ADCO|WCOM|LDDS,WORLDCOM INC GA NEW; ADVANTAGE COS INC; L D D S COMMUNICATIONS INC GA; M C I WORLDCOM INC; L D D S COMMUNICATIONS INC; WORLDCOM INC GA,11042.0,1996-04-01,2002-05-14,,1996,2002.0,,False,closed,wrds_classroom_sp500_changes,
WCX,"WLB, WMOR, WCX",WLB|WMOR|WCX,WESTMORELAND COAL CO,59467.0,1976-10-21,1993-06-30,1996.0,1976,1993.0,2016.0,False,closed,wrds_classroom_sp500_changes,
WD,WD,WD,WARD BAKING CO; WARD FOODS INC,22429.0,1957-03-01,1973-05-30,2010.0,1957,1973.0,,False,closed,wrds_classroom_sp500_changes,
WDAY,WDAY,WDAY,"Workday, Inc.",,2024-12-23,,2012.0,2024,,,True,current,wikipedia_selected_changes;wikipedia_current_sp500,Market capitalization change.[23]; current as of source; WRDS cutoff 2022-12-30
WDC,"WDCL, WDC",WDCL|WDC,Western Digital,66384.0,2009-07-01,,1978.0,2009,,,True,current,wrds_classroom_sp500_changes;wikipedia_current_sp500,current as of source; WRDS cutoff 2022-12-30
WDCL,"WDCL, WDC",WDCL|WDC,Western Digital,66384.0,2009-07-01,,,2009,,,False,open_unknown_after_source_cutoff,wrds_classroom_sp500_changes;wikipedia_current_sp500,current as of source; WRDS cutoff 2022-12-30; historical alias; current ticker match is WDC; left date unknown after membership source cutoff
WEAR,"MUN, PWA, WEAR",MUN|PWA|WEAR,MUNSINGWEAR INC; PREMIUMWEAR INC,13290.0,1957-03-01,1979-05-02,2016.0,1957,1979.0,2018.0,False,closed,wrds_classroom_sp500_changes,
WEC,"WPC, WEC",WPC|WEC,WISCONSIN ELEC PWR CO; W E C ENERGY GROUP INC; WISCONSIN ENERGY CORP,23536.0,1958-02-19,1983-11-30,1980.0,1958,1983.0,,False,closed,wrds_classroom_sp500_changes,
WEC,"WPC, WEC",WPC|WEC,WEC Energy Group,23536.0,2008-10-31,,1980.0,2008,,,True,current,wrds_classroom_sp500_changes;wikipedia_current_sp500,current as of source; WRDS cutoff 2022-12-30
WELB,"WBL, WELB",WBL|WELB,WELBILT CORP; DETROIT MICH STOVE CO,23288.0,1963-03-14,1964-07-15,,1963,1964.0,,False,closed,wrds_classroom_sp500_changes,
WELL,WELL,WELL,Welltower,,2009-01-30,,1980.0,2009,,,True,current,wikipedia_current_sp500,
WELS,"JWTR, WELS, JWAT, JWP",JWTR|WELS|JWAT|JWP,JAMAICA WATER & UTILITIES INC; J W P INC; WELSBACH CORP NY; JAMAICA WATER PROPERTIES INC,46288.0,1990-09-20,1993-10-13,,1990,1993.0,,False,closed,wrds_classroom_sp500_changes,
WEN,"DWG, TRY, WEN",DWG|TRY|WEN,DEISEL WEMMER GILBERT CORP; D W G CORP; D W G CIGAR CORP; WENDYS ARBYS GROUP INC; WENDYS CO; TRIARC COMPANIES INC,19828.0,1957-03-01,1967-11-08,1980.0,1957,1967.0,,False,closed,wrds_classroom_sp500_changes,
WEN,"WNDY, WEN",WNDY|WEN,WENDYS INTERNATIONAL INC,63060.0,1982-03-04,2008-09-29,1980.0,1982,2008.0,,False,closed,wrds_classroom_sp500_changes,
WETT,WETT,WETT,WETTERAU FOODS INC; WETTERAU INC,82705.0,1989-04-06,1992-10-29,,1989,1992.0,,False,closed,wrds_classroom_sp500_changes,
WFC,"WFC, NOB",WFC|NOB,Wells Fargo,38703.0,1976-06-30,,1972.0,1976,,,True,current,wrds_classroom_sp500_changes;wikipedia_current_sp500,current as of source; WRDS cutoff 2022-12-30
WFC,WFC,WFC,WELLS FARGO & CO NEW,50024.0,1987-04-23,1998-11-02,1972.0,1987,1998.0,,False,closed,wrds_classroom_sp500_changes,
WFI,"WFI, EQU",WFI|EQU,WHEELABRATOR FRYE INC; EQUITY CORP,38041.0,1975-08-14,1983-02-02,,1975,1983.0,,False,closed,wrds_classroom_sp500_changes,
WFLT,"WFLT, BAY, BNET",WFLT|BAY|BNET,WELLFLEET COMMUNICATIONS INC; BAY NETWORKS INC,76754.0,1996-02-12,1998-08-28,,1996,1998.0,,False,closed,wrds_classroom_sp500_changes,
WFM,"WFM, WFMI",WFM|WFMI,WHOLE FOODS MARKET INC,77281.0,2006-01-03,2017-08-28,,2006,2017.0,,False,closed,wrds_classroom_sp500_changes,
WFMI,"WFM, WFMI",WFM|WFMI,WHOLE FOODS MARKET INC,77281.0,2006-01-03,2017-08-28,,2006,2017.0,,False,closed,wrds_classroom_sp500_changes,
WFR,"SUNE, WFR",SUNE|WFR,SUNEDISON INC; M E M C ELECTRONIC MATERIALS INC,81776.0,2007-05-31,2011-12-16,,2007,2011.0,,False,closed,wrds_classroom_sp500_changes,
WFRD,"WFT, WFRD, EVI, ENGY",WFT|WFRD|EVI|ENGY,ENERGY VENTURES INC; WEATHERFORD INTERNATIONAL PLC; WEATHERFORD INTL INC NEW; WEATHERFORD INTL LTD; E V I WEATHERFORD INC; WEATHERFORD INTL LTD NEW; E V I INC,32791.0,2005-07-22,2009-02-25,2021.0,2005,2009.0,,False,closed,wrds_classroom_sp500_changes,
WFT,"WFT, WFRD, EVI, ENGY",WFT|WFRD|EVI|ENGY,ENERGY VENTURES INC; WEATHERFORD INTERNATIONAL PLC; WEATHERFORD INTL INC NEW; WEATHERFORD INTL LTD; E V I WEATHERFORD INC; WEATHERFORD INTL LTD NEW; E V I INC,32791.0,2005-07-22,2009-02-25,,2005,2009.0,,False,closed,wrds_classroom_sp500_changes,
WGL,WGL,WGL,WASHINGTON GAS LT CO; W G L HOLDINGS INC,21231.0,1957-03-01,1976-06-30,1972.0,1957,1976.0,2018.0,False,closed,wrds_classroom_sp500_changes,
WH,WH,WH,WHITE MOTOR CO; WHITE MOTOR CORP,19334.0,1957-03-01,1980-10-01,2018.0,1957,1980.0,,False,closed,wrds_classroom_sp500_changes,
WH,"PAS, WH, IL, ICX",PAS|WH|IL|ICX,WHITMAN CORP; PEPSIAMERICAS INC NEW; ILLINOIS CENT INDUSTRIES INC; WHITMAN CORP NEW; I C INDUSTRIES INC,38973.0,1963-03-25,1998-01-29,2018.0,1963,1998.0,,False,closed,wrds_classroom_sp500_changes,
WHR,WHR,WHR,WHIRLPOOL SEEGER CORP; WHIRLPOOL CORP,25419.0,1959-04-01,2024-03-18,1973.0,1959,2024.0,,False,closed,wrds_classroom_sp500_changes,
WHX,WHX,WHX,WHEELING PITTSBURGH STL CORP; WHEELING PITTSBURGH CORP; WHEELING STL CORP,19238.0,1957-03-01,1985-04-17,,1957,1985.0,,False,closed,wrds_classroom_sp500_changes,
WIL,WIL,WIL,WILSON & CO INC,15448.0,1957-03-01,1967-05-17,2014.0,1957,1967.0,2023.0,False,closed,wrds_classroom_sp500_changes,
WIN,WIN,WIN,WINN & LOVETT GROCERY CO; WINN DIXIE STORES INC,24803.0,1957-03-01,2004-12-02,,1957,2004.0,,False,closed,wrds_classroom_sp500_changes,
WIN,WIN,WIN,WINDSTREAM CORP; WINDSTREAM HOLDINGS INC,91391.0,2006-07-18,2015-04-06,,2006,2015.0,,False,closed,wrds_classroom_sp500_changes,
WINEA,"STZ, CDB, CBRNA, WINEA, CDG",STZ|CDB|CBRNA|WINEA|CDG,Constellation Brands,69796.0,2005-07-01,,,2005,,,False,open_unknown_after_source_cutoff,wrds_classroom_sp500_changes;wikipedia_current_sp500,current as of source; WRDS cutoff 2022-12-30; historical alias; current ticker match is STZ; left date unknown after membership source cutoff
WK,WK,WK,WESTINGHOUSE AIR BRAKE CO,15341.0,1925-12-31,1968-06-11,2014.0,1925,1968.0,,False,closed,wrds_classroom_sp500_changes,
WKU,WKU,WKU,WAUKESHA MTR CO,19932.0,1957-03-01,1968-08-06,2011.0,1957,1968.0,2017.0,False,closed,wrds_classroom_sp500_changes,
WLA,WLA,WLA,WARNER LAMBERT PHARMACEUTICAL CO; WARNER HUDNUT INC; WARNER LAMBERT CO,24678.0,1957-03-01,2000-06-20,,1957,2000.0,,False,closed,wrds_classroom_sp500_changes,
WLB,"WLB, WMOR, WCX",WLB|WMOR|WCX,WESTMORELAND COAL CO,59467.0,1976-10-21,1993-06-30,,1976,1993.0,,False,closed,wrds_classroom_sp500_changes,
WLL,"WLL, WMTT",WLL|WMTT,WILLAMETTE INDUSTRIES INC,82959.0,1995-08-18,2002-02-08,,1995,2002.0,,False,closed,wrds_classroom_sp500_changes,
WLP,WLP,WLP,WELLPOINT HEALTH NETWRKS INC NEW,83583.0,1999-06-09,2004-11-30,,1999,2004.0,,False,closed,wrds_classroom_sp500_changes,
WLP,"ELV, ANTM, WLP, ATH",ELV|ANTM|WLP|ATH,Elevance Health,89179.0,2002-07-25,,,2002,,,False,open_unknown_after_source_cutoff,wrds_classroom_sp500_changes;wikipedia_current_sp500,current as of source; WRDS cutoff 2022-12-30; historical alias; current ticker match is ELV; left date unknown after membership source cutoff
WLTW,"WTW, WLTW, WSH",WTW|WLTW|WSH,Willis Towers Watson,89017.0,2016-01-05,,,2016,,,False,open_unknown_after_source_cutoff,wrds_classroom_sp500_changes;wikipedia_current_sp500,current as of source; WRDS cutoff 2022-12-30; historical alias; current ticker match is WTW; left date unknown after membership source cutoff
WM,"WMRY, WM",WMRY|WM,WESTERN MARYLAND RY CO,15317.0,1958-06-04,1966-12-14,1988.0,1958,1966.0,,False,closed,wrds_classroom_sp500_changes,
WM,"COOP, WAMU, WM, WMIH",COOP|WAMU|WM|WMIH,WASHINGTON MUTUAL SAVINGS BANK; W M I HOLDINGS CORP; WASHINGTON MUTUAL INC; MR COOPER GROUP INC; W M I H CORP,81593.0,1997-07-02,2008-09-29,1988.0,1997,2008.0,,False,closed,wrds_classroom_sp500_changes,
WM,"UW, WMI, USAS, WM",UW|WMI|USAS|WM,Waste Management,11955.0,1998-07-17,,1988.0,1998,,,True,current,wrds_classroom_sp500_changes;wikipedia_current_sp500,current as of source; WRDS cutoff 2022-12-30
WMB,WMB,WMB,Williams Companies,38156.0,1975-02-06,,1981.0,1975,,,True,current,wrds_classroom_sp500_changes;wikipedia_current_sp500,current as of source; WRDS cutoff 2022-12-30
WMI,"UW, WMI, USAS, WM",UW|WMI|USAS|WM,Waste Management,11955.0,1998-07-17,,2017.0,1998,,2018.0,False,open_unknown_after_source_cutoff,wrds_classroom_sp500_changes;wikipedia_current_sp500,current as of source; WRDS cutoff 2022-12-30; historical alias; current ticker match is WM; left date unknown after membership source cutoff
WMIH,"COOP, WAMU, WM, WMIH",COOP|WAMU|WM|WMIH,WASHINGTON MUTUAL SAVINGS BANK; W M I HOLDINGS CORP; WASHINGTON MUTUAL INC; MR COOPER GROUP INC; W M I H CORP,81593.0,1997-07-02,2008-09-29,,1997,2008.0,,False,closed,wrds_classroom_sp500_changes,
WMOR,"WLB, WMOR, WCX",WLB|WMOR|WCX,WESTMORELAND COAL CO,59467.0,1976-10-21,1993-06-30,,1976,1993.0,,False,closed,wrds_classroom_sp500_changes,
WMRY,"WMRY, WM",WMRY|WM,WESTERN MARYLAND RY CO,15317.0,1958-06-04,1966-12-14,,1958,1966.0,,False,closed,wrds_classroom_sp500_changes,
WMT,WMT,WMT,Walmart,55976.0,1982-08-19,,1972.0,1982,,,True,current,wrds_classroom_sp500_changes;wikipedia_current_sp500,current as of source; WRDS cutoff 2022-12-30
WMTT,"WLL, WMTT",WLL|WMTT,WILLAMETTE INDUSTRIES INC,82959.0,1995-08-18,2002-02-08,,1995,2002.0,,False,closed,wrds_classroom_sp500_changes,
WMX,WMX,WMX,W M X TECHNOLOGIES INC; WASTE MANAGEMENT INC NEW; WASTE MANAGEMENT INC,57381.0,1981-08-13,1998-07-16,2006.0,1981,1998.0,2017.0,False,closed,wrds_classroom_sp500_changes,
WNDY,"WNDY, WEN",WNDY|WEN,WENDYS INTERNATIONAL INC,63060.0,1982-03-04,2008-09-29,2021.0,1982,2008.0,2025.0,False,closed,wrds_classroom_sp500_changes,
WOR,"WOR, WTHG",WOR|WTHG,WORTHINGTON INDUSTRIES INC,83601.0,1988-07-14,2004-12-17,1980.0,1988,2004.0,,False,closed,wrds_classroom_sp500_changes,
WPC,"WPC, WEC",WPC|WEC,WISCONSIN ELEC PWR CO; W E C ENERGY GROUP INC; WISCONSIN ENERGY CORP,23536.0,1958-02-19,1983-11-30,1998.0,1958,1983.0,,False,closed,wrds_classroom_sp500_changes,
WPC,"WPC, WEC",WPC|WEC,WEC Energy Group,23536.0,2008-10-31,,1998.0,2008,,,False,open_unknown_after_source_cutoff,wrds_classroom_sp500_changes;wikipedia_current_sp500,current as of source; WRDS cutoff 2022-12-30; historical alias; current ticker match is WEC; left date unknown after membership source cutoff
WPH,"WPH, LNT, WPWR, WPL",WPH|LNT|WPWR|WPL,Alliant Energy,58819.0,2016-07-01,,2014.0,2016,,2018.0,False,open_unknown_after_source_cutoff,wrds_classroom_sp500_changes;wikipedia_current_sp500,current as of source; WRDS cutoff 2022-12-30; historical alias; current ticker match is LNT; left date unknown after membership source cutoff
WPI,"WPI, WRS",WPI|WRS,WESTERN PACIFIC RAILROAD CO; WESTERN PACIFIC INDS INC DE,22218.0,1958-06-04,1966-12-14,2000.0,1958,1966.0,2019.0,False,closed,wrds_classroom_sp500_changes,
WPI,"WPI, WRS",WPI|WRS,WESTERN PACIFIC RAILROAD CO; WESTERN PACIFIC INDS INC DE,22218.0,1968-02-01,1976-06-30,2000.0,1968,1976.0,2019.0,False,closed,wrds_classroom_sp500_changes,
WPI,"WPI, WATS, ACT, AGN",WPI|WATS|ACT|AGN,ALLERGAN PLC; ACTAVIS INC; ACTAVIS PLC; WATSON PHARMACEUTICALS INC,78916.0,1999-04-12,2020-05-11,2000.0,1999,2020.0,2019.0,False,closed,wrds_classroom_sp500_changes,
WPL,"WPH, LNT, WPWR, WPL",WPH|LNT|WPWR|WPL,Alliant Energy,58819.0,2016-07-01,,,2016,,,False,open_unknown_after_source_cutoff,wrds_classroom_sp500_changes;wikipedia_current_sp500,current as of source; WRDS cutoff 2022-12-30; historical alias; current ticker match is LNT; left date unknown after membership source cutoff
WPM,WPM,WPM,WEST POINT PEPPERELL INC,41427.0,1978-05-11,1989-04-05,2005.0,1978,1989.0,,False,closed,wrds_classroom_sp500_changes,
WPO,"WPO, GHC",WPO|GHC,WASHINGTON POST CO; GRAHAM HOLDINGS CO,53225.0,2007-12-31,2014-09-19,,2007,2014.0,,False,closed,wrds_classroom_sp500_changes,
WPS,"WPS, TEG",WPS|TEG,INTEGRYS ENERGY GROUP INC; WISCONSIN PUBLIC SERVICE CORP; W P S RESOURCES CORP,25099.0,2007-02-22,2015-06-30,2009.0,2007,2015.0,2024.0,False,closed,wrds_classroom_sp500_changes,
WPWR,"WPH, LNT, WPWR, WPL",WPH|LNT|WPWR|WPL,Alliant Energy,58819.0,2016-07-01,,,2016,,,False,open_unknown_after_source_cutoff,wrds_classroom_sp500_changes;wikipedia_current_sp500,current as of source; WRDS cutoff 2022-12-30; historical alias; current ticker match is LNT; left date unknown after membership source cutoff
WPX,WPX,WPX,W P X ENERGY INC,13141.0,2012-01-03,2014-03-21,,2012,2014.0,,False,closed,wrds_classroom_sp500_changes,
WR,"EVRG, WR, KAN",EVRG|WR|KAN,Evergy,24053.0,2018-06-05,,,2018,,,False,open_unknown_after_source_cutoff,wrds_classroom_sp500_changes;wikipedia_current_sp500,current as of source; WRDS cutoff 2022-12-30; historical alias; current ticker match is EVRG; left date unknown after membership source cutoff
WRB,"WRB, BER, BKLY",WRB|BER|BKLY,W. R. Berkley Corporation,17743.0,2019-12-05,,1973.0,2019,,,True,current,wrds_classroom_sp500_changes;wikipedia_current_sp500,current as of source; WRDS cutoff 2022-12-30
WRC,"WBR, WRC",WBR|WRC,WARNACO INC; WARNER BROS CO,38885.0,1974-05-09,1979-05-02,2003.0,1974,1979.0,2018.0,False,closed,wrds_classroom_sp500_changes,
WRD,"WRD, CC",WRD|CC,CIRCUIT CITY STORES INC; WARDS INC,47175.0,1989-05-11,2008-03-28,2024.0,1989,2008.0,,False,closed,wrds_classroom_sp500_changes,
WRS,"WPI, WRS",WPI|WRS,WESTERN PACIFIC RAILROAD CO; WESTERN PACIFIC INDS INC DE,22218.0,1958-06-04,1966-12-14,,1958,1966.0,,False,closed,wrds_classroom_sp500_changes,
WRS,"WPI, WRS",WPI|WRS,WESTERN PACIFIC RAILROAD CO; WESTERN PACIFIC INDS INC DE,22218.0,1968-02-01,1976-06-30,,1968,1976.0,,False,closed,wrds_classroom_sp500_changes,
WS,WS,WS,WARNER & SWASEY CO,39626.0,1964-02-27,1980-04-23,2023.0,1964,1980.0,,False,closed,wrds_classroom_sp500_changes,
WSH,"WTW, WLTW, WSH",WTW|WLTW|WSH,Willis Towers Watson,89017.0,2016-01-05,,,2016,,,False,open_unknown_after_source_cutoff,wrds_classroom_sp500_changes;wikipedia_current_sp500,current as of source; WRDS cutoff 2022-12-30; historical alias; current ticker match is WTW; left date unknown after membership source cutoff
WSM,WSM,WSM,"Williams-Sonoma, Inc.",,2025-03-24,,1983.0,2025,,,True,current,wikipedia_selected_changes;wikipedia_current_sp500,Market capitalization change.[22]; current as of source; WRDS cutoff 2022-12-30
WSN,"WSN, WSTN",WSN|WSTN,WESTERN COMPANY OF NORTH AMERICA,58085.0,1981-12-10,1988-02-10,,1981,1988.0,,False,closed,wrds_classroom_sp500_changes,
WST,"WSTC, WST",WSTC|WST,West Pharmaceutical Services,62498.0,2020-05-22,,1980.0,2020,,,True,current,wrds_classroom_sp500_changes;wikipedia_current_sp500,current as of source; WRDS cutoff 2022-12-30
WSTC,"WSTC, WST",WSTC|WST,West Pharmaceutical Services,62498.0,2020-05-22,,,2020,,,False,open_unknown_after_source_cutoff,wrds_classroom_sp500_changes;wikipedia_current_sp500,current as of source; WRDS cutoff 2022-12-30; historical alias; current ticker match is WST; left date unknown after membership source cutoff
WSTN,"WSN, WSTN",WSN|WSTN,WESTERN COMPANY OF NORTH AMERICA,58085.0,1981-12-10,1988-02-10,2025.0,1981,1988.0,,False,closed,wrds_classroom_sp500_changes,
WSW,WSW,WSW,WHITE SEWING MACHINE CORP; WHITE CONSOLIDATED INDS INC,16088.0,1982-01-14,1986-05-07,2023.0,1982,1986.0,,False,closed,wrds_classroom_sp500_changes,
WTH,WTH,WTH,WORTHINGTON CORP; WORTHINGTON PUMP & MACHY CO,15464.0,1957-03-01,1967-11-29,,1957,1967.0,,False,closed,wrds_classroom_sp500_changes,
WTHG,"WOR, WTHG",WOR|WTHG,WORTHINGTON INDUSTRIES INC,83601.0,1988-07-14,2004-12-17,,1988,2004.0,,False,closed,wrds_classroom_sp500_changes,
WTW,"WTW, WLTW, WSH",WTW|WLTW|WSH,Willis Towers Watson,89017.0,2016-01-05,,2001.0,2016,,,True,current,wrds_classroom_sp500_changes;wikipedia_current_sp500,current as of source; WRDS cutoff 2022-12-30
WU,WU,WU,WESTERN UNION CO,91461.0,2006-10-02,2021-12-17,2006.0,2006,2021.0,,False,closed,wrds_classroom_sp500_changes,
WW,WW,WW,WALWORTH COMPANY; WALWORTH CO,15237.0,1957-03-01,1972-01-19,2025.0,1957,1972.0,,False,closed,wrds_classroom_sp500_changes,
WWY,WWY,WWY,WRIGLEY WILLIAM JR CO; WRIGLEY CORP,15472.0,1957-03-01,2008-10-06,,1957,2008.0,,False,closed,wrds_classroom_sp500_changes,
WX,"WX, CBS",WX|CBS,C B S CORP; WESTINGHOUSE ELECTRIC CORP; WESTINGHOUSE ELECTRIC & MFG CO,15368.0,1950-07-03,2000-05-04,,1950,2000.0,,False,closed,wrds_classroom_sp500_changes,
WY,WY,WY,Weyerhaeuser,39917.0,1963-12-05,,1973.0,1963,,,True,current,wrds_classroom_sp500_changes;wikipedia_current_sp500,current as of source; WRDS cutoff 2022-12-30
WYE,"AHP, WYE, HPT",AHP|WYE|HPT,AMERICAN HOME PRODUCTS CORP; WYETH,15667.0,1957-03-01,2009-10-15,,1957,2009.0,,False,closed,wrds_classroom_sp500_changes,
WYN,"TNL, WYND, WYN",TNL|WYND|WYN,WYNDHAM WORLDWIDE CORP; WYNDHAM DESTINATIONS INC; TRAVEL & LEISURE CO,91392.0,2006-08-01,2018-05-30,,2006,2018.0,,False,closed,wrds_classroom_sp500_changes,
WYND,"TNL, WYND, WYN",TNL|WYND|WYN,WYNDHAM WORLDWIDE CORP; WYNDHAM DESTINATIONS INC; TRAVEL & LEISURE CO,91392.0,2006-08-01,2018-05-30,,2006,2018.0,,False,closed,wrds_classroom_sp500_changes,
WYNN,WYNN,WYNN,Wynn Resorts,89533.0,2008-11-14,,2002.0,2008,,,True,current,wrds_classroom_sp500_changes;wikipedia_current_sp500,current as of source; WRDS cutoff 2022-12-30
X,X,X,UNITED STATES STEEL CORP NEW; U S X US STEEL GROUP INC,76644.0,1991-05-07,2014-07-01,,1991,2014.0,,False,closed,wrds_classroom_sp500_changes,
XA,XA,XA,CRUCIBLE STL CO AMER,11527.0,1957-03-01,1968-09-10,,1957,1968.0,,False,closed,wrds_classroom_sp500_changes,
XEC,XEC,XEC,CIMAREX ENERGY CO,89509.0,2014-06-23,2020-03-02,,2014,2020.0,,False,closed,wrds_classroom_sp500_changes,
XEL,XEL,XEL,Xcel Energy,,1957-03-04,,1973.0,1957,,,True,current,wikipedia_current_sp500,
XL,"XL, XLO",XL|XLO,EX CELL O CORP,20909.0,1958-04-09,1986-10-01,,1958,1986.0,,False,closed,wrds_classroom_sp500_changes,
XL,XL,XL,X L GROUP PLC; E X E L LTD NEW; X L CAPITAL LTD; X L GROUP LTD,86314.0,2001-09-04,2018-09-14,,2001,2018.0,,False,closed,wrds_classroom_sp500_changes,
XLNX,XLNX,XLNX,XILINX INC,76201.0,1999-11-08,2022-02-14,,1999,2022.0,,False,closed,wrds_classroom_sp500_changes,
XLO,"XL, XLO",XL|XLO,EX CELL O CORP,20909.0,1958-04-09,1986-10-01,2021.0,1958,1986.0,,False,closed,wrds_classroom_sp500_changes,
XOM,XOM,XOM,ExxonMobil,,1957-03-04,,1962.0,1957,,,True,current,wikipedia_current_sp500,
XP,"ORX, XP",ORX|XP,SUN EXPLORATION & PRODUCTION CO; ORYX ENERGY CO,75423.0,1988-10-27,1999-02-26,2019.0,1988,1999.0,,False,closed,wrds_classroom_sp500_changes,
XRAY,XRAY,XRAY,GENDEX CORP; DENTSPLY SIRONA INC; DENTSPLY INTERNATIONAL INC NEW,11600.0,2008-11-14,2024-04-03,1987.0,2008,2024.0,,False,closed,wrds_classroom_sp500_changes,
XRX,XRX,XRX,XEROX HOLDINGS CORP; XEROX CORP,27983.0,1963-09-05,2021-03-19,1962.0,1963,2021.0,,False,closed,wrds_classroom_sp500_changes,
XTC,"XTC, HUM",XTC|HUM,EXTENDICARE INC; HUMANA INC,48653.0,1979-02-08,1993-03-05,1993.0,1979,1993.0,2020.0,False,closed,wrds_classroom_sp500_changes,
XTC,"XTC, HUM",XTC|HUM,Humana,48653.0,1995-12-01,,1993.0,1995,,2020.0,False,open_unknown_after_source_cutoff,wrds_classroom_sp500_changes;wikipedia_current_sp500,current as of source; WRDS cutoff 2022-12-30; historical alias; current ticker match is HUM; left date unknown after membership source cutoff
XTO,XTO,XTO,X T O ENERGY INC; CROSS TIMBERS OIL CO,79212.0,2004-12-29,2010-06-25,,2004,2010.0,,False,closed,wrds_classroom_sp500_changes,
XYL,XYL,XYL,Xylem Inc.,13035.0,2011-11-01,,2011.0,2011,,,True,current,wrds_classroom_sp500_changes;wikipedia_current_sp500,current as of source; WRDS cutoff 2022-12-30
XYZ,XYZ,XYZ,"Block, Inc.",,2025-07-23,,2015.0,2025,,,True,current,wikipedia_selected_changes;wikipedia_current_sp500,S&P 500 and S&P 100 constituent Chevron Corp. acquired Hess Corporation[18]; current as of source; WRDS cutoff 2022-12-30
YAT,YAT,YAT,YALE & TOWNE MFG CO,15480.0,1957-03-01,1963-10-30,,1957,1963.0,,False,closed,wrds_classroom_sp500_changes,
YB,YB,YB,YOUNGSTOWN SHEET & TUBE CO,15499.0,1957-03-01,1969-05-28,2025.0,1957,1969.0,,False,closed,wrds_classroom_sp500_changes,
YELL,"YRCW, YELL",YRCW|YELL,YELLOW FREIGHT SYSTEM INC DE; YELLOW FREIGHT SYSTEMS INC; YELLOW CORP NEW; Y R C WORLDWIDE INC; YELLOW ROADWAY CORP; YELLOW CORP,59483.0,1976-07-01,1996-10-31,,1976,1996.0,,False,closed,wrds_classroom_sp500_changes,
YHOO,YHOO,YHOO,YAHOO INC,83435.0,1999-12-08,2017-06-16,,1999,2017.0,,False,closed,wrds_classroom_sp500_changes,
YNR,YNR,YNR,YOUNG & RUBICAM INC,86041.0,2000-01-06,2000-10-02,,2000,2000.0,,False,closed,wrds_classroom_sp500_changes,
YRCW,"YRCW, YELL",YRCW|YELL,YELLOW FREIGHT SYSTEM INC DE; YELLOW FREIGHT SYSTEMS INC; YELLOW CORP NEW; Y R C WORLDWIDE INC; YELLOW ROADWAY CORP; YELLOW CORP,59483.0,1976-07-01,1996-10-31,,1976,1996.0,,False,closed,wrds_classroom_sp500_changes,
YUM,YUM,YUM,Yum! Brands,85348.0,1997-10-06,,1997.0,1997,,,True,current,wrds_classroom_sp500_changes;wikipedia_current_sp500,current as of source; WRDS cutoff 2022-12-30
YUMC,YUMC,YUMC,YUM CHINA HOLDINGS INC,16343.0,2016-11-01,2016-11-01,2016.0,2016,2016.0,,False,closed,wrds_classroom_sp500_changes,
Z,"Z, FL",Z|FL,FOOT LOCKER INC; VENATOR GROUP INC; WOOLWORTH CORP; WOOLWORTH F W CO,15456.0,1925-12-31,1998-12-31,2015.0,1925,1998.0,,False,closed,wrds_classroom_sp500_changes,
Z,"Z, FL",Z|FL,FOOT LOCKER INC; VENATOR GROUP INC; WOOLWORTH CORP; WOOLWORTH F W CO,15456.0,2016-04-04,2019-08-08,2015.0,2016,2019.0,,False,closed,wrds_classroom_sp500_changes,
ZA,ZA,ZA,AMERICAN ZINC LEAD & SMLT CO; AMERICAN ZINC CO,10436.0,1957-03-01,1971-06-23,,1957,1971.0,,False,closed,wrds_classroom_sp500_changes,
ZB,ZB,ZB,CROWN ZELLERBACH CORP,17128.0,1957-03-01,1986-05-07,,1957,1986.0,,False,closed,wrds_classroom_sp500_changes,
ZBH,"ZBH, ZMH",ZBH|ZMH,Zimmer Biomet,89070.0,2001-08-07,,2001.0,2001,,,True,current,wrds_classroom_sp500_changes;wikipedia_current_sp500,current as of source; WRDS cutoff 2022-12-30
ZBRA,ZBRA,ZBRA,Zebra Technologies,76795.0,2019-12-23,,1991.0,2019,,,True,current,wrds_classroom_sp500_changes;wikipedia_current_sp500,current as of source; WRDS cutoff 2022-12-30
ZE,ZE,ZE,ZENITH ELECTRONICS CORP; ZENITH RADIO CORP,18067.0,1957-03-01,1995-11-30,,1957,1995.0,,False,closed,wrds_classroom_sp500_changes,
ZION,ZION,ZION,ZIONS BANCORPORATION; ZIONS UTAH BANCORPORATION; ZIONS BANCORPORATION N A,84129.0,2001-06-25,2024-03-18,1980.0,2001,2024.0,,False,closed,wrds_classroom_sp500_changes,
ZMH,"ZBH, ZMH",ZBH|ZMH,Zimmer Biomet,89070.0,2001-08-07,,,2001,,,False,open_unknown_after_source_cutoff,wrds_classroom_sp500_changes;wikipedia_current_sp500,current as of source; WRDS cutoff 2022-12-30; historical alias; current ticker match is ZBH; left date unknown after membership source cutoff
ZRN,ZRN,ZRN,ZURN INDUSTRIES INC,45970.0,1982-03-11,1995-12-19,,1982,1995.0,,False,closed,wrds_classroom_sp500_changes,
ZTS,ZTS,ZTS,Zoetis,13788.0,2013-06-21,,2013.0,2013,,,True,current,wrds_classroom_sp500_changes;wikipedia_current_sp500,current as of source; WRDS cutoff 2022-12-30
ZY,"TJX, ZY",TJX|ZY,TJX Companies,40539.0,1985-09-26,,,1985,,,False,open_unknown_after_source_cutoff,wrds_classroom_sp500_changes;wikipedia_current_sp500,current as of source; WRDS cutoff 2022-12-30; historical alias; current ticker match is TJX; left date unknown after membership source cutoff
